kind,id,track,tech,title,source,license,status,suspicious
question,bq12,backend,MySQL,"MySQL 慢查询如何系统性排查？",https://dev.mysql.com/doc/refman/8.4/en/,proprietary,draft,
question,bq16,backend,MySQL,"为什么 MySQL 索引用 B+ 树而不是 B 树或哈希？",https://dev.mysql.com/doc/refman/8.4/en/,proprietary,draft,
question,bq2,backend,MySQL,"MySQL 为什么用 B+ 树作为索引结构？",https://dev.mysql.com/doc/refman/8.4/en/,proprietary,draft,
question,bq25,backend,MySQL,"MySQL 慢查询如何排查与优化？",https://dev.mysql.com/doc/refman/8.4/en/,proprietary,draft,
question,bq26,backend,数据库原理,"分库分表的设计与落地",https://dev.mysql.com/doc/refman/8.4/en/,proprietary,draft,
question,bq32,backend,数据库原理,"数据库事务的 ACID 是什么？",https://dev.mysql.com/doc/refman/8.4/en/,proprietary,draft,
question,bq35,backend,数据库原理,"什么是 N+1 查询问题？如何解决？",https://dev.mysql.com/doc/refman/8.4/en/,proprietary,draft,
question,bq4,backend,MySQL,"MySQL 事务隔离级别与 MVCC 实现原理",https://dev.mysql.com/doc/refman/8.4/en/,proprietary,draft,
question,bq40,backend,数据库原理,"数据库死锁的产生与排查",https://dev.mysql.com/doc/refman/8.4/en/,proprietary,draft,
question,bq42,backend,数据库原理,"B+ 树索引为什么适合数据库？与跳表/哈希索引对比。",https://dev.mysql.com/doc/refman/8.4/en/,proprietary,draft,
question,bq43,backend,数据库原理,"数据库 WAL（预写日志）的作用是什么？",https://dev.mysql.com/doc/refman/8.4/en/,proprietary,draft,
question,bq44,backend,数据库原理,"数据库分库分表（sharding）的路由与坑。",https://dev.mysql.com/doc/refman/8.4/en/,proprietary,draft,
question,bq46,backend,数据库原理,"数据库迁移（schema migration）的线上安全做法。",https://dev.mysql.com/doc/refman/8.4/en/,proprietary,draft,
question,bq50,backend,数据库原理,"数据库读写分离与复制延迟问题。",https://dev.mysql.com/doc/refman/8.4/en/,proprietary,draft,
question,bq53,backend,数据库原理,"数据库连接泄漏的常见原因与排查。",https://dev.mysql.com/doc/refman/8.4/en/,proprietary,draft,
question,bq58,backend,数据库原理,"数据库死锁的成因与预防。",https://dev.mysql.com/doc/refman/8.4/en/,proprietary,draft,
question,bq9,backend,MySQL,"MySQL 索引失效的常见场景有哪些？",https://dev.mysql.com/doc/refman/8.4/en/,proprietary,draft,
question,bs12,backend,数据库原理,"百万级数据如何做分页而不慢？",https://dev.mysql.com/doc/refman/8.4/en/,proprietary,draft,
question,bs14,backend,数据库原理,"如何做数据库读写分离与数据同步？",https://dev.mysql.com/doc/refman/8.4/en/,proprietary,draft,
question,iq-m5-be-1,backend,MySQL,"数据库联合索引的最左前缀原则是什么？举例说明何时会失效。",https://dev.mysql.com/doc/refman/8.4/en/,proprietary,draft,
question,rq-b-be-data-0-1,backend,数仓建模,"请解释数仓分层建模中 ODS、DWD、DWS、ADS 四层各自的核心职责与典型加工逻辑，并说明为什么不能省略 DWD 层",https://dev.mysql.com/doc/refman/8.4/en/,proprietary,draft,
question,rq-b-be-data-0-2,backend,数仓建模,"在维度建模中，请对比“星型模型”与“雪花模型”的优缺点，并说明在数仓实践中为什么通常优先选择星型模型。",https://dev.mysql.com/doc/refman/8.4/en/,proprietary,draft,
question,rq-b-be-data-0-3,backend,数仓建模,"请阐述事实表设计中“可加、半可加、不可加”度量的区别，并针对“库存快照事实表”给出具体的度量分类和设计思路。",https://dev.mysql.com/doc/refman/8.4/en/,proprietary,draft,
question,rq-b-be-data-1-6,backend,数仓建模,"请设计一个“指标平台”的核心数据模型（表结构），支持指标的定义、计算、发布与使用。请给出关键表及字段，并说明其设计意图。",https://dev.mysql.com/doc/refman/8.4/en/,proprietary,draft,
question,rq-b-be-data-3-1-r2,backend,调度与集成,"请简述 DataX、Canal、Flume 三种数据同步工具的核心定位与适用场景，并说明它们各自在“全量同步”和“增量同",https://dev.mysql.com/doc/refman/8.4/en/,proprietary,draft,YES
question,rq-b-be-data-3-2-r2,backend,调度与集成,"深入讲解 Canal 的工作原理：它是如何伪装成 MySQL slave 获取 binlog 的？binlog 的三种格",https://dev.mysql.com/doc/refman/8.4/en/,proprietary,draft,YES
question,rq-b-be-data-3-3-r2,backend,数仓建模,"请对比 DataX 与 Canal 在“全量+增量”同步方案中的优劣势，并设计一个 MySQL 数据同步到 Hive 数",https://dev.mysql.com/doc/refman/8.4/en/,proprietary,draft,
question,rq-b-be-data-4-1,backend,数仓建模,"请解释数据质量校验中“空值与主键校验”的具体含义，以及它在数仓/BI场景下的重要性。请结合一个实际业务表（如用户订单表）",https://dev.mysql.com/doc/refman/8.4/en/,proprietary,draft,
question,rq-b-be-data-4-2,backend,数仓建模,"请深入讲解“波动监控”的原理。在数仓中，如何对每日新增数据量或关键指标（如日活、GMV）进行波动告警？请设计一个通用的波",https://dev.mysql.com/doc/refman/8.4/en/,proprietary,draft,
question,rq-b-be-data-4-3,backend,数仓建模,"请对比“数据对账”与“数据稽核”的异同，并分别给出一个典型应用场景。在数仓中，你如何设计一个跨系统（如业务库与数仓）的数",https://dev.mysql.com/doc/refman/8.4/en/,proprietary,draft,
question,rq-b-be-data-4-4,backend,调度与集成,"请列举数据质量校验中至少4个“常见坑”，并针对每个坑给出具体的规避方案。请结合你在实际项目中的经验回答。",https://dev.mysql.com/doc/refman/8.4/en/,proprietary,draft,YES
question,rq-b-be-data-4-6,backend,数仓建模,"请给出一个“数据对账”的编码实战题：编写一个Python或SQL脚本，实现从MySQL业务库和Hive数仓分别读取订单汇",https://dev.mysql.com/doc/refman/8.4/en/,proprietary,draft,
question,rq-b-be-data-junior-1-1,backend,数仓建模,"请解释Hive中内部表与外部表的区别，并说明在实际数仓开发中如何选择？如果误删了外部表，数据会怎样？",https://dev.mysql.com/doc/refman/8.4/en/,proprietary,draft,
question,rq-b-be-data-junior-1-2,backend,Kafka,"Hive分区表与分桶表分别解决什么问题？它们的底层实现原理是什么？请写出一个既分区又分桶的建表语句，并说明插入数据的正确",https://dev.mysql.com/doc/refman/8.4/en/,proprietary,draft,YES
question,rq-b-be-data-junior-1-3,backend,Hive,"请列举Hive SQL开发中至少5个常见性能陷阱，并针对每个陷阱给出优化方案。重点说明数据倾斜的产生原因与典型解决手段。",https://dev.mysql.com/doc/refman/8.4/en/,proprietary,draft,YES
question,rq-b-be-data-junior-1-4,backend,Hive,"对比Hive中ORDER BY、SORT BY、DISTRIBUTE BY、CLUSTER BY的区别，并说明在什么场景",https://dev.mysql.com/doc/refman/8.4/en/,proprietary,draft,YES
question,rq-b-be-data-junior-1-5,backend,Hive,"请实现一个Hive UDF（Java）和一个UDAF（聚合函数），要求：UDF将手机号中间四位脱敏（如138****12",https://dev.mysql.com/doc/refman/8.4/en/,proprietary,draft,YES
question,rq-b-be-db-0-1,backend,MySQL,"请解释 MySQL 中 EXPLAIN 输出结果里 type 字段的常见取值及其含义，并说明它们在查询优化中的指导意义。",https://dev.mysql.com/doc/refman/8.4/en/,proprietary,draft,
question,rq-b-be-db-0-2,backend,数据库原理,"什么是索引选择性（Index Selectivity）？为什么说“选择性越高的列越适合建索引”？请举例说明如何计算和评估",https://dev.mysql.com/doc/refman/8.4/en/,proprietary,draft,
question,rq-b-be-db-0-3,backend,数据库原理,"什么是覆盖索引（Covering Index）？请写出一个利用覆盖索引避免回表的 SQL 示例，并说明 EXPLAIN ",https://dev.mysql.com/doc/refman/8.4/en/,proprietary,draft,
question,rq-b-be-db-0-4,backend,数据库原理,"请列举至少 4 种常见的索引失效场景，并说明为什么会导致失效，以及如何规避。",https://dev.mysql.com/doc/refman/8.4/en/,proprietary,draft,
question,rq-b-be-db-0-5,backend,MySQL,"请对比 B-Tree 索引与 Hash 索引的异同，并说明在什么场景下 Hash 索引更适合，以及 MySQL 中哪些存",https://dev.mysql.com/doc/refman/8.4/en/,proprietary,draft,
question,rq-b-be-db-0-6,backend,数据库原理,"请设计一个针对订单表（order）的索引方案，要求满足以下三个查询场景：① 按用户 ID 查最近订单并按时间倒序；② 按",https://dev.mysql.com/doc/refman/8.4/en/,proprietary,draft,
question,rq-b-be-db-0-7,backend,MySQL,"请解释 MySQL 优化器在什么情况下会“选错索引”，即明明有索引却走了全表扫描或选择了次优索引？请列举至少 3 种原因",https://dev.mysql.com/doc/refman/8.4/en/,proprietary,draft,
question,rq-b-be-db-1-1,backend,MySQL,"请解释MySQL主从复制的核心原理，并说明异步复制、半同步复制和全同步复制的区别及各自适用场景。",https://dev.mysql.com/doc/refman/8.4/en/,proprietary,draft,
question,rq-b-be-db-1-1-r2,backend,数据库原理,"请解释数据库备份中的“逻辑备份”和“物理备份”分别是什么？它们各自适用于什么场景？",https://dev.mysql.com/doc/refman/8.4/en/,proprietary,draft,
question,rq-b-be-db-1-1-r3,backend,MySQL,"请从存储引擎的角度，对比 InnoDB 的 B+ 树与 LSM Tree 在数据组织、读写路径和空间管理上的核心差异，并",https://dev.mysql.com/doc/refman/8.4/en/,proprietary,draft,
question,rq-b-be-db-1-2,backend,数据库原理,"主从延迟（Seconds_Behind_Master）产生的常见原因有哪些？请给出至少三种排查手段和对应的解决策略。",https://dev.mysql.com/doc/refman/8.4/en/,proprietary,draft,
question,rq-b-be-db-1-2-r2,backend,MySQL,"什么是增量备份？在MySQL中，如何基于binlog实现增量备份与恢复？请给出具体流程。",https://dev.mysql.com/doc/refman/8.4/en/,proprietary,draft,
question,rq-b-be-db-1-2-r3,backend,MySQL,"请深入解释 InnoDB 的 MVCC 实现机制，包括隐藏列、ReadView 的可见性判断规则，以及不同隔离级别下 M",https://dev.mysql.com/doc/refman/8.4/en/,proprietary,draft,
question,rq-b-be-db-1-3,backend,数据库原理,"主库突然宕机后，如何基于MHA或Orchestrator进行自动故障切换？请对比两者的架构差异与切换可靠性。",https://dev.mysql.com/doc/refman/8.4/en/,proprietary,draft,
question,rq-b-be-db-1-3-r2,backend,MySQL,"请对比mysqldump和XtraBackup在备份原理、性能、一致性保证上的差异，并说明各自适合的备份策略。",https://dev.mysql.com/doc/refman/8.4/en/,proprietary,draft,
question,rq-b-be-db-1-3-r3,backend,数据库原理,"LSM Tree 的 Compaction 策略有哪些（如 Size-Tiered、Leveled、Tiered+Lev",https://dev.mysql.com/doc/refman/8.4/en/,proprietary,draft,
question,rq-b-be-db-1-4-r2,backend,数据库原理,"一次误删数据（如DROP TABLE）后，你如何设计恢复方案？请列出具体步骤和注意事项。",https://dev.mysql.com/doc/refman/8.4/en/,proprietary,draft,
question,rq-b-be-db-1-4-r3,backend,MySQL,"在 InnoDB 中，为什么会出现“长事务导致 undo log 膨胀”的问题？请从 purge 机制、版本链长度和回滚",https://dev.mysql.com/doc/refman/8.4/en/,proprietary,draft,
question,rq-b-be-db-1-5,backend,数据库原理,"请解释RTO和RPO的概念，并说明在设计备份恢复方案时，如何根据业务需求设定这两个指标？",https://dev.mysql.com/doc/refman/8.4/en/,proprietary,draft,
question,rq-b-be-db-1-5-r2,backend,MySQL,"请对比 InnoDB 的聚簇索引与二级索引在存储结构上的差异，并说明“回表”和“索引覆盖”的代价模型。在什么情况下二级索",https://dev.mysql.com/doc/refman/8.4/en/,proprietary,draft,
question,rq-b-be-db-1-5-r3,backend,MySQL,"请对比MySQL半同步复制与MHA切换中的数据安全性。若要求RPO=0，你会如何设计主从高可用架构？",https://dev.mysql.com/doc/refman/8.4/en/,proprietary,draft,
question,rq-b-be-db-1-6,backend,MySQL,"MySQL主从复制中，若从库执行 `STOP SLAVE;` 后长时间未重启，期间主库写入大量数据，重新启动后如何保证数",https://dev.mysql.com/doc/refman/8.4/en/,proprietary,draft,
question,rq-b-be-db-1-6-r2,backend,MySQL,"在MySQL中，binlog的三种格式（STATEMENT、ROW、MIXED）有什么区别？对备份恢复有何影响？",https://dev.mysql.com/doc/refman/8.4/en/,proprietary,draft,
question,rq-b-be-db-1-7,backend,MySQL,"InnoDB 的“自适应哈希索引”（AHI）是什么？它在什么场景下会失效或产生负面影响？请从实现原理和监控调优角度说明。",https://dev.mysql.com/doc/refman/8.4/en/,proprietary,draft,
question,rq-b-be-db-1-7-r2,backend,MySQL,"请设计一个数据库备份恢复的自动化脚本框架（伪代码即可），要求包含全量备份、增量binlog归档、定期恢复演练。",https://dev.mysql.com/doc/refman/8.4/en/,proprietary,draft,
question,rq-b-be-db-2-1,backend,数据库原理,"请解释数据库权限管理中的“最小权限原则”，并说明它在实际数据库账号管理中的具体落地方式。",https://dev.mysql.com/doc/refman/8.4/en/,proprietary,draft,
question,rq-b-be-db-2-1-r2,backend,数据库原理,"请解释数据库容量规划的核心目标是什么？它与你所理解的“数据库优化”有什么本质区别？",https://dev.mysql.com/doc/refman/8.4/en/,proprietary,draft,
question,rq-b-be-db-2-2,backend,MySQL,"在MySQL中，如何对一个账号进行完整的审计追踪？请说明需要开启哪些配置、查询哪些系统表，并给出一个实际审计场景的排查步",https://dev.mysql.com/doc/refman/8.4/en/,proprietary,draft,
question,rq-b-be-db-2-3,backend,MySQL,"请对比MySQL中`GRANT`语句的`WITH GRANT OPTION`与直接授予`SUPER`权限的区别，并指出在",https://dev.mysql.com/doc/refman/8.4/en/,proprietary,draft,
question,rq-b-be-db-2-4,backend,MySQL,"请编写一个完整的MySQL账号管理方案（含SQL脚本），要求：创建应用读写账号、只读报表账号、DBA管理账号，并实现对敏",https://dev.mysql.com/doc/refman/8.4/en/,proprietary,draft,
question,rq-b-be-db-2-4-r2,backend,数据库原理,"在容量规划中，如何设计一套数据归档策略？请以订单表（月增500万条，保留3年）为例，给出具体的归档流程和SQL/脚本设计",https://dev.mysql.com/doc/refman/8.4/en/,proprietary,draft,
question,rq-b-be-db-2-5,backend,MySQL,"在MySQL中，`mysql.user`表中的`authentication_string`字段存储的是什么？如何安全地",https://dev.mysql.com/doc/refman/8.4/en/,proprietary,draft,
question,rq-b-be-db-3-1,backend,MySQL,"什么是数据库缓冲池（Buffer Pool）？它在数据库架构中扮演什么角色？为什么说缓冲池的大小是影响数据库性能的首要参",https://dev.mysql.com/doc/refman/8.4/en/,proprietary,draft,
question,rq-b-be-db-3-2,backend,MySQL,"请详细解释MySQL InnoDB的刷盘策略（Flush Strategy），包括redo log刷盘、脏页刷盘，以及`",https://dev.mysql.com/doc/refman/8.4/en/,proprietary,draft,
question,rq-b-be-db-3-3,backend,数据库原理,"在数据库连接数配置中，`max_connections`和`thread_cache_size`分别解决什么问题？为什么",https://dev.mysql.com/doc/refman/8.4/en/,proprietary,draft,
question,rq-b-be-db-3-4,backend,MySQL,"对比辨析：`innodb_flush_method`（O_DSYNC vs O_DIRECT）与`innodb_use_",https://dev.mysql.com/doc/refman/8.4/en/,proprietary,draft,
question,rq-b-be-db-3-5,backend,数据库原理,"场景题：某电商系统大促期间，数据库CPU使用率飙升但磁盘I/O很低，`show processlist`显示大量`Sen",https://dev.mysql.com/doc/refman/8.4/en/,proprietary,draft,
question,rq-b-be-db-3-6,backend,MySQL,"请解释`innodb_buffer_pool_instances`与`innodb_buffer_pool_chunk_",https://dev.mysql.com/doc/refman/8.4/en/,proprietary,draft,
question,rq-b-be-db-4-1,backend,MySQL,"请解释什么是慢查询治理与监控？在数据库运维中，它的核心目标是什么？请结合你熟悉的数据库（如 MySQL）说明慢查询的判定",https://dev.mysql.com/doc/refman/8.4/en/,proprietary,draft,
question,rq-b-be-db-4-2,backend,MySQL,"请深入剖析 MySQL 慢查询日志的采集原理与内部机制。慢日志是如何记录、落盘和刷新的？在高并发写入场景下，慢日志采集本",https://dev.mysql.com/doc/refman/8.4/en/,proprietary,draft,
question,rq-b-be-db-4-3,backend,MySQL,"请对比 MySQL 原生慢日志与基于性能监控工具（如 Percona Monitoring and Management",https://dev.mysql.com/doc/refman/8.4/en/,proprietary,draft,
question,rq-b-be-db-4-4,backend,数据库原理,"请解释什么是 TopSQL 分析？在实际工作中，你如何从海量慢查询日志中识别出“真正需要优化”的 TopSQL？请给出具",https://dev.mysql.com/doc/refman/8.4/en/,proprietary,draft,
question,rq-b-be-db-4-5,backend,数据库原理,"请列举并解释慢查询治理中常见的 5 个“易错点”或“坑”，并针对每个坑给出规避方案。例如：索引失效、隐式类型转换、深分页",https://dev.mysql.com/doc/refman/8.4/en/,proprietary,draft,
question,rq-b-be-db-junior-0-1,backend,数据库原理,"请解释窗口函数（Window Function）与普通聚合函数（如 GROUP BY + COUNT）在逻辑执行顺序和结",https://dev.mysql.com/doc/refman/8.4/en/,proprietary,draft,
question,rq-b-be-db-junior-0-2,backend,数据库原理,"请写出一个使用窗口函数实现“分组 Top N”的 SQL 查询，并对比使用自连接或相关子查询实现同一需求的性能与可读性差",https://dev.mysql.com/doc/refman/8.4/en/,proprietary,draft,
question,rq-b-be-db-junior-0-3,backend,数据库原理,"请辨析 `RANK()`、`DENSE_RANK()`、`ROW_NUMBER()` 三个窗口函数的区别，并说明在“薪资",https://dev.mysql.com/doc/refman/8.4/en/,proprietary,draft,
question,rq-b-be-db-junior-0-4,backend,MySQL,"请解释 SQL 中 `UNION` 与 `UNION ALL` 的区别，并说明在什么场景下必须使用 `UNION` 而不",https://dev.mysql.com/doc/refman/8.4/en/,proprietary,draft,
question,rq-b-be-db-junior-0-5,backend,数据库原理,"请写出一个同时使用多表 JOIN、子查询和窗口函数的综合 SQL，解决如下业务问题：“统计 2024 年每个产品类别的月",https://dev.mysql.com/doc/refman/8.4/en/,proprietary,draft,
question,rq-b-be-db-junior-3-5,backend,数据库原理,"数据库备份脚本中需要每天凌晨 2 点执行，你会如何用 systemd 定时器（timer）实现？请写出 unit 文件，",https://dev.mysql.com/doc/refman/8.4/en/,proprietary,draft,
question,rq-b-be-db-mid-2-4,backend,NoSQL,"MongoDB 中 `_id` 默认使用 ObjectId，它有什么结构特点？在分片集群中，如果使用单调递增的 `_id",https://dev.mysql.com/doc/refman/8.4/en/,proprietary,draft,
question,rq-b-be-db-senior-0-1,backend,数据库原理,"请解释什么是分库分表，以及它解决的核心问题是什么？在什么场景下你才会考虑引入分库分表，而不是优先使用读写分离或缓存？",https://dev.mysql.com/doc/refman/8.4/en/,proprietary,draft,
question,rq-b-be-db-senior-0-2,backend,数据库原理,"请详细说明分片键（Sharding Key）的设计原则。如果让你为一个电商订单表设计分片键，你会怎么选？为什么不能随便选",https://dev.mysql.com/doc/refman/8.4/en/,proprietary,draft,
question,rq-b-be-db-senior-0-4,backend,数据库原理,"跨分片查询（如全局聚合、排序、分页）是分库分表后的最大痛点。请以“订单列表按时间倒序分页查询”为例，说明你会如何设计，并",https://dev.mysql.com/doc/refman/8.4/en/,proprietary,draft,
question,rq-b-be-db-senior-3-1,backend,MySQL,"请解释什么是 Online DDL？在 MySQL 中，Online DDL 与普通 DDL 的本质区别是什么？它解决了",https://dev.mysql.com/doc/refman/8.4/en/,proprietary,draft,
question,rq-b-be-db-senior-3-2,backend,MySQL,"请从原理层面深入剖析 MySQL 8.0 中 `ALGORITHM=INPLACE` 的 DDL 是如何做到“不阻塞写入",https://dev.mysql.com/doc/refman/8.4/en/,proprietary,draft,
question,rq-b-be-db-senior-3-3,backend,MySQL,"请对比辨析：基于 `gh-ost`（GitHub 开源工具）和 MySQL 原生 Online DDL 两种方案，在不停",https://dev.mysql.com/doc/refman/8.4/en/,proprietary,draft,
question,rq-b-be-db-senior-3-5,backend,数据库原理,"在不停机变更中，回滚方案的设计至关重要。请列举至少三种常见的回滚策略，并分析各自的适用场景、优缺点，以及如何选择。",https://dev.mysql.com/doc/refman/8.4/en/,proprietary,draft,
question,rq-b-be-db-senior-3-6,backend,数据库原理,"请设计一个针对“大表（1TB+）加索引”的不停机变更方案，要求全程不锁表、不阻塞读写，并说明如何监控变更进度和评估风险。",https://dev.mysql.com/doc/refman/8.4/en/,proprietary,draft,
question,rq-b-be-game-4-6,backend,MySQL,"游戏服务端进行数据库数据迁移（如拆表、加索引、改字段类型）时，如何做到“不停服”或“最小化停服”？请给出详细方案。",https://dev.mysql.com/doc/refman/8.4/en/,proprietary,draft,
question,rq-b-be-micro-junior-1-3,backend,MySQL,"Docker 中数据卷（Volume）与绑定挂载（Bind Mount）有什么区别？在微服务架构中，如何为 MySQL ",https://dev.mysql.com/doc/refman/8.4/en/,proprietary,draft,
question,rq-b-be-test-2-3-r2,backend,MySQL,"在测试数据构造中，如何保证数据的“原子性”和“可追溯性”？请对比使用SQL脚本、API调用和工厂模式（如Factory ",https://dev.mysql.com/doc/refman/8.4/en/,proprietary,draft,
question,rq-b-be-test-2-4-r2,backend,MySQL,"请描述测试执行完毕后，数据清理的常见策略。如何避免清理操作误删生产数据或影响其他并行测试？",https://dev.mysql.com/doc/refman/8.4/en/,proprietary,draft,
question,rq-b-be-test-2-7,backend,MySQL,"在测试数据治理中，如何处理“敏感数据脱敏”？请给出至少两种脱敏方案，并说明其优缺点及实现要点。",https://dev.mysql.com/doc/refman/8.4/en/,proprietary,draft,
question,rq-b-be-test-senior-1-2,backend,MySQL,"在设计用例管理模块时，如何保证用例的版本控制、多人协作的并发一致性，以及用例与需求/缺陷的关联追溯？",https://dev.mysql.com/doc/refman/8.4/en/,proprietary,draft,
question,rq-b-be-web-0-1-r2,backend,MySQL,"请解释数据库事务的四大隔离级别（读未提交、读已提交、可重复读、串行化）分别解决什么问题？MySQL 默认使用哪一级？它如",https://dev.mysql.com/doc/refman/8.4/en/,proprietary,draft,
question,rq-b-be-web-0-2-r2,backend,MySQL,"什么是回表查询？联合索引 (a  b  c) 在哪些查询场景下能命中索引？请给出至少三种能命中、三种不能命中的 SQL ",https://dev.mysql.com/doc/refman/8.4/en/,proprietary,draft,
question,rq-b-be-web-0-3-r2,backend,MySQL,"请列举 InnoDB 中常见的锁类型，并说明死锁产生的必要条件。结合一个实际业务场景，描述如何定位并解决死锁问题。",https://dev.mysql.com/doc/refman/8.4/en/,proprietary,draft,
question,rq-b-be-web-0-4-r2,backend,MySQL,"线上 MySQL 出现大量慢查询，你会如何定位和优化？请给出完整的排查流程，并至少包含三种典型的慢 SQL 优化手段。",https://dev.mysql.com/doc/refman/8.4/en/,proprietary,draft,
question,rq-b-be-web-0-5-r2,backend,MySQL,"在 RR（可重复读）隔离级别下，有两个并发事务：事务 A 执行 `SELECT * FROM t WHERE id > ",https://dev.mysql.com/doc/refman/8.4/en/,proprietary,draft,
question,rq-b-be-web-0-6-r2,backend,MySQL,"请对比 InnoDB 与 MyISAM 在事务、锁和索引方面的核心差异。在什么场景下你会选择 MyISAM？为什么现在主",https://dev.mysql.com/doc/refman/8.4/en/,proprietary,draft,
question,rq-b-be-web-0-7-r2,backend,MySQL,"请设计一个订单系统的数据库表结构，要求：订单表与订单明细表，支持按用户 ID + 下单时间范围查询订单，并避免回表。请写",https://dev.mysql.com/doc/refman/8.4/en/,proprietary,draft,
question,rq-b-be-web-1-4-r2,backend,MySQL,"请谈谈“故障预案”的完整生命周期。假设你的核心交易链路依赖的数据库突然发生主从切换，作为高级工程师，你如何制定和执行故障",https://dev.mysql.com/doc/refman/8.4/en/,proprietary,draft,
question,rq-b-be-web-junior-4-1,backend,MySQL,"请解释 SQL 中 DELETE、TRUNCATE 和 DROP 三者的区别，并说明在什么场景下应该选择哪一个？",https://dev.mysql.com/doc/refman/8.4/en/,proprietary,draft,
question,rq-b-be-web-junior-4-2,backend,MySQL,"请说明 INNER JOIN、LEFT JOIN、RIGHT JOIN 和 FULL OUTER JOIN 的区别，并给",https://dev.mysql.com/doc/refman/8.4/en/,proprietary,draft,
question,rq-b-be-web-junior-4-3,backend,MySQL,"请解释 GROUP BY 与 HAVING 的作用，并说明 WHERE 和 HAVING 的执行顺序及性能差异。写出一个",https://dev.mysql.com/doc/refman/8.4/en/,proprietary,draft,
question,rq-b-be-web-junior-4-4,backend,MySQL,"什么是索引？请解释 B+ 树索引的底层结构，并说明为什么 MySQL InnoDB 选择 B+ 树而非哈希表或二叉树。",https://dev.mysql.com/doc/refman/8.4/en/,proprietary,draft,
question,rq-b-be-web-junior-4-5,backend,MySQL,"请解释什么是执行计划（EXPLAIN），并列举其中最重要的几个字段及其含义。如何根据执行计划判断一条 SQL 是否需要优",https://dev.mysql.com/doc/refman/8.4/en/,proprietary,draft,
question,rq-b-be-web-junior-4-6,backend,MySQL,"请对比 UNION 和 UNION ALL 的区别，并说明在什么场景下使用 JOIN 而不是子查询？写出一个用 UNIO",https://dev.mysql.com/doc/refman/8.4/en/,proprietary,draft,
question,rq-b-be-web-junior-4-7,backend,MySQL,"请写出一个 SQL 实现“分页查询”，并解释 LIMIT 与 OFFSET 的用法及深分页性能问题。给出优化方案。",https://dev.mysql.com/doc/refman/8.4/en/,proprietary,draft,
question,rq-b-be-web-mid-5-1,backend,MySQL,"请解释什么是 SQL 注入（SQL Injection）？它的根本原因是什么？请给出一个典型的 Java/MyBatis",https://dev.mysql.com/doc/refman/8.4/en/,proprietary,draft,
question,rq-b-be-web-senior-0-1,backend,MySQL,"请系统阐述高并发系统设计中“读写分离”的核心原理、适用场景与落地步骤，并说明它在实际生产中常见的坑有哪些？",https://dev.mysql.com/doc/refman/8.4/en/,proprietary,draft,
question,xq-b-100,backend,MySQL,"InnoDB 中记录锁、间隙锁、临键锁三者的区别是什么？请用区间表示法说明各自的锁定范围，并解释为什么说临键锁是"左开右",https://dev.mysql.com/doc/refman/8.4/en/,proprietary,draft,
question,xq-b-1006,backend,数据库原理,"表 `t` 有联合索引 `idx(a b c)`，执行 `SELECT * FROM t WHERE a=1 AND c",https://dev.mysql.com/doc/refman/8.4/en/,proprietary,draft,
question,xq-b-1007,backend,数据库原理,"表 t 有联合索引 idx(a b c)，请分析以下三条 SQL 的索引利用情况，并说明 key_len 的变化规律： ",https://dev.mysql.com/doc/refman/8.4/en/,proprietary,draft,
question,xq-b-101,backend,MySQL,"InnoDB 中记录锁（Record Lock）、间隙锁（Gap Lock）和临键锁（Next-Key Lock）有什么",https://dev.mysql.com/doc/refman/8.4/en/,proprietary,draft,
question,xq-b-1012,backend,MySQL,"覆盖索引是什么？它与普通二级索引有何区别？在什么场景下应该刻意设计覆盖索引？请给出一个具体的 SQL 优化案例。",https://dev.mysql.com/doc/refman/8.4/en/,proprietary,draft,
question,xq-b-102,backend,MySQL,"InnoDB 的意向锁（Intention Lock）存在的意义是什么？为什么加行 S 锁前必须先取表 IS 锁？",https://dev.mysql.com/doc/refman/8.4/en/,proprietary,draft,
question,xq-b-1049,backend,MySQL,"请列举至少五种 MySQL 索引失效的场景，并分别解释其底层原理。",https://dev.mysql.com/doc/refman/8.4/en/,proprietary,draft,
question,xq-b-1050,backend,MySQL,"请列举至少五种 MySQL 索引失效的场景，并解释每种场景背后的底层原理。",https://dev.mysql.com/doc/refman/8.4/en/,proprietary,draft,
question,xq-b-1055,backend,MySQL,"请完整描述 MySQL 的四种事务隔离级别，并说明它们分别可能引发哪些并发异常？InnoDB 默认使用哪一级别？",https://dev.mysql.com/doc/refman/8.4/en/,proprietary,draft,
question,xq-b-1075,backend,MySQL,"请完整阐述事务的 ACID 四大特性，并说明在 MySQL InnoDB 中分别由哪些机制来保证？这四者之间是否存在权衡",https://dev.mysql.com/doc/refman/8.4/en/,proprietary,draft,
question,xq-b-1094,backend,MySQL,"请对比 MySQL（关系型）与 MongoDB（文档型）在数据模型、事务能力、扩展方式三方面的核心差异，并说明各自最不适",https://dev.mysql.com/doc/refman/8.4/en/,proprietary,draft,
question,xq-b-1097,backend,数据库原理,"请对比 READ COMMITTED（RC）与 REPEATABLE READ（RR）两种隔离级别下 MVCC 快照的创",https://dev.mysql.com/doc/refman/8.4/en/,proprietary,draft,
question,xq-b-1098,backend,数据库原理,"请对比 REPEATABLE READ 和 SERIALIZABLE 的异同。什么场景下 SERIALIZABLE 是合",https://dev.mysql.com/doc/refman/8.4/en/,proprietary,draft,
question,xq-b-1133,backend,数据库原理,"请对比「参数化查询」「转义/过滤」「存储过程」「ORM 自动防护」四种 SQL 注入防御手段的可靠性，并说明各自的适用场",https://dev.mysql.com/doc/refman/8.4/en/,proprietary,draft,
question,xq-b-1137,backend,MySQL,"请对比关系型数据库（MySQL）与 NoSQL 四大家族（文档、宽列、图、键值）在数据模型、扩展方式、一致性、典型场景四",https://dev.mysql.com/doc/refman/8.4/en/,proprietary,draft,
question,xq-b-1177,backend,NoSQL,"请深入解释 Cassandra 的 LSM-Tree（Log-Structured Merge-Tree）写优化原理，并",https://dev.mysql.com/doc/refman/8.4/en/,proprietary,draft,
question,xq-b-1178,backend,MySQL,"请深入解释 InnoDB 的 MVCC 机制如何实现 REPEATABLE READ？ReadView 在其中扮演什么角",https://dev.mysql.com/doc/refman/8.4/en/,proprietary,draft,
question,xq-b-1186,backend,NoSQL,"请用 MongoDB 聚合管道写出"统计每个用户最近 30 天的订单总额，并按总额降序返回前 10 名"的查询，并说明每",https://dev.mysql.com/doc/refman/8.4/en/,proprietary,draft,
question,xq-b-1187,backend,NoSQL,"请用 MongoDB 聚合管道实现"统计每个用户最近 30 天的订单总额"，并对比在应用层循环查询的实现方式，说明两者的",https://dev.mysql.com/doc/refman/8.4/en/,proprietary,draft,
question,xq-b-1192,backend,数据库原理,"请用Cypher写出"查找张三的二度好友（朋友的朋友，排除张三自己和直接好友）"的查询，并解释如何防止查询爆栈或全图扫描",https://dev.mysql.com/doc/refman/8.4/en/,proprietary,draft,
question,xq-b-1199,backend,数据库原理,"请用一句话解释 MVCC 的核心思想，并说明它解决了并发场景下的什么核心矛盾？",https://dev.mysql.com/doc/refman/8.4/en/,proprietary,draft,
question,xq-b-1208,backend,MySQL,"请画出四种隔离级别与三种异常（脏读、不可重复读、幻读）的对应矩阵，并说明 InnoDB 默认隔离级别下每种异常是否可能发",https://dev.mysql.com/doc/refman/8.4/en/,proprietary,draft,
question,xq-b-1212,backend,数据库原理,"请解释 ACID 中的"隔离性（Isolation）"与"一致性（Consistency）"之间的关系，并说明隔离级别如",https://dev.mysql.com/doc/refman/8.4/en/,proprietary,draft,
question,xq-b-1224,backend,MySQL,"请解释 InnoDB 中聚簇索引与二级索引的本质区别，以及什么是回表查询？",https://dev.mysql.com/doc/refman/8.4/en/,proprietary,draft,
question,xq-b-1262,backend,数据库原理,"请解释"快照读"与"当前读"的区别，并分别列举对应的 SQL 语句。为什么 MVCC 无法完全替代锁机制？",https://dev.mysql.com/doc/refman/8.4/en/,proprietary,draft,
question,xq-b-1268,backend,数据库原理,"请解释「最小权限原则」在防御 SQL 注入中的具体落地方式。为什么说即使注入成功，最小权限也能显著降低危害？",https://dev.mysql.com/doc/refman/8.4/en/,proprietary,draft,
question,xq-b-1273,backend,MySQL,"请解释什么是"最左前缀原则"？为什么联合索引 `(a b c)` 等价于 `(a)`、`(a b)`、`(a b c)`",https://dev.mysql.com/doc/refman/8.4/en/,proprietary,draft,
question,xq-b-1274,backend,MySQL,"请解释什么是倒排索引？为什么它比 MySQL 的 LIKE '%词%' 查询快得多？请结合 ES 的底层实现说明。",https://dev.mysql.com/doc/refman/8.4/en/,proprietary,draft,
question,xq-b-1288,backend,数据库原理,"请解释最左前缀原则的底层原理。为什么联合索引 (a b c) 不能跳过 a 直接使用 b 进行索引查找？请从 B+ 树的",https://dev.mysql.com/doc/refman/8.4/en/,proprietary,draft,
question,xq-b-1294,backend,NoSQL,"请设计一个 Cassandra 表来存储"设备时序上报"数据，要求支持"查询某设备某天的全部上报点（按时间升序）"和"查",https://dev.mysql.com/doc/refman/8.4/en/,proprietary,draft,
question,xq-b-1312,backend,数据库原理,"请设计一个支持“游标分页 + 过滤 + 排序”的订单列表接口，要求深翻性能稳定且支持按状态过滤和按创建时间降序。请给出接",https://dev.mysql.com/doc/refman/8.4/en/,proprietary,draft,
question,xq-b-1322,backend,数据库原理,"请详细推导为什么主从复制（异步）下会读到旧值？从时间线角度说明“读己之写”问题为什么必须由会话级保证来解决，并给出至少两",https://dev.mysql.com/doc/refman/8.4/en/,proprietary,draft,
question,xq-b-1326,backend,MySQL,"请详细描述 InnoDB 中一行数据的三个隐藏字段分别是什么、作用是什么？为什么二级索引没有这些字段？",https://dev.mysql.com/doc/refman/8.4/en/,proprietary,draft,
question,xq-b-1327,backend,数据库原理,"请详细描述 READ COMMITTED 与 REPEATABLE READ 两种隔离级别下，MVCC 快照的建立时机有",https://dev.mysql.com/doc/refman/8.4/en/,proprietary,draft,
question,xq-b-1362,backend,数据库原理,"请详细说明参数化查询（Prepared Statement）在数据库端的执行流程，为什么它能有效防御 SQL 注入？请结",https://dev.mysql.com/doc/refman/8.4/en/,proprietary,draft,
question,xq-b-1374,backend,MySQL,"读写分离的核心原理是什么？为什么它能提升系统吞吐量？MySQL 官方文档中关于复制模型的核心要点有哪些？",https://dev.mysql.com/doc/refman/8.4/en/,proprietary,draft,
question,xq-b-1387,backend,数据库原理,"集成测试中如何保证测试数据隔离，避免相互污染？请对比"事务回滚"和"独立schema"两种方案。",https://dev.mysql.com/doc/refman/8.4/en/,proprietary,draft,
question,xq-b-1388,backend,数据库原理,"集成测试中如何保证测试数据隔离？对比"事务回滚"和"独立 schema"两种方案的优缺点。",https://dev.mysql.com/doc/refman/8.4/en/,proprietary,draft,
question,xq-b-1389,backend,数据库原理,"集成测试中如何验证数据库迁移脚本（Flyway/Liquibase）的正确性？请描述一个完整的验证流程。",https://dev.mysql.com/doc/refman/8.4/en/,proprietary,draft,
question,xq-b-164,backend,数据库原理,"MVCC 中删除操作是如何实现的？为什么删除不是立即物理移除？purge 线程的作用是什么？",https://dev.mysql.com/doc/refman/8.4/en/,proprietary,draft,
question,xq-b-174,backend,NoSQL,"MongoDB 单文档 16MB 限制的底层原因是什么？当业务数据超过该限制时，有哪些建模优化策略？",https://dev.mysql.com/doc/refman/8.4/en/,proprietary,draft,
question,xq-b-175,backend,NoSQL,"MongoDB 的 BSON 文档相比传统关系型数据库的行（Row）有什么本质区别？为什么说"一条记录就是一份完整 JS",https://dev.mysql.com/doc/refman/8.4/en/,proprietary,draft,
question,xq-b-176,backend,MySQL,"MongoDB 的聚合管道（Aggregation Pipeline）中的 `$lookup` 与 MySQL 的 JO",https://dev.mysql.com/doc/refman/8.4/en/,proprietary,draft,
question,xq-b-177,backend,MySQL,"MySQL InnoDB 的 REPEATABLE READ 与 READ COMMITTED 在实现机制上有哪些关键区",https://dev.mysql.com/doc/refman/8.4/en/,proprietary,draft,
question,xq-b-178,backend,MySQL,"MySQL 中字符集不一致（如 utf8mb4 与 latin1）导致索引失效的底层机制是什么？如何避免？请结合多表 J",https://dev.mysql.com/doc/refman/8.4/en/,proprietary,draft,
question,xq-b-179,backend,MySQL,"MySQL 优化器什么情况下会"主动放弃"使用索引而选择全表扫描？请从成本模型角度分析，并说明如何干预优化器的选择。",https://dev.mysql.com/doc/refman/8.4/en/,proprietary,draft,
question,xq-b-180,backend,MySQL,"MySQL 优化器在什么情况下会"主动放弃"索引而选择全表扫描？请从成本模型角度解释。",https://dev.mysql.com/doc/refman/8.4/en/,proprietary,draft,
question,xq-b-181,backend,MySQL,"MySQL 半同步复制（Semi-Synchronous Replication）是如何利用 Quorum 思想保证主从",https://dev.mysql.com/doc/refman/8.4/en/,proprietary,draft,
question,xq-b-182,backend,MySQL,"MySQL 的 B-Tree 索引对 LIKE 操作有哪些支持限制？为什么前导通配符会导致索引失效？在什么场景下 LIK",https://dev.mysql.com/doc/refman/8.4/en/,proprietary,draft,
question,xq-b-255,backend,数据库原理,"SQL 注入除了能拖库（读取数据），还能造成哪些更严重的后果？请举例说明攻击链。",https://dev.mysql.com/doc/refman/8.4/en/,proprietary,draft,
question,xq-b-266,backend,数据库原理,"Snowflake 生成的 ID 是趋势递增而非严格递增，这在数据库索引层面会带来什么问题？如何解决？",https://dev.mysql.com/doc/refman/8.4/en/,proprietary,draft,
question,xq-b-393,backend,数据库原理,"`OR` 连接多个条件时，什么情况下会导致索引失效？如何改写为 `UNION` 或 `IN` 来优化？",https://dev.mysql.com/doc/refman/8.4/en/,proprietary,draft,
question,xq-b-394,backend,数据库原理,"`O_DIRECT` 是什么？它绕过 page cache 后为什么可能更慢？使用它有哪些硬性要求？",https://dev.mysql.com/doc/refman/8.4/en/,proprietary,draft,
question,xq-b-396,backend,数据库原理,"`WHERE YEAR(dt)=2026` 与 `WHERE dt >= '2026-01-01' AND dt < '",https://dev.mysql.com/doc/refman/8.4/en/,proprietary,draft,
question,xq-b-397,backend,数据库原理,"`WHERE name LIKE '%张%'` 和 `WHERE name LIKE '张%'` 在索引使用上有何本质区",https://dev.mysql.com/doc/refman/8.4/en/,proprietary,draft,
question,xq-b-434,backend,数据库原理,"offset 分页在并发写入场景下为什么会出现数据重复或遗漏？游标分页如何避免这个问题？",https://dev.mysql.com/doc/refman/8.4/en/,proprietary,draft,
question,xq-b-460,backend,MySQL,"一张表有多个索引时，MySQL 优化器如何选择索引？"最有选择性"具体指什么？请举例说明。",https://dev.mysql.com/doc/refman/8.4/en/,proprietary,draft,
question,xq-b-461,backend,MySQL,"一条 `UPDATE` 语句在 InnoDB 中到底锁了多少行？为什么说"UPDATE 的 WHERE 条件必须有索引"",https://dev.mysql.com/doc/refman/8.4/en/,proprietary,draft,
question,xq-b-478,backend,MySQL,"为什么 InnoDB 需要意向锁（Intention Lock）？它解决了什么问题？请结合多粒度锁定协议说明其必要性。",https://dev.mysql.com/doc/refman/8.4/en/,proprietary,draft,
question,xq-b-485,backend,MySQL,"为什么 MySQL InnoDB 索引底层使用 B+ 树而不是 B 树或哈希索引？请从磁盘 IO、范围查询、排序三个角度",https://dev.mysql.com/doc/refman/8.4/en/,proprietary,draft,
question,xq-b-494,backend,MySQL,"为什么 `WHERE phone = 13800000000`（phone 为 VARCHAR 类型）会导致索引失效？M",https://dev.mysql.com/doc/refman/8.4/en/,proprietary,draft,
question,xq-b-505,backend,MySQL,"为什么InnoDB表必须要有主键？如果没有显式主键会发生什么？",https://dev.mysql.com/doc/refman/8.4/en/,proprietary,draft,
question,xq-b-506,backend,MySQL,"为什么MySQL InnoDB索引底层使用B+树而不是B树、哈希表或跳表？",https://dev.mysql.com/doc/refman/8.4/en/,proprietary,draft,
question,xq-b-510,backend,数据库原理,"为什么主键使用UUID会导致性能问题？自增主键和雪花ID各有什么优劣？",https://dev.mysql.com/doc/refman/8.4/en/,proprietary,draft,
question,xq-b-521,backend,数据库原理,"为什么密码存储不能用「加密」而必须用「加盐哈希」？请从攻击模型的角度解释两者的本质区别。",https://dev.mysql.com/doc/refman/8.4/en/,proprietary,draft,
question,xq-b-54,backend,Elasticsearch,"Elasticsearch 的 bool 查询中 must、should、filter、must_not 有什么区别？为",https://dev.mysql.com/doc/refman/8.4/en/,proprietary,draft,YES
question,xq-b-541,backend,数据库原理,"为什么说"索引不是万能的"？在什么场景下全表扫描反而比走索引更快？",https://dev.mysql.com/doc/refman/8.4/en/,proprietary,draft,
question,xq-b-542,backend,数据库原理,"为什么说"索引不是万能的"？请给出不该走索引的典型场景。",https://dev.mysql.com/doc/refman/8.4/en/,proprietary,draft,
question,xq-b-548,backend,数据库原理,"为什么长事务会导致 undo log 膨胀和 purge 滞后？从 MVCC 原理角度分析，并给出至少两个实际应对方案。",https://dev.mysql.com/doc/refman/8.4/en/,proprietary,draft,
question,xq-b-549,backend,数据库原理,"为什么长事务会导致 undo log 膨胀和数据库性能下降？请从 MVCC 版本链与 purge 机制的角度分析，并给出",https://dev.mysql.com/doc/refman/8.4/en/,proprietary,draft,
question,xq-b-550,backend,数据库原理,"主从复制延迟导致"刚写就读不到"怎么解决？请给出至少三种方案并分析各自适用场景。",https://dev.mysql.com/doc/refman/8.4/en/,proprietary,draft,
question,xq-b-557,backend,数据库原理,"什么是 GraphQL 的 N+1 查询问题？为什么说 DataLoader 是标准解法？请用代码演示 DataLoad",https://dev.mysql.com/doc/refman/8.4/en/,proprietary,draft,
question,xq-b-569,backend,数据库原理,"什么是 SQL 注入？请从「代码与数据分离」的本质角度解释其根本原因，并说明为什么参数化查询能根治此问题。",https://dev.mysql.com/doc/refman/8.4/en/,proprietary,draft,
question,xq-b-598,backend,MySQL,"什么是属性图模型？它与关系模型在"关系"的表示上有何本质区别？请用Neo4j和MySQL的建表/建图语句对比说明。",https://dev.mysql.com/doc/refman/8.4/en/,proprietary,draft,
question,xq-b-603,backend,数据库原理,"什么是插入意向锁（Insert Intention Lock）？它与普通间隙锁有何区别？为什么说它能提升插入并发度？",https://dev.mysql.com/doc/refman/8.4/en/,proprietary,draft,
question,xq-b-605,backend,数据库原理,"什么是数据库迁移测试？Flyway/Liquibase 如何与集成测试结合，确保 schema 变更正确？",https://dev.mysql.com/doc/refman/8.4/en/,proprietary,draft,
question,xq-b-618,backend,MySQL,"什么是聚簇索引与二级索引？它们之间有何区别？什么是回表查询？",https://dev.mysql.com/doc/refman/8.4/en/,proprietary,draft,
question,xq-b-622,backend,数据库原理,"什么是覆盖索引？如何判断一条 SQL 是否使用了覆盖索引？请用 EXPLAIN 举例说明。",https://dev.mysql.com/doc/refman/8.4/en/,proprietary,draft,
question,xq-b-623,backend,MySQL,"什么是覆盖索引？如何判断一条查询是否使用了覆盖索引？为什么"SELECT *"通常比"SELECT 索引列"慢？",https://dev.mysql.com/doc/refman/8.4/en/,proprietary,draft,
question,xq-b-624,backend,MySQL,"什么是覆盖索引？它与普通索引在查询性能上有何本质区别？请用具体 SQL 说明，并分析覆盖索引的优缺点。",https://dev.mysql.com/doc/refman/8.4/en/,proprietary,draft,
question,xq-b-628,backend,数据库原理,"什么是集成测试？它与单元测试的核心区别是什么？为什么说"单测过了、一接真库就炸"是高频事故源？",https://dev.mysql.com/doc/refman/8.4/en/,proprietary,draft,
question,xq-b-634,backend,数据库原理,"优化器在多个索引之间如何选择？为什么"最有选择性"的索引不一定最快？",https://dev.mysql.com/doc/refman/8.4/en/,proprietary,draft,
question,xq-b-657,backend,数据库原理,"假设在 REPEATABLE READ 级别下，事务 A 先执行 `SELECT * FROM t WHERE id=1",https://dev.mysql.com/doc/refman/8.4/en/,proprietary,draft,
question,xq-b-659,backend,数据库原理,"关联查询中，为什么要求两表关联列的**类型与长度一致**？字符集不同（如 utf8mb4 vs latin1）为什么会导",https://dev.mysql.com/doc/refman/8.4/en/,proprietary,draft,
question,xq-b-669,backend,数据库原理,"分库分表有哪两种拆分方式？各自解决什么问题？请结合订单表场景说明如何选择。",https://dev.mysql.com/doc/refman/8.4/en/,proprietary,draft,
question,xq-b-670,backend,数据库原理,"分片键（Sharding Key）如何选择？为什么说"分片键是命门"？选错会带来哪些灾难性后果？",https://dev.mysql.com/doc/refman/8.4/en/,proprietary,draft,
question,xq-b-671,backend,数据库原理,"分片键（Sharding Key）的选择是分库分表设计的核心。请列举选择分片键时的关键考量，并说明为什么低基数分片键（如",https://dev.mysql.com/doc/refman/8.4/en/,proprietary,draft,
question,xq-b-672,backend,数据库原理,"分片键（Sharding Key）选择不当会引发哪些问题？请列举至少三种典型错误选法，并说明每种错误会导致什么后果，以及",https://dev.mysql.com/doc/refman/8.4/en/,proprietary,draft,
question,xq-b-673,backend,数据库原理,"列表接口中，如果用户同时传了过滤条件、排序字段和分页参数，服务端如何优雅地构建查询？请用伪代码或 SQL 片段说明，并指",https://dev.mysql.com/doc/refman/8.4/en/,proprietary,draft,
question,xq-b-674,backend,数据库原理,"列表接口的过滤、排序参数如何设计才能既灵活又安全？有哪些常见坑？",https://dev.mysql.com/doc/refman/8.4/en/,proprietary,draft,
question,xq-b-675,backend,数据库原理,"列表接口的过滤和排序设计有哪些常见坑？如何设计一套既能满足业务需求又不会拖垮数据库的过滤/排序方案？",https://dev.mysql.com/doc/refman/8.4/en/,proprietary,draft,
question,xq-b-695,backend,NoSQL,"图数据库的核心优势是什么？为什么在"多跳关系查询"场景下它比关系型数据库快几个数量级？请从数据模型和查询执行机制两个层面",https://dev.mysql.com/doc/refman/8.4/en/,proprietary,draft,
question,xq-b-712,backend,MySQL,"在 InnoDB 中，主键选择自增 BIGINT 与 UUID 对写入性能有何影响？为什么随机主键会导致页分裂？",https://dev.mysql.com/doc/refman/8.4/en/,proprietary,draft,
question,xq-b-726,backend,数据库原理,"在 REPEATABLE READ 下执行以下操作：会话A先 `SELECT COUNT(*) FROM t WHERE",https://dev.mysql.com/doc/refman/8.4/en/,proprietary,draft,
question,xq-b-727,backend,MySQL,"在 REPEATABLE READ 级别下，MySQL 如何防止幻读？next-key 锁的具体加锁规则是什么？",https://dev.mysql.com/doc/refman/8.4/en/,proprietary,draft,
question,xq-b-728,backend,数据库原理,"在 REPEATABLE READ 隔离级别下，为什么普通 SELECT 不会出现幻读，而当前读（如 SELECT ..",https://dev.mysql.com/doc/refman/8.4/en/,proprietary,draft,
question,xq-b-729,backend,数据库原理,"在 REPEATABLE READ 隔离级别下，为什么普通 SELECT 无法防止幻读，而 SELECT ... FOR",https://dev.mysql.com/doc/refman/8.4/en/,proprietary,draft,
question,xq-b-730,backend,数据库原理,"在 REPEATABLE READ 隔离级别下，以下业务场景会出现什么问题？如何修复？场景：订单表 orders(ord",https://dev.mysql.com/doc/refman/8.4/en/,proprietary,draft,
question,xq-b-733,backend,MySQL,"在 RR 隔离级别下，InnoDB 为什么能防幻读而 RC 不能？请从锁机制和 MVCC 两个维度分别解释。",https://dev.mysql.com/doc/refman/8.4/en/,proprietary,draft,
question,xq-b-752,backend,数据库原理,"在Neo4j中执行`MATCH (a)-[:TRANSFER*]->(b)`（不写深度限制）可能引发什么问题？如何安全地",https://dev.mysql.com/doc/refman/8.4/en/,proprietary,draft,
question,xq-b-763,backend,数据库原理,"在什么场景下无法使用参数化查询？此时应如何安全处理？请以动态表名和动态排序为例，给出完整的 allow-list 设计方",https://dev.mysql.com/doc/refman/8.4/en/,proprietary,draft,
question,xq-b-777,backend,数据库原理,"在分库分表场景下，如何应对“按非分片键查询”的性能问题？请列举至少三种解决方案并分析其适用场景。",https://dev.mysql.com/doc/refman/8.4/en/,proprietary,draft,
question,xq-b-807,backend,数据库原理,"在数据库层面，如何通过“最小权限原则”缓解 SQL 注入的损害？请给出具体的设计方案，包括账号划分、视图使用和权限回收。",https://dev.mysql.com/doc/refman/8.4/en/,proprietary,draft,
question,xq-b-828,backend,数据库原理,"场景实战题：订单表 `orders` 有 1000 万数据，高频查询为 `SELECT * FROM orders WH",https://dev.mysql.com/doc/refman/8.4/en/,proprietary,draft,
question,xq-b-844,backend,数据库原理,"如何确定联合索引的列顺序？请结合等值查询、范围查询、排序分组、选择性等维度，给出完整的排序策略。",https://dev.mysql.com/doc/refman/8.4/en/,proprietary,draft,
question,xq-b-856,backend,MySQL,"宽列数据库（Wide-Column Store）与关系型数据库（如 MySQL）在数据模型和适用场景上的本质区别是什么？",https://dev.mysql.com/doc/refman/8.4/en/,proprietary,draft,
question,xq-b-861,backend,MySQL,"对比 MySQL InnoDB 与 MongoDB 在"事务支持"上的差异。MongoDB 4.0+ 支持多文档事务，为",https://dev.mysql.com/doc/refman/8.4/en/,proprietary,draft,
question,xq-b-868,backend,数据库原理,"对比 `WHERE DATE(create_time) = '2026-08-01'` 和 `WHERE create_",https://dev.mysql.com/doc/refman/8.4/en/,proprietary,draft,
question,xq-b-873,backend,MySQL,"对比关系型数据库（如MySQL）和图数据库（如Neo4j），在以下场景中分别给出选型建议并说明理由：①资金反欺诈环路检测",https://dev.mysql.com/doc/refman/8.4/en/,proprietary,draft,
question,xq-b-876,backend,数据库原理,"对比辨析题：联合索引 `(a b c)` 与三个独立索引 `(a)`、`(b)`、`(c)` 在查询性能、写入开销、存储",https://dev.mysql.com/doc/refman/8.4/en/,proprietary,draft,
question,xq-b-889,backend,数据库原理,"底层原理题：为什么 `WHERE b=1 AND c=2` 在联合索引 `(a b c)` 上无法使用索引，但在 `(b",https://dev.mysql.com/doc/refman/8.4/en/,proprietary,draft,
question,xq-b-902,backend,MySQL,"执行 `UPDATE t SET name='x' WHERE age=30` 时，如果 age 列上没有索引，Inno",https://dev.mysql.com/doc/refman/8.4/en/,proprietary,draft,
question,xq-b-908,backend,数据库原理,"数据库最小权限原则如何落地？请给出一个实际应用场景（如电商系统），说明如何配置数据库账号权限来降低 SQL 注入的破坏面",https://dev.mysql.com/doc/refman/8.4/en/,proprietary,draft,
question,xq-b-915,backend,NoSQL,"有人说"图数据库会取代关系型数据库"，你如何评价？请从事务性、查询能力、生态成熟度三个维度分析。",https://dev.mysql.com/doc/refman/8.4/en/,proprietary,draft,
question,xq-b-934,backend,数据库原理,"测试直接连生产库或共享库是导致 flaky test 的头号原因。请从原理上解释为什么，并给出至少三种隔离方案。",https://dev.mysql.com/doc/refman/8.4/en/,proprietary,draft,
question,xq-b-946,backend,数据库原理,"深翻分页（如第 10000 页）除了性能问题，还会带来哪些数据一致性问题？游标分页是否完全解决了这些问题？",https://dev.mysql.com/doc/refman/8.4/en/,proprietary,draft,
question,xq-b-947,backend,数据库原理,"游标分页与 offset 分页的区别是什么？为什么深翻时 offset 会导致性能问题？",https://dev.mysql.com/doc/refman/8.4/en/,proprietary,draft,
question,xq-b-948,backend,数据库原理,"游标分页与 offset 分页的核心区别是什么？为什么说 offset 分页在深翻时会导致性能问题？",https://dev.mysql.com/doc/refman/8.4/en/,proprietary,draft,
question,xq-b-982,backend,数据库原理,"线上业务是否应该将隔离级别从 REPEATABLE READ 调整为 READ COMMITTED？请分析利弊和适用场景",https://dev.mysql.com/doc/refman/8.4/en/,proprietary,draft,
question,xq-b-984,backend,数据库原理,"线上有一条慢 SQL，你如何系统性地定位其索引使用情况并优化？请给出完整的排查流程和工具链。",https://dev.mysql.com/doc/refman/8.4/en/,proprietary,draft,
question,xq-b-99,backend,MySQL,"InnoDB 中每行记录包含哪些隐藏字段？它们各自的作用是什么？二级索引记录是否也有这些字段？",https://dev.mysql.com/doc/refman/8.4/en/,proprietary,draft,
question,bq1,backend,Java,"HashMap 的底层实现原理（JDK1.8）",https://docs.oracle.com/en/java/,proprietary,draft,
question,bq13,backend,Java,"JVM 内存结构是怎样的？常见 GC 算法？",https://docs.oracle.com/en/java/,proprietary,draft,
question,bq17,backend,数据库原理,"乐观锁与悲观锁的区别与实现",https://docs.oracle.com/en/java/,proprietary,draft,YES
question,bq31,backend,系统设计,"进程、线程、协程的区别",https://docs.oracle.com/en/java/,proprietary,draft,YES
question,bq5,backend,Java,"线程池的核心参数与执行流程",https://docs.oracle.com/en/java/,proprietary,draft,
question,bq56,backend,Go,"Go 的 goroutine 与 channel 并发模型要点。",https://docs.oracle.com/en/java/,proprietary,draft,YES
question,bq57,backend,Java,"Java 的 JVM 内存结构与 GC 基本分类。",https://docs.oracle.com/en/java/,proprietary,draft,
question,rq-b-be-game-1-2,backend,综合应用,"请详细说明“单线程逻辑与消息驱动”模型在游戏服务端中的工作原理。为什么游戏逻辑普遍采用单线程而非多线程？如何保证消息处理",https://docs.oracle.com/en/java/,proprietary,draft,YES
question,rq-b-be-game-1-3,backend,综合应用,"在单线程逻辑模型中，如果某个玩家的一次操作（例如释放全屏技能）需要计算量极大，导致后续所有玩家消息被阻塞，你会如何优化？",https://docs.oracle.com/en/java/,proprietary,draft,YES
question,rq-b-be-game-1-6,backend,综合应用,"请用代码实现一个简单的“房间”逻辑管理类，要求：支持玩家加入/离开、广播消息、房间内定时器（如每5秒发一次房间状态）。要",https://docs.oracle.com/en/java/,proprietary,draft,YES
question,rq-b-be-game-2-2,backend,综合应用,"在帧同步中，如何保证所有客户端逻辑计算的结果完全一致？请列出至少三种关键措施。",https://docs.oracle.com/en/java/,proprietary,draft,YES
question,rq-b-be-game-3-3,backend,Redis,"玩家在游戏中同时进行“购买道具”和“完成任务领奖”两个操作，都涉及金币变更。在缓存回写数据库时，如何避免并发导致的金币数",https://docs.oracle.com/en/java/,proprietary,draft,YES
question,rq-b-be-game-4-5,backend,Java,"请对比“脚本热更”与“Java Agent/Instrumentation热更”在游戏服务端中的适用性与风险，并说明为什",https://docs.oracle.com/en/java/,proprietary,draft,
question,rq-b-be-game-junior-0-1,backend,综合应用,"在 C++ 中，`shared_ptr` 和 `unique_ptr` 的核心区别是什么？在游戏服务端中，你会如何选择使",https://docs.oracle.com/en/java/,proprietary,draft,YES
question,rq-b-be-game-junior-0-2,backend,消息队列,"Go 中 channel 的缓冲（buffered）与无缓冲（unbuffered）在行为上有何本质区别？在游戏服务端中",https://docs.oracle.com/en/java/,proprietary,draft,YES
question,rq-b-be-game-junior-0-3,backend,综合应用,"C++ 中 `vector` 和 `list` 在游戏服务端（如管理在线玩家列表）中如何选择？为什么 `vector` ",https://docs.oracle.com/en/java/,proprietary,draft,YES
question,rq-b-be-game-junior-0-4,backend,综合应用,"Go 的 goroutine 与操作系统线程（OS thread）有何区别？在游戏服务端中，为什么说“goroutine",https://docs.oracle.com/en/java/,proprietary,draft,YES
question,rq-b-be-game-junior-0-5,backend,综合应用,"在 C++ 游戏服务端中，用 `new` 和 `delete` 管理内存有哪些风险？你会如何设计一套内存池来优化玩家对象",https://docs.oracle.com/en/java/,proprietary,draft,YES
question,rq-b-be-game-junior-0-6,backend,Java,"Go 中 `sync.Mutex` 与 `sync.RWMutex` 在游戏服务端（如玩家数据读写）中如何选择？用 ch",https://docs.oracle.com/en/java/,proprietary,draft,
question,rq-b-be-game-junior-0-7,backend,综合应用,"在 C++ 中，`std::map` 和 `std::unordered_map` 在游戏服务端（如按玩家 ID 查找会",https://docs.oracle.com/en/java/,proprietary,draft,YES
question,rq-b-be-game-junior-0-8,backend,综合应用,"在 Go 游戏服务端中，如何优雅地关闭所有 goroutine（如玩家会话、AI 系统）？请给出基于 `context.",https://docs.oracle.com/en/java/,proprietary,draft,YES
question,rq-b-be-game-senior-2-2,backend,Java,"在 Java 游戏服务端中，GC（垃圾回收）主要会造成哪些性能问题？请详细说明如何通过 JVM 参数和代码层面减少 GC",https://docs.oracle.com/en/java/,proprietary,draft,
question,rq-b-be-game-senior-2-8,backend,综合应用,"在游戏服务端中，如何通过代码层面避免“帧耗时尖刺”（即偶发的长暂停）？请给出至少三种具体手段。",https://docs.oracle.com/en/java/,proprietary,draft,YES
question,rq-b-be-micro-5-2,backend,Java,"请详细说明策略模式的结构，并对比它与“if-else/switch”分支语句的优劣。在重构一个包含大量条件分支的业务代码",https://docs.oracle.com/en/java/,proprietary,draft,
question,rq-b-be-micro-junior-0-5,backend,Java,"请用Java实现一个最简的RPC框架核心流程（包括服务暴露、代理生成、网络传输、序列化），并指出其中最容易出错的两个环节",https://docs.oracle.com/en/java/,proprietary,draft,
question,rq-b-be-micro-junior-1-7,backend,Java,"`docker exec` 与 `docker attach` 有什么区别？在调试一个运行中的 Java 容器时，如何进",https://docs.oracle.com/en/java/,proprietary,draft,
question,rq-b-be-search-1-7,backend,综合应用,"在中间件二次开发中，如何通过“性能剖析”定位到“锁竞争”是瓶颈，并给出至少两种优化方案？请以Java中间件为例。",https://docs.oracle.com/en/java/,proprietary,draft,YES
question,rq-b-be-test-2-5-r2,backend,Java,"在依赖服务Mock中，如何选择Mock工具（如WireMock、MockServer、Hoverfly）？请对比基于HT",https://docs.oracle.com/en/java/,proprietary,draft,
question,rq-b-be-test-4-2,backend,Java,"请详细说明JaCoCo（Java Code Coverage）的覆盖率统计原理，包括字节码插桩方式、支持的计数器类型，以",https://docs.oracle.com/en/java/,proprietary,draft,
question,rq-b-be-test-mid-0-3,backend,Java,"请解释 Playwright 的“自动等待（Auto-waiting）”机制与 Selenium 的“显式等待（Expl",https://docs.oracle.com/en/java/,proprietary,draft,
question,rq-b-be-test-mid-0-7,backend,Java,"请对比 Selenium Grid 与 Playwright 的并行执行方案（如 Playwright Test 的 w",https://docs.oracle.com/en/java/,proprietary,draft,
question,rq-b-be-test-mid-1-3,backend,微服务,"压测结果中，响应时间出现“长尾效应”（如 P99 远大于 P90）时，通常说明什么？请从系统资源、线程池、GC、网络四个",https://docs.oracle.com/en/java/,proprietary,draft,YES
question,rq-b-be-test-mid-1-4,backend,Java,"JMeter 压测时，聚合报告中的“Error%”为 0，但 TPS 曲线出现周期性锯齿状波动。请分析可能原因，并说明如",https://docs.oracle.com/en/java/,proprietary,draft,
question,rq-b-be-web-0-1,backend,Java,"请解释 Java 中 `HashMap` 的底层实现原理，并说明当发生哈希冲突时它是如何解决的。同时，为什么在并发场景下",https://docs.oracle.com/en/java/,proprietary,draft,
question,rq-b-be-web-0-2,backend,Java,"在 Go 语言中，`slice` 和 `array` 有什么区别？为什么 `slice` 作为函数参数时，在函数内部修改",https://docs.oracle.com/en/java/,proprietary,draft,
question,rq-b-be-web-0-3,backend,Python,"Python 中 `GIL`（全局解释器锁）是什么？它对多线程程序有什么影响？在什么场景下多线程依然能提升性能？如何绕过",https://docs.oracle.com/en/java/,proprietary,draft,YES
question,rq-b-be-web-0-4,backend,Java,"请对比 Java `synchronized` 关键字与 `ReentrantLock` 的异同。在什么场景下你会优先选",https://docs.oracle.com/en/java/,proprietary,draft,
question,rq-b-be-web-0-5,backend,Java,"请用 Java 实现一个线程安全的单例模式，要求支持懒加载。请写出两种实现方式，并说明各自的优缺点。哪种方式在反序列化时",https://docs.oracle.com/en/java/,proprietary,draft,
question,rq-b-be-web-0-6,backend,Go,"在 Go 语言中，`channel` 的缓冲与无缓冲有什么区别？请解释 `close(ch)` 后对发送和接收操作的影响",https://docs.oracle.com/en/java/,proprietary,draft,YES
question,rq-b-be-web-1-3,backend,Java,"请解释二叉树、二叉搜索树（BST）、平衡二叉树（AVL）和红黑树的区别与联系。为什么Java的TreeMap和HashM",https://docs.oracle.com/en/java/,proprietary,draft,
question,rq-b-be-web-1-8,backend,Java,"请对比哈希表和二叉搜索树在查找、插入、删除操作上的性能，并说明各自的有序性特点。在什么场景下你会选择TreeMap而不是",https://docs.oracle.com/en/java/,proprietary,draft,
question,rq-b-be-web-3-1,backend,Java,"请解释线程池的核心参数（corePoolSize、maximumPoolSize、keepAliveTime、workQ",https://docs.oracle.com/en/java/,proprietary,draft,
question,rq-b-be-web-3-2,backend,Java,"请对比synchronized与ReentrantLock在实现原理、功能特性、性能表现上的差异，并说明各自适用的场景。",https://docs.oracle.com/en/java/,proprietary,draft,
question,rq-b-be-web-3-3,backend,Java,"什么是CAS（Compare-And-Swap）？它如何实现无锁编程？请说明CAS的三大问题（ABA问题、自旋开销、只能",https://docs.oracle.com/en/java/,proprietary,draft,
question,rq-b-be-web-3-4,backend,Java,"请解释协程（Coroutine）与线程的区别，并说明在Java中如何实现协程或异步编程模型（如CompletableFu",https://docs.oracle.com/en/java/,proprietary,draft,
question,rq-b-be-web-3-5,backend,系统设计,"请设计一个高并发场景下的「限流器」组件，要求支持QPS限制和并发数限制，并说明你选择的锁/无锁结构与线程模型。",https://docs.oracle.com/en/java/,proprietary,draft,YES
question,rq-b-be-web-3-6,backend,系统设计,"请辨析以下概念：进程、线程、协程、异步I/O。在Web后端开发中，如何选择合适的并发模型（如多线程、事件驱动、协程）？",https://docs.oracle.com/en/java/,proprietary,draft,YES
question,rq-b-be-web-4-4,backend,Java,"在制定后端开发规范时，关于“接口返回格式”和“异常处理”，你如何设计一套既统一又灵活的规范？请给出关键设计点。",https://docs.oracle.com/en/java/,proprietary,draft,
question,rq-b-be-web-4-8,backend,Java,"在Code Review中，你发现同事的代码存在“深层次问题”——例如，使用了`ThreadLocal`存储用户信息但未",https://docs.oracle.com/en/java/,proprietary,draft,
question,rq-b-be-web-junior-3-1,backend,Java,"请解释 RESTful 接口设计中的“资源建模”是什么？如何将一个业务领域（例如“用户订单系统”）正确地建模为一组 RE",https://docs.oracle.com/en/java/,proprietary,draft,
question,rq-b-be-web-junior-3-2,backend,Java,"请详细说明 HTTP 状态码在 RESTful 接口中的语义，并针对以下场景给出你选择的状态码及理由：a) 创建资源成功",https://docs.oracle.com/en/java/,proprietary,draft,
question,rq-b-be-web-junior-5-3,backend,综合应用,"Linux 中进程管理常用命令有哪些？如何查看进程、杀死进程、调整优先级？并说明 kill 命令中不同信号（如 SIGT",https://docs.oracle.com/en/java/,proprietary,draft,YES
question,rq-b-be-web-junior-5-5,backend,综合应用,"当线上服务出现「CPU 100%」或「内存溢出」时，你如何用 Linux 命令定位问题进程和线程？请给出完整的排查步骤与",https://docs.oracle.com/en/java/,proprietary,draft,YES
question,rq-b-be-web-mid-6-6,backend,Java,"请给出一个实际编码场景：你有一个`UserService.register()`方法，内部依赖`UserReposito",https://docs.oracle.com/en/java/,proprietary,draft,
question,rq-b-be-web-senior-2-8,backend,Java,"在 DDD 中，应用服务（Application Service）与领域服务（Domain Service）的区别是什么",https://docs.oracle.com/en/java/,proprietary,draft,
question,xq-b-1003,backend,Java,"自定义对象作为 HashMap 的 key 时，如果不重写 hashCode() 会有什么问题？equals() 和 h",https://docs.oracle.com/en/java/,proprietary,draft,
question,xq-b-1004,backend,Java,"自定义类作为 HashMap 的 key 时，为什么必须同时重写 hashCode() 和 equals()？只重写 e",https://docs.oracle.com/en/java/,proprietary,draft,
question,xq-b-1008,backend,Java,"装饰器模式与代理模式在代码结构上非常相似（都持有被包装对象、都实现相同接口）。请给出一个"误用"场景：某开发用代理实现了",https://docs.oracle.com/en/java/,proprietary,draft,
question,xq-b-1020,backend,Java,"详细解释标记-清除、标记-整理、复制三种基础 GC 算法的原理、优缺点及各自在 HotSpot 堆中的典型应用位置。",https://docs.oracle.com/en/java/,proprietary,draft,
question,xq-b-1027,backend,Java,"请从数据结构、哈希定位、树化条件三个维度，完整描述 HashMap 在 JDK 8+ 中的底层实现原理。",https://docs.oracle.com/en/java/,proprietary,draft,
question,xq-b-103,backend,Java,"JDK 8 中方法区的实现从永久代（PermGen）切换为元空间（Metaspace），请对比两者的本质区别，并说明为什",https://docs.oracle.com/en/java/,proprietary,draft,
question,xq-b-1034,backend,Java,"请从设计意图、结构、使用场景三个维度，详细对比适配器(Adapter)、装饰器(Decorator)、代理(Proxy)",https://docs.oracle.com/en/java/,proprietary,draft,
question,xq-b-104,backend,Java,"JDK8 中方法区的实现从 PermGen 变为 Metaspace，这一变化带来了哪些影响？在什么场景下会触发 Met",https://docs.oracle.com/en/java/,proprietary,draft,
question,xq-b-1042,backend,Java,"请分析 ThreadLocal 的内存泄漏原理。为什么 ThreadLocal 的 key 用弱引用？弱引用为何仍可能泄",https://docs.oracle.com/en/java/,proprietary,draft,
question,xq-b-1043,backend,Java,"请分析以下代码的时间复杂度，并指出其中哪些操作存在隐藏的 O(n) 空间开销： 1. 二分查找（迭代版） 2. 归并排序",https://docs.oracle.com/en/java/,proprietary,draft,
question,xq-b-1046,backend,Java,"请列举 JVM 常见的 OOM 类型，并说明每种类型的典型场景和定位手段。",https://docs.oracle.com/en/java/,proprietary,draft,
question,xq-b-105,backend,Java,"JDK8中方法区从PermGen改为Metaspace，具体变化是什么？对OOM排查有何影响？",https://docs.oracle.com/en/java/,proprietary,draft,
question,xq-b-1051,backend,Java,"请列出死锁的四个必要条件，并针对每个条件给出一种对应的破解方法。",https://docs.oracle.com/en/java/,proprietary,draft,
question,xq-b-1052,backend,Java,"请完整列出 happens-before 的 8 条规则（JLS 17.4.5），并说明其中哪几条在面试中最高频、为什么",https://docs.oracle.com/en/java/,proprietary,draft,
question,xq-b-1054,backend,Java,"请完整描述 JVM 运行时数据区包含哪几个部分？分别说明哪些是线程私有、哪些是线程共享的，以及每个区域各自会抛出什么类型",https://docs.oracle.com/en/java/,proprietary,draft,
question,xq-b-1063,backend,Java,"请完整描述 ThreadPoolExecutor 处理新任务的精确顺序，并解释为什么很多人会记错这个顺序。",https://docs.oracle.com/en/java/,proprietary,draft,
question,xq-b-1064,backend,Java,"请完整描述HashMap的底层数据结构，以及JDK 8中链表转红黑树的触发条件是什么？为什么这样设计？",https://docs.oracle.com/en/java/,proprietary,draft,
question,xq-b-1069,backend,Java,"请完整阐述 Java NIO 的三大核心组件（Channel、Buffer、Selector）及其协作机制，并说明它们如",https://docs.oracle.com/en/java/,proprietary,draft,
question,xq-b-1076,backend,Java,"请完整阐述死锁的四个必要条件，并针对每个条件给出对应的破解策略。",https://docs.oracle.com/en/java/,proprietary,draft,
question,xq-b-1078,backend,Java,"请实现一个 LRU 缓存，要求 get 和 put 操作的时间复杂度均为 O(1)。请分别用"HashMap + 双向链",https://docs.oracle.com/en/java/,proprietary,draft,
question,xq-b-108,backend,Java,"JUnit 5 与 JUnit 4 相比有哪些核心差异？请从注解体系、扩展机制、测试实例生命周期三个维度进行对比。",https://docs.oracle.com/en/java/,proprietary,draft,
question,xq-b-1083,backend,Java,"请对比 AVL 树和红黑树的区别，并说明为什么 Java 的 TreeMap 选择红黑树而不是 AVL 树？",https://docs.oracle.com/en/java/,proprietary,draft,
question,xq-b-1085,backend,Java,"请对比 ConcurrentHashMap 与 Collections.synchronizedMap 在并发性能、锁粒",https://docs.oracle.com/en/java/,proprietary,draft,
question,xq-b-1086,backend,Java,"请对比 ConcurrentHashMap 与 Collections.synchronizedMap(new Hash",https://docs.oracle.com/en/java/,proprietary,draft,
question,xq-b-109,backend,Java,"JUnit 5 中 `Assertions` 和 `Assumptions` 有什么区别？各自适用的场景是什么？请举例说",https://docs.oracle.com/en/java/,proprietary,draft,
question,xq-b-110,backend,Java,"JVM 栈帧中通常包含哪些内容？局部变量表和操作数栈是如何协同完成一次方法调用的？",https://docs.oracle.com/en/java/,proprietary,draft,
question,xq-b-1104,backend,Java,"请对比 Serial、Parallel、CMS、G1、ZGC 五种垃圾收集器的核心设计思想与适用场景，并说明为什么 G1",https://docs.oracle.com/en/java/,proprietary,draft,
question,xq-b-1106,backend,Java,"请对比 Serial、Parallel、G1、ZGC 四种收集器的适用场景与核心差异，并说明在 128MB 堆和 128",https://docs.oracle.com/en/java/,proprietary,draft,
question,xq-b-111,backend,Java,"JVM 运行时数据区中哪些是线程私有的，哪些是线程共享的？请结合 JVMS 规范说明，并解释为什么这样划分。",https://docs.oracle.com/en/java/,proprietary,draft,
question,xq-b-1112,backend,Java,"请对比 `PriorityQueue` 和 `TreeSet` 在“有序性”上的差异，并说明为什么 `PriorityQ",https://docs.oracle.com/en/java/,proprietary,draft,
question,xq-b-112,backend,Java,"JVM 运行时数据区中，哪些区域是线程私有的，哪些是线程共享的？各自主要职责是什么？",https://docs.oracle.com/en/java/,proprietary,draft,
question,xq-b-1121,backend,Java,"请对比"栈溢出（StackOverflowError）"和"堆溢出（OutOfMemoryError: Java hea",https://docs.oracle.com/en/java/,proprietary,draft,
question,xq-b-1127,backend,Java,"请对比HashMap、Hashtable、ConcurrentHashMap三者的线程安全机制和性能差异。",https://docs.oracle.com/en/java/,proprietary,draft,
question,xq-b-113,backend,Java,"JVM 运行时数据区是如何划分的？请分别说明哪些是线程私有、哪些是线程共享的，并解释各自的核心作用。",https://docs.oracle.com/en/java/,proprietary,draft,
question,xq-b-1138,backend,Java,"请对比分析 SynchronousQueue 与有界/无界 LinkedBlockingQueue 作为线程池队列时的行",https://docs.oracle.com/en/java/,proprietary,draft,
question,xq-b-1139,backend,Java,"请对比分析 SynchronousQueue、无界 LinkedBlockingQueue、有界 ArrayBlocki",https://docs.oracle.com/en/java/,proprietary,draft,
question,xq-b-114,backend,Java,"JVM栈帧中包含哪些组成部分？局部变量表与操作数栈分别起什么作用？",https://docs.oracle.com/en/java/,proprietary,draft,
question,xq-b-1140,backend,Java,"请对比分析 `Executors.newFixedThreadPool`、`newCachedThreadPool`、`",https://docs.oracle.com/en/java/,proprietary,draft,
question,xq-b-1143,backend,综合应用,"请对比饥饿（Starvation）与活锁（Livelock）的区别，并各举一个实际场景。",https://docs.oracle.com/en/java/,proprietary,draft,YES
question,xq-b-1145,backend,Java,"请手写 BFS 和 DFS 遍历图的代码，并说明各自的时间复杂度和适用场景。",https://docs.oracle.com/en/java/,proprietary,draft,
question,xq-b-1147,backend,Java,"请手写一个“最小栈”实现，要求 `push`、`pop`、`top`、`getMin` 操作的时间复杂度均为 O(1)。",https://docs.oracle.com/en/java/,proprietary,draft,
question,xq-b-1153,backend,Java,"请手写一个简易 HashMap，使用拉链法解决哈希冲突，包含 put、get、resize 三个核心方法，并说明你的设计",https://docs.oracle.com/en/java/,proprietary,draft,
question,xq-b-1155,backend,Java,"请手写一个简易的动态数组（MyArrayList），支持泛型、自动扩容、`get/set/add/remove`，并说明",https://docs.oracle.com/en/java/,proprietary,draft,
question,xq-b-1156,backend,Java,"请手写一个线程安全的 HashMap 使用方案（不直接使用 ConcurrentHashMap），并说明其优缺点。再对比",https://docs.oracle.com/en/java/,proprietary,draft,
question,xq-b-1157,backend,Java,"请手写一个线程安全的懒汉式单例（双重检查锁 DCL + volatile），并解释 volatile 在这里到底解决了什",https://docs.oracle.com/en/java/,proprietary,draft,
question,xq-b-1160,backend,Java,"请手写二叉树的前序、中序、后序遍历，分别给出递归和迭代两种实现，并说明各遍历顺序的实际应用场景。",https://docs.oracle.com/en/java/,proprietary,draft,
question,xq-b-1161,backend,Java,"请手写二叉树的层序遍历（BFS），并说明如何用迭代方式实现前序遍历（DFS），为什么递归遍历在极深树上会栈溢出？",https://docs.oracle.com/en/java/,proprietary,draft,
question,xq-b-1162,backend,Java,"请手写归并排序，并说明它为什么是稳定的；同时指出归并排序相比快排和堆排的优缺点。",https://docs.oracle.com/en/java/,proprietary,draft,
question,xq-b-1172,backend,Java,"请描述网关如何实现统一鉴权，并指出常见的实现误区。",https://docs.oracle.com/en/java/,proprietary,draft,
question,xq-b-1181,backend,Java,"请深入解释JaCoCo的行覆盖（Line Coverage）与分支覆盖（Branch Coverage）在字节码层面的统",https://docs.oracle.com/en/java/,proprietary,draft,
question,xq-b-1183,backend,Java,"请用 ConcurrentHashMap 实现一个多线程安全的"URL 访问频率统计器"，要求：统计每个 URL 的访问",https://docs.oracle.com/en/java/,proprietary,draft,
question,xq-b-1184,backend,Java,"请用 Java 代码实现"用两个栈模拟队列"，要求 `push` 和 `pop` 均摊时间复杂度为 O(1)，并说明你的",https://docs.oracle.com/en/java/,proprietary,draft,
question,xq-b-1185,backend,Java,"请用 Java 编写一个能稳定复现死锁的示例，并说明如何验证它确实死锁了。",https://docs.oracle.com/en/java/,proprietary,draft,
question,xq-b-1188,backend,Java,"请用 TDD 方法实现一个字符串计算器，规则包括：空字符串返回0；单个数字返回其值；逗号分隔多个数字求和；支持换行符作为",https://docs.oracle.com/en/java/,proprietary,draft,
question,xq-b-1193,backend,Java,"请用Java代码演示一个死锁场景，并说明如何通过"锁顺序"改造来消除死锁。",https://docs.oracle.com/en/java/,proprietary,draft,
question,xq-b-1197,backend,Java,"请用一句话解释 JMM 的本质，并说明为什么它只规定"允许表现出的行为"而不规定"如何执行"？",https://docs.oracle.com/en/java/,proprietary,draft,
question,xq-b-1198,backend,Java,"请用一句话解释 JMM 的本质，并说明它为什么被称为"记忆同步协议"而非"执行规则"？",https://docs.oracle.com/en/java/,proprietary,draft,
question,xq-b-1203,backend,Java,"请用数组实现一个小顶堆，写出 `push` 和 `pop` 方法，并说明如何用它解决 Top-K 问题（求海量数据中最大",https://docs.oracle.com/en/java/,proprietary,draft,
question,xq-b-1207,backend,Java,"请画出"用户登录 → 访问 /api/order/{id}"全流程，并标注认证与授权分别发生在哪一步？如果后端删掉所有权",https://docs.oracle.com/en/java/,proprietary,draft,
question,xq-b-1219,backend,Java,"请解释 G1 收集器的堆内存布局，它与传统分代收集器（如 CMS）的堆布局有何本质区别？",https://docs.oracle.com/en/java/,proprietary,draft,
question,xq-b-1222,backend,Java,"请解释 HashMap 的 fail-fast 迭代器机制。它能保证线程安全吗？在实际开发中如何正确应对并发修改？",https://docs.oracle.com/en/java/,proprietary,draft,
question,xq-b-1226,backend,Java,"请解释 JVM 垃圾回收中如何判断一个对象是否可以被回收？为什么不用引用计数法？",https://docs.oracle.com/en/java/,proprietary,draft,
question,xq-b-1227,backend,Java,"请解释 JVM 垃圾回收中的可达性分析算法，哪些对象可以作为 GC Roots？",https://docs.oracle.com/en/java/,proprietary,draft,
question,xq-b-1228,backend,Java,"请解释 JVM 栈中的栈帧（Stack Frame）结构包含哪些部分？方法调用时栈帧是如何入栈和出栈的？为什么局部变量是",https://docs.oracle.com/en/java/,proprietary,draft,
question,xq-b-1229,backend,Java,"请解释 JVM 栈中的栈帧（Stack Frame）结构，并说明局部变量表与操作数栈在方法执行过程中如何协作完成一次加法",https://docs.oracle.com/en/java/,proprietary,draft,
question,xq-b-123,backend,Java,"Java 中的 LinkedList 和 ArrayList 在随机访问、插入删除、内存占用上有什么区别？为什么说 Li",https://docs.oracle.com/en/java/,proprietary,draft,
question,xq-b-1231,backend,Java,"请解释 Java 中 TreeMap 和 HashMap 的核心区别，并说明什么场景下应该选 TreeMap？什么场景下",https://docs.oracle.com/en/java/,proprietary,draft,
question,xq-b-1255,backend,Java,"请解释 `BlockingQueue` 的 `put` 和 `take` 方法的阻塞语义，并对比 `ArrayBlock",https://docs.oracle.com/en/java/,proprietary,draft,
question,xq-b-1256,backend,Java,"请解释 `Thread.sleep()` 和 `Thread.yield()` 为什么没有同步语义？用普通 boolea",https://docs.oracle.com/en/java/,proprietary,draft,
question,xq-b-1260,backend,Java,"请解释 synchronized 的可重入性。为什么需要可重入？如果 Java 不支持可重入，会有什么后果？",https://docs.oracle.com/en/java/,proprietary,draft,
question,xq-b-1266,backend,Java,"请解释JaCoCo的工作原理，它是如何统计覆盖率的？字节码插桩具体指什么？",https://docs.oracle.com/en/java/,proprietary,draft,
question,xq-b-1275,backend,Java,"请解释什么是双亲委派模型？为什么 JVM 要采用这种机制？如果让你设计一个替代方案，你会怎么设计？",https://docs.oracle.com/en/java/,proprietary,draft,
question,xq-b-1276,backend,系统设计,"请解释共享内存（shmget/shmat）的实现原理：为什么它比管道快？"零拷贝"具体指什么？共享内存需要配什么同步机制",https://docs.oracle.com/en/java/,proprietary,draft,YES
question,xq-b-1277,backend,Java,"请解释分代假设（Generational Hypothesis）的核心内容，以及它如何驱动 HotSpot 年轻代/老年",https://docs.oracle.com/en/java/,proprietary,draft,
question,xq-b-1278,backend,Java,"请解释单向链表、双向链表和循环链表的结构差异，并说明在 Java 中 `LinkedList` 属于哪一种？为什么它没有",https://docs.oracle.com/en/java/,proprietary,draft,
question,xq-b-1279,backend,Java,"请解释双重检查锁（DCL）单例中为什么必须使用 volatile？不使用会有什么后果？",https://docs.oracle.com/en/java/,proprietary,draft,
question,xq-b-1282,backend,Java,"请解释均摊复杂度（Amortized Complexity）的概念，并以 Java 的 ArrayList 动态扩容为例",https://docs.oracle.com/en/java/,proprietary,draft,
question,xq-b-1287,backend,Java,"请解释数据竞争（Data Race）的定义，并说明"正确同步的程序表现为顺序一致"这句话的含义。",https://docs.oracle.com/en/java/,proprietary,draft,
question,xq-b-1291,backend,Java,"请解释用两个堆（一个大顶堆、一个小顶堆）实时维护数据流中位数的原理，并写出核心代码。为什么这个方法优于排序后取中位数？",https://docs.oracle.com/en/java/,proprietary,draft,
question,xq-b-1297,backend,Java,"请设计一个"线程安全的生产者-消费者"场景，要求使用 volatile 和 synchronized 分别实现，并对比两",https://docs.oracle.com/en/java/,proprietary,draft,
question,xq-b-1301,backend,Java,"请设计一个使用观察者模式的"订单状态变更通知系统"，要求：订单状态变化时通知短信服务、邮件服务、库存服务，并支持运行时动",https://docs.oracle.com/en/java/,proprietary,draft,
question,xq-b-1302,backend,Java,"请设计一个同时防御 XSS 和 CSRF 的「评论提交」接口（POST /api/comments），要求给出后端核心代",https://docs.oracle.com/en/java/,proprietary,draft,
question,xq-b-1303,backend,Java,"请设计一个场景：方法 A 调用方法 B（均声明事务），B 抛受检异常但希望 A 回滚，如何实现？如果 B 是 `REQU",https://docs.oracle.com/en/java/,proprietary,draft,
question,xq-b-1306,backend,Java,"请设计一个基于 ConcurrentHashMap 的高并发频率统计器，统计每个 URL 的访问次数。要求：线程安全、性",https://docs.oracle.com/en/java/,proprietary,draft,
question,xq-b-1314,backend,Java,"请设计一个集成测试方案，验证"用户下单后库存扣减"这一场景。要求覆盖事务一致性、并发安全和数据隔离。",https://docs.oracle.com/en/java/,proprietary,draft,
question,xq-b-1317,backend,Java,"请设计并实现一个"按字典序获取多把锁"的通用工具方法，并说明它为什么能预防死锁。",https://docs.oracle.com/en/java/,proprietary,draft,
question,xq-b-1319,backend,Java,"请详细列举 happens-before 的四条核心规则，并解释它们的实际应用场景。",https://docs.oracle.com/en/java/,proprietary,draft,
question,xq-b-1324,backend,Java,"请详细描述 ArrayList 的扩容机制。为什么 OpenJDK 选择 1.5 倍扩容而不是 2 倍？扩容时会发生什么",https://docs.oracle.com/en/java/,proprietary,draft,
question,xq-b-1330,backend,Java,"请详细描述 `new Object()` 在 JVM 中的完整创建流程，并说明每一步在内存中具体做了什么。",https://docs.oracle.com/en/java/,proprietary,draft,
question,xq-b-1337,backend,Java,"请详细解释 HashMap 的底层数据结构与 put 操作的完整流程，包括 hash 计算、索引定位、冲突处理、树化触发",https://docs.oracle.com/en/java/,proprietary,draft,
question,xq-b-1341,backend,Java,"请详细解释 Mark Word 的结构，并说明它是如何支撑 synchronized 锁升级（无锁→偏向锁→轻量级锁→重",https://docs.oracle.com/en/java/,proprietary,draft,
question,xq-b-1349,backend,Java,"请详细解释四种内置拒绝策略（AbortPolicy、CallerRunsPolicy、DiscardPolicy、Dis",https://docs.oracle.com/en/java/,proprietary,draft,
question,xq-b-1361,backend,Java,"请详细说明 keepAliveTime 和 allowCoreThreadTimeOut 的作用机制，以及它们对线程池行",https://docs.oracle.com/en/java/,proprietary,draft,
question,xq-b-1363,backend,Java,"请详细说明双亲委派模型的工作原理，以及它解决了什么问题？为什么说它保证了 Java 核心类库的安全性？",https://docs.oracle.com/en/java/,proprietary,draft,
question,xq-b-1370,backend,Java,"请谈谈 Singleton（单例）模式在 Java 中的"安全写法"演进。从懒汉式到双重检查锁（DCL）到枚举，各有什么",https://docs.oracle.com/en/java/,proprietary,draft,
question,xq-b-1376,backend,系统设计,"进程和线程的本质区别是什么？为什么说"进程是资源的容器，线程是容器里的执行流"？",https://docs.oracle.com/en/java/,proprietary,draft,YES
question,xq-b-1378,backend,Java,"递归调用导致StackOverflowError时，JVM栈中发生了什么？与堆OOM在排查思路上有何不同？",https://docs.oracle.com/en/java/,proprietary,draft,
question,xq-b-1392,backend,Java,"面试官给出一个场景：某服务堆内存 8GB，配置 `-Xlog:gc*` 后发现 Mixed GC 频繁且每次耗时接近 3",https://docs.oracle.com/en/java/,proprietary,draft,
question,xq-b-1395,backend,Java,"饥饿（Starvation）和活锁（Livelock）有什么区别？请各举一个代码层面的例子。",https://docs.oracle.com/en/java/,proprietary,draft,
question,xq-b-16,backend,Java,"ArrayList 是线程安全的吗？`Collections.synchronizedList` 包装后是否绝对安全？请",https://docs.oracle.com/en/java/,proprietary,draft,
question,xq-b-160,backend,系统设计,"Linux 的 CFS（完全公平调度器）是如何实现"公平"的？nice 值如何影响调度？",https://docs.oracle.com/en/java/,proprietary,draft,YES
question,xq-b-165,backend,Java,"Mark Word 中到底存储了哪些信息？它和 synchronized 锁升级（无锁→偏向锁→轻量级锁→重量级锁）有什",https://docs.oracle.com/en/java/,proprietary,draft,
question,xq-b-168,backend,Java,"Mockito 中 `mock()` 和 `@Mock` 注解有什么区别？`@ExtendWith(MockitoExt",https://docs.oracle.com/en/java/,proprietary,draft,
question,xq-b-169,backend,Java,"Mockito 中 `when()` 条件与真实调用不匹配时会发生什么？如何调试这类问题？",https://docs.oracle.com/en/java/,proprietary,draft,
question,xq-b-18,backend,Java,"Arthas 相比 JDK 自带工具（jstack/jmap/JFR）有哪些独特优势？请举例说明你会在什么场景下优先选择",https://docs.oracle.com/en/java/,proprietary,draft,
question,xq-b-19,backend,Java,"Arthas 相比 JDK 自带工具（jstack/jmap/jstat）的核心价值是什么？请举例说明 `trace`、",https://docs.oracle.com/en/java/,proprietary,draft,
question,xq-b-250,backend,系统设计,"SIGCHLD 信号与僵尸进程有什么关系？如何正确处理子进程退出？",https://docs.oracle.com/en/java/,proprietary,draft,YES
question,xq-b-27,backend,Java,"CMS 收集器为什么会被 G1 取代？请从"并发模式失败"、"内存碎片"、"CPU 资源竞争"三个角度分析 CMS 的致",https://docs.oracle.com/en/java/,proprietary,draft,
question,xq-b-28,backend,Java,"CMS 收集器的完整工作流程是怎样的？它存在哪些致命缺陷导致最终被 G1 取代？请结合源码级别的细节说明。",https://docs.oracle.com/en/java/,proprietary,draft,
question,xq-b-29,backend,综合应用,"CPU 飙高时，你如何一步步定位到具体是哪个进程、哪个线程、甚至哪行代码导致的？请给出完整的排查路径和所用命令。",https://docs.oracle.com/en/java/,proprietary,draft,YES
question,xq-b-322,backend,Java,"String 和 Integer 等不可变类在参数传递中有什么特殊性？为什么 `s = s + "-X"` 不会影响外部",https://docs.oracle.com/en/java/,proprietary,draft,
question,xq-b-342,backend,Java,"Tomcat 为什么需要破坏双亲委派模型？它是如何实现 WebApp 类隔离的？",https://docs.oracle.com/en/java/,proprietary,draft,
question,xq-b-343,backend,Java,"Tomcat 如何实现多个 WebApp 的类隔离？它为什么必须破坏双亲委派模型？请画出它的类加载器层级。",https://docs.oracle.com/en/java/,proprietary,draft,
question,xq-b-344,backend,Java,"Top-K 问题（如从 10 亿个数中找出最大的 100 个）如何用堆解决？为什么不用排序或快速选择？",https://docs.oracle.com/en/java/,proprietary,draft,
question,xq-b-346,backend,Java,"TreeMap 和 HashMap 有什么区别？什么场景下应该选择 TreeMap？请结合底层实现说明。",https://docs.oracle.com/en/java/,proprietary,draft,
question,xq-b-351,backend,Java,"WeakHashMap 的原理是什么？为什么它的 key 被 GC 回收后条目会自动消失？它和 HashMap 有什么本",https://docs.oracle.com/en/java/,proprietary,draft,
question,xq-b-352,backend,Java,"ZGC 为什么能做到亚毫秒级停顿？染色指针（Colored Pointer）和读屏障（Load Barrier）在其中分",https://docs.oracle.com/en/java/,proprietary,draft,
question,xq-b-353,backend,Java,"ZGC 为什么能做到亚毫秒级的停顿时间？请从染色指针、读屏障和并发整理三个核心技术原理展开说明。",https://docs.oracle.com/en/java/,proprietary,draft,
question,xq-b-36,backend,Java,"Clean Architecture 和传统分层架构的核心区别是什么？为什么说传统分层容易让业务层反向依赖框架细节？",https://docs.oracle.com/en/java/,proprietary,draft,
question,xq-b-37,backend,Java,"ConcurrentHashMap 在 Java 8 和 Java 17 中的底层实现有什么区别？请从数据结构、锁粒度、",https://docs.oracle.com/en/java/,proprietary,draft,
question,xq-b-373,backend,Java,"`@PropertySource` 的作用是什么？它和 `application.properties` 的加载机制有何",https://docs.oracle.com/en/java/,proprietary,draft,
question,xq-b-38,backend,Java,"ConcurrentHashMap 的 `size()` 方法在并发场景下是如何工作的？为什么说它是"瞬态估算"？如果要",https://docs.oracle.com/en/java/,proprietary,draft,
question,xq-b-382,backend,Java,"`@TransactionalEventListener` 与 `@EventListener` 有什么区别？在什么场景",https://docs.oracle.com/en/java/,proprietary,draft,
question,xq-b-383,backend,Java,"`@TransactionalEventListener` 与 `@EventListener` 的本质区别是什么？为什",https://docs.oracle.com/en/java/,proprietary,draft,
question,xq-b-385,backend,Java,"`@Transactional` 的 `rollbackFor` 属性有什么用？为什么受检异常默认不回滚？",https://docs.oracle.com/en/java/,proprietary,draft,
question,xq-b-386,backend,Java,"`@Value` 与 `@ConfigurationProperties` 在注入配置上有什么本质区别？为什么官方推荐复",https://docs.oracle.com/en/java/,proprietary,draft,
question,xq-b-387,backend,Java,"`@Value` 和 `@ConfigurationProperties` 都能注入配置，它们有何区别？何时选哪个？",https://docs.oracle.com/en/java/,proprietary,draft,
question,xq-b-39,backend,Java,"ConcurrentHashMap 的 get 操作为什么能做到完全并发？它在什么情况下会阻塞？",https://docs.oracle.com/en/java/,proprietary,draft,
question,xq-b-390,backend,Java,"`BlockingQueue` 的 `put/take` 与普通 `Queue` 的 `add/remove` 有什么区",https://docs.oracle.com/en/java/,proprietary,draft,
question,xq-b-392,backend,Java,"`ConcurrentHashMap.size()` 在并发场景下返回的是什么？为什么官方明确它是"瞬态估算"？请给出一",https://docs.oracle.com/en/java/,proprietary,draft,
question,xq-b-398,backend,Java,"`WeakHashMap` 的键是弱引用，但为什么它仍然可能发生内存泄漏？请从源码层面分析其内部实现与局限性。",https://docs.oracle.com/en/java/,proprietary,draft,
question,xq-b-40,backend,Java,"ConcurrentHashMap 的迭代器是弱一致的，与 HashMap 的 fail-fast 迭代器有何本质区别？",https://docs.oracle.com/en/java/,proprietary,draft,
question,xq-b-402,backend,Java,"`finalize()` 方法在垃圾回收中扮演什么角色？为什么说它不可靠？Java 9 之后对它做了什么处理？",https://docs.oracle.com/en/java/,proprietary,draft,
question,xq-b-403,backend,系统设计,"`fork()` 之后信号处置（disposition）是继承还是重置？`execve` 呢？这对多进程服务设计有什么影",https://docs.oracle.com/en/java/,proprietary,draft,YES
question,xq-b-404,backend,系统设计,"`fork()` 之后父子进程的内存是共享的还是独立的？写时复制（Copy-on-Write）是如何工作的？",https://docs.oracle.com/en/java/,proprietary,draft,YES
question,xq-b-410,backend,Java,"`if (!chm.containsKey(k)) chm.put(k  v)` 这段代码在并发下有什么问题？请给出至少",https://docs.oracle.com/en/java/,proprietary,draft,
question,xq-b-411,backend,Java,"`jstack` 和 `jmap` 分别用于什么场景？为什么说 OOM 后第一反应不应该是“加内存”？",https://docs.oracle.com/en/java/,proprietary,draft,
question,xq-b-412,backend,Java,"`jstack` 和 `jmap` 在排查 JVM 问题时的分工是什么？什么场景下必须用 `jmap` 而不是 `jst",https://docs.oracle.com/en/java/,proprietary,draft,
question,xq-b-415,backend,Java,"`new Object()` 在 JVM 中完整的执行流程是什么？每个步骤中可能抛出哪些异常？",https://docs.oracle.com/en/java/,proprietary,draft,
question,xq-b-422,backend,Java,"`strace -p <PID>` 能跟踪进程的系统调用，但生产环境直接 attach 到 Java 进程会导致进程卡死",https://docs.oracle.com/en/java/,proprietary,draft,
question,xq-b-425,backend,Java,"`tryLock` 超时机制能完全解决死锁问题吗？如果不能，它会引入什么新问题？",https://docs.oracle.com/en/java/,proprietary,draft,
question,xq-b-426,backend,Java,"`when(...).thenReturn(...)` 和 `verify(...)` 在 Mockito 中分别解决什",https://docs.oracle.com/en/java/,proprietary,draft,
question,xq-b-430,backend,系统设计,"fork() 和 clone() 是什么关系？为什么说线程是 clone() 的特例？",https://docs.oracle.com/en/java/,proprietary,draft,YES
question,xq-b-437,backend,Java,"static synchronized 方法与实例 synchronized 方法之间是什么关系？它们互斥吗？请用代码验",https://docs.oracle.com/en/java/,proprietary,draft,
question,xq-b-439,backend,Java,"synchronized 与 ReentrantLock 如何选型？请从功能、性能、使用方式三个维度对比。",https://docs.oracle.com/en/java/,proprietary,draft,
question,xq-b-440,backend,Java,"synchronized 修饰实例方法和静态方法时，分别锁的是什么对象？两个线程一个调用实例方法、一个调用静态方法，能同",https://docs.oracle.com/en/java/,proprietary,draft,
question,xq-b-441,backend,Java,"synchronized 和 ReentrantLock 的区别是什么？什么场景下应该优先选择 ReentrantLoc",https://docs.oracle.com/en/java/,proprietary,draft,
question,xq-b-442,backend,Java,"synchronized 如何保证内存可见性？它与 volatile 在可见性上有何本质区别？",https://docs.oracle.com/en/java/,proprietary,draft,
question,xq-b-443,backend,Java,"synchronized 是如何保证内存可见性的？请结合 happens-before 原则详细说明。",https://docs.oracle.com/en/java/,proprietary,draft,
question,xq-b-444,backend,Java,"synchronized 的可重入性（reentrancy）是如何实现的？它解决了什么问题？请结合代码说明。",https://docs.oracle.com/en/java/,proprietary,draft,
question,xq-b-445,backend,Java,"synchronized 的锁升级过程是什么？偏向锁、轻量级锁、重量级锁各自的设计动机和适用场景是什么？",https://docs.oracle.com/en/java/,proprietary,draft,
question,xq-b-446,backend,Java,"synchronized 的锁升级过程是怎样的（无锁→偏向锁→轻量级锁→重量级锁）？为什么需要这种优化？",https://docs.oracle.com/en/java/,proprietary,draft,
question,xq-b-447,backend,Java,"synchronized 锁的到底是"对象"还是"代码"？为什么说"锁的是对象"是理解 synchronized 的第一",https://docs.oracle.com/en/java/,proprietary,draft,
question,xq-b-448,backend,Java,"synchronized 锁的粒度如何选择？请结合"锁粗化"和"锁消除"说明 JVM 对锁的优化。",https://docs.oracle.com/en/java/,proprietary,draft,
question,xq-b-450,backend,Java,"volatile 与 synchronized 在实现机制、适用场景和性能开销上有何本质区别？",https://docs.oracle.com/en/java/,proprietary,draft,
question,xq-b-451,backend,Java,"volatile 与 synchronized 的区别是什么？请从语义、性能、适用场景三个维度对比，并说明为什么 vol",https://docs.oracle.com/en/java/,proprietary,draft,
question,xq-b-452,backend,Java,"volatile 保证什么、不保证什么？请结合 `volatile int i; i++` 说明其原子性边界。",https://docs.oracle.com/en/java/,proprietary,draft,
question,xq-b-453,backend,Java,"volatile 关键字到底保证什么、不保证什么？请从可见性、原子性、有序性三个维度展开，并给出代码示例说明其局限性。",https://docs.oracle.com/en/java/,proprietary,draft,
question,xq-b-458,backend,Java,"一个空的 `Object` 对象在 64 位 HotSpot JVM 上（开启压缩指针）占多少字节？请画出它的内存布局并",https://docs.oracle.com/en/java/,proprietary,draft,
question,xq-b-459,backend,Java,"一个空的 `Object` 对象在 64 位 HotSpot JVM 中默认占用多少字节？请结合对象内存布局详细说明。",https://docs.oracle.com/en/java/,proprietary,draft,
question,xq-b-472,backend,Java,"为什么 ConcurrentHashMap 不允许 null 键和 null 值？请从并发语义和设计取舍两个角度深入分析",https://docs.oracle.com/en/java/,proprietary,draft,
question,xq-b-480,backend,Java,"为什么 Java 中一个线程 OOM（OutOfMemoryError）会拖垮整个进程，而多进程架构不会？",https://docs.oracle.com/en/java/,proprietary,draft,
question,xq-b-493,backend,Java,"为什么 `String` 和 `Integer` 作为参数传入方法后，"修改"都不影响外部？它们与普通对象（如 Stri",https://docs.oracle.com/en/java/,proprietary,draft,
question,xq-b-497,backend,Java,"为什么 `newFixedThreadPool` 在生产环境容易引发 OOM？请从线程池参数角度解释根因，并给出修复方案",https://docs.oracle.com/en/java/,proprietary,draft,
question,xq-b-502,backend,Java,"为什么 pc 寄存器不会抛出 OutOfMemoryError？请从 JVM 规范和实现两个层面解释。",https://docs.oracle.com/en/java/,proprietary,draft,
question,xq-b-504,backend,Java,"为什么HashMap的容量必须是2的幂？负载因子为什么默认是0.75？",https://docs.oracle.com/en/java/,proprietary,draft,
question,xq-b-513,backend,系统设计,"为什么共享内存是速度最快的 IPC？它的性能优势在什么条件下会被抵消？请结合 CPU 缓存、锁竞争、系统调用开销来分析。",https://docs.oracle.com/en/java/,proprietary,draft,YES
question,xq-b-526,backend,Java,"为什么方法区在逻辑上属于堆的一部分，但 HotSpot 却用元空间（本地内存）实现？这种设计对 GC 和调优有什么影响？",https://docs.oracle.com/en/java/,proprietary,draft,
question,xq-b-527,backend,Java,"为什么方法能修改传入 List 的内容（如 add/remove），却不能通过 `list = new ArrayLis",https://docs.oracle.com/en/java/,proprietary,draft,
question,xq-b-534,backend,Java,"为什么说 `obj = null` 不会立即回收对象？GC 到底在什么时机触发？请从 JVM 机制层面解释。",https://docs.oracle.com/en/java/,proprietary,draft,
question,xq-b-538,backend,Java,"为什么说"测试只断言没抛异常"等于没测？请给出一个具体的反例和改进方案。",https://docs.oracle.com/en/java/,proprietary,draft,
question,xq-b-559,backend,Java,"什么是 Humongous 对象？G1 如何分配和回收它？为什么说 Humongous 对象容易引发性能问题？",https://docs.oracle.com/en/java/,proprietary,draft,
question,xq-b-560,backend,Java,"什么是 Humongous 对象？它有什么特殊处理方式和代价？在实际调优中应如何规避其负面影响？",https://docs.oracle.com/en/java/,proprietary,draft,
question,xq-b-568,backend,Java,"什么是 Remember Set（RSet）？它解决什么问题？G1 是如何维护它的？",https://docs.oracle.com/en/java/,proprietary,draft,
question,xq-b-572,backend,Java,"什么是 `<clinit>` 方法？它什么时候执行？JVM 如何保证多个线程同时初始化一个类时的线程安全？请结合 JLS",https://docs.oracle.com/en/java/,proprietary,draft,
question,xq-b-586,backend,综合应用,"什么是僵尸进程？SIGCHLD 信号与僵尸进程有什么关系？如何正确处理子进程退出？",https://docs.oracle.com/en/java/,proprietary,draft,YES
question,xq-b-587,backend,Java,"什么是分代假设（Generational Hypothesis）？它如何指导 HotSpot 的堆内存划分与收集策略？",https://docs.oracle.com/en/java/,proprietary,draft,
question,xq-b-591,backend,Java,"什么是单调栈？请以 LeetCode 739"每日温度"为例，说明单调栈如何将暴力 O(n²) 优化到 O(n)，并指出",https://docs.oracle.com/en/java/,proprietary,draft,
question,xq-b-592,backend,Java,"什么是压缩指针（Compressed Oops）？它为什么在堆超过 32GB 时失效？失效后对性能有什么影响？",https://docs.oracle.com/en/java/,proprietary,draft,
question,xq-b-593,backend,Java,"什么是压缩指针（Compressed Oops）？它在什么条件下生效，什么条件下失效？为什么堆超过约 32GB 时压缩指",https://docs.oracle.com/en/java/,proprietary,draft,
question,xq-b-594,backend,Java,"什么是可达性分析？哪些对象可以作为 GC Roots？请结合 JVM 实际场景说明。",https://docs.oracle.com/en/java/,proprietary,draft,
question,xq-b-597,backend,Java,"什么是完全二叉树？为什么堆用数组存储？请用数组实现一个小顶堆的 `push` 和 `pop` 操作。",https://docs.oracle.com/en/java/,proprietary,draft,
question,xq-b-60,backend,Java,"G1 为什么能成为 JDK 17 的默认收集器？请从设计目标、核心机制与适用场景三个维度分析，并对比它与 CMS 的本质",https://docs.oracle.com/en/java/,proprietary,draft,
question,xq-b-608,backend,Java,"什么是本地方法栈？它与 JVM 栈有什么区别？在什么场景下会用到？",https://docs.oracle.com/en/java/,proprietary,draft,
question,xq-b-61,backend,Java,"G1 收集器为什么能做到“可预测的停顿”？它的停顿模型和 CMS 有什么本质区别？",https://docs.oracle.com/en/java/,proprietary,draft,
question,xq-b-610,backend,Java,"什么是死锁？请用一句话定义，并解释为什么说"同步代码里调用外部方法"是死锁的温床。",https://docs.oracle.com/en/java/,proprietary,draft,
question,xq-b-62,backend,Java,"G1 收集器为什么能成为 JDK 17 的默认选择？它的核心设计思想和停顿预测模型是什么？",https://docs.oracle.com/en/java/,proprietary,draft,
question,xq-b-63,backend,Java,"G1 收集器如何实现"可预测的停顿时间"？它的 Region 化设计与传统分代收集器相比，核心优势是什么？",https://docs.oracle.com/en/java/,proprietary,draft,
question,xq-b-632,backend,Java,"以下代码会抛什么异常？发生在哪个数据区？如何定位？ ```java static void r() { r(); } p",https://docs.oracle.com/en/java/,proprietary,draft,
question,xq-b-633,backend,Java,"以下代码存在什么问题？如何修复？ ```java class Counter {     private int cou",https://docs.oracle.com/en/java/,proprietary,draft,
question,xq-b-637,backend,Java,"你在线上遇到 G1 的 `MaxGCPauseMillis` 设置 200ms 但实际停顿频繁超过 500ms，请给出排",https://docs.oracle.com/en/java/,proprietary,draft,
question,xq-b-638,backend,Java,"你在线上遇到一个 JVM 频繁 Full GC 的服务，堆内存设置为 40GB。请分析可能的原因，并给出排查和调优方案。",https://docs.oracle.com/en/java/,proprietary,draft,
question,xq-b-64,backend,Java,"G1 收集器如何实现"可预测的停顿时间"？请解释 Region、Remember Set、SATB 和混合回收（Mixe",https://docs.oracle.com/en/java/,proprietary,draft,
question,xq-b-642,backend,Java,"你如何理解"测试只断言'没抛异常'，等于没测"这句话？请给出一个"坏断言"和"好断言"的代码示例对比。",https://docs.oracle.com/en/java/,proprietary,draft,
question,xq-b-65,backend,Java,"G1 的 Mixed GC（混合回收）是如何选择要回收的 Old Region 的？它如何实现“可预测停顿”这一目标？",https://docs.oracle.com/en/java/,proprietary,draft,
question,xq-b-650,backend,系统设计,"信号处理器（signal handler）中为什么不能随意调用 printf 或 malloc？什么是 async-si",https://docs.oracle.com/en/java/,proprietary,draft,YES
question,xq-b-651,backend,系统设计,"信号量（semaphore）和互斥锁（mutex）在进程间同步中有何本质区别？在「生产者-消费者」模型中，如何用信号量实",https://docs.oracle.com/en/java/,proprietary,draft,YES
question,xq-b-653,backend,Java,"假设你在一个类加载器 A 中加载了类 `com.example.User`，在另一个类加载器 B 中也加载了同名类。现在",https://docs.oracle.com/en/java/,proprietary,draft,
question,xq-b-658,backend,系统设计,"共享内存不加锁并发自增一个计数器 100 万次，结果为什么往往小于预期值？请从 CPU 指令层面解释竞态产生的根源，并说",https://docs.oracle.com/en/java/,proprietary,draft,YES
question,xq-b-66,backend,Java,"G1 的 Remember Set（RSet）解决了什么问题？它是如何被维护的？为什么说它是 G1 的内存开销大户？",https://docs.oracle.com/en/java/,proprietary,draft,
question,xq-b-661,backend,系统设计,"写时复制（Copy-On-Write）在 fork() 中是如何工作的？父子进程修改全局变量时会发生什么？",https://docs.oracle.com/en/java/,proprietary,draft,YES
question,xq-b-662,backend,Java,"分代收集假说的内容是什么？为什么 JVM 要采用分代收集？新生代和老年代分别采用什么 GC 算法？",https://docs.oracle.com/en/java/,proprietary,draft,
question,xq-b-67,backend,Java,"G1 的 Young GC 和 Mixed GC 分别处理哪些 Region？它们的触发条件和执行过程有何不同？",https://docs.oracle.com/en/java/,proprietary,draft,
question,xq-b-68,backend,Java,"GC 如何判定一个对象是否可被回收？请从可达性分析的角度说明，并指出与引用计数法的本质区别。",https://docs.oracle.com/en/java/,proprietary,draft,
question,xq-b-682,backend,Java,"单例模式与静态工具类（如 Math、Collections）的本质区别是什么？什么时候应该用单例，什么时候应该用静态工具",https://docs.oracle.com/en/java/,proprietary,draft,
question,xq-b-683,backend,Java,"单例模式是面试必考题。请写出三种线程安全的单例实现方式，并对比它们的优缺点。哪种方式在 Java 中最推荐？",https://docs.oracle.com/en/java/,proprietary,draft,
question,xq-b-684,backend,Java,"单例模式有哪些实现方式？请逐一列出并说明各自优缺点，最后给出你的推荐。",https://docs.oracle.com/en/java/,proprietary,draft,
question,xq-b-69,backend,Java,"GC 日志是调优的第一手资料。JDK 9+ 统一日志体系（`-Xlog:gc*`）相比旧版 `-XX:+PrintGCD",https://docs.oracle.com/en/java/,proprietary,draft,
question,xq-b-692,backend,Java,"回溯算法和暴力枚举有什么区别？请以“全排列”为例，说明回溯如何利用剪枝优化。",https://docs.oracle.com/en/java/,proprietary,draft,
question,xq-b-70,backend,Java,"GC 调优中"吞吐量 / 停顿时间 / 内存足迹"三者构成权衡三角。请用 Amdahl 定律解释为什么多核下 GC 开销",https://docs.oracle.com/en/java/,proprietary,draft,
question,xq-b-704,backend,Java,"在 Clean Architecture 中，如何实现“依赖倒置”让数据库从 MySQL 替换为 PostgreSQL ",https://docs.oracle.com/en/java/,proprietary,draft,
question,xq-b-706,backend,Java,"在 DDD 中，领域服务（Domain Service）和 Application Service（应用服务）有什么区别",https://docs.oracle.com/en/java/,proprietary,draft,
question,xq-b-710,backend,Java,"在 G1 中，什么是 Mixed GC？它与 Young GC、Full GC 有什么区别？触发条件分别是什么？",https://docs.oracle.com/en/java/,proprietary,draft,
question,xq-b-714,backend,Java,"在 JUnit 5 中，`@Nested` 注解的作用是什么？它如何帮助组织测试代码？请结合一个实际场景说明。",https://docs.oracle.com/en/java/,proprietary,draft,
question,xq-b-715,backend,Java,"在 Java 中，如何用 `jstack` 排查死锁？如果 `jstack` 没直接报告死锁，你如何进一步定位？",https://docs.oracle.com/en/java/,proprietary,draft,
question,xq-b-716,backend,Java,"在 Java 中，如何用函数式接口（如 `java.util.function.Function`）简化策略模式，避免策",https://docs.oracle.com/en/java/,proprietary,draft,
question,xq-b-718,backend,Java,"在 K8s 容器环境中，JVM 为什么可能被 OOM Kill？如何正确配置 JVM 内存参数以适配容器？",https://docs.oracle.com/en/java/,proprietary,draft,
question,xq-b-742,backend,Java,"在 TDD 中，如何定义"最小实现"（Minimal Implementation）？请举例说明：用 TDD 实现一个字",https://docs.oracle.com/en/java/,proprietary,draft,
question,xq-b-751,backend,Java,"在Java I/O体系中，`BufferedInputStream` 和 `DataInputStream` 都是装饰器",https://docs.oracle.com/en/java/,proprietary,draft,
question,xq-b-782,backend,Java,"在多线程环境下，多个线程同时对同一个 ArrayList 执行 add 和遍历操作，会发生什么？为什么？如何解决？",https://docs.oracle.com/en/java/,proprietary,draft,
question,xq-b-8,backend,Java,"500 响应中返回堆栈细节（如 Java StackTrace、Python Traceback）为什么是安全漏洞？正确",https://docs.oracle.com/en/java/,proprietary,draft,
question,xq-b-805,backend,Java,"在持有锁时进行RPC或阻塞IO，为什么是生产环境的重大隐患？请分析其危害并给出改进方案。",https://docs.oracle.com/en/java/,proprietary,draft,
question,xq-b-806,backend,Java,"在持有锁的情况下进行 RPC 或阻塞 IO 为什么危险？请从锁竞争和死锁两个角度分析，并给出改进方案。",https://docs.oracle.com/en/java/,proprietary,draft,
question,xq-b-808,backend,Java,"在方法内部对 `String` 进行拼接（如 `s += "x"`）时，JVM 底层发生了什么？为什么说它会影响性能？与",https://docs.oracle.com/en/java/,proprietary,draft,
question,xq-b-818,backend,Java,"在编写 JUnit 5 单元测试时，如何正确测试异常场景？`assertThrows` 和 `assertDoesNot",https://docs.oracle.com/en/java/,proprietary,draft,
question,xq-b-825,backend,Java,"在集成测试中，如何设计测试数据以验证"事务回滚"的正确性？请给出具体方案和断言策略。",https://docs.oracle.com/en/java/,proprietary,draft,
question,xq-b-830,backend,Java,"堆内存溢出（OOM）与栈溢出（StackOverflowError）分别对应哪个区域？如何通过 JVM 参数定位和解决？",https://docs.oracle.com/en/java/,proprietary,draft,
question,xq-b-831,backend,Java,"堆内存溢出（OutOfMemoryError: Java heap space）和栈溢出（StackOverflowEr",https://docs.oracle.com/en/java/,proprietary,draft,
question,xq-b-840,backend,Java,"如何用 Linux 命令查看一个 Java 进程的线程数和线程状态？请给出具体命令和解读方法。",https://docs.oracle.com/en/java/,proprietary,draft,
question,xq-b-843,backend,Java,"如何用两个堆实时维护数据流的中位数？请给出完整实现并分析时间复杂度。",https://docs.oracle.com/en/java/,proprietary,draft,
question,xq-b-851,backend,Java,"如果用可变对象作为 HashMap 的 key，会有什么问题？如何正确设计一个自定义 key？",https://docs.oracle.com/en/java/,proprietary,draft,
question,xq-b-852,backend,Java,"如果用可变对象（如ArrayList）作为HashMap的key，会发生什么问题？如何避免？",https://docs.oracle.com/en/java/,proprietary,draft,
question,xq-b-87,backend,Java,"HashMap 与 Hashtable、ConcurrentHashMap 三者的区别是什么？在什么场景下应该选择哪一个",https://docs.oracle.com/en/java/,proprietary,draft,
question,xq-b-879,backend,Java,"对比辨析：`ClassNotFoundException` 和 `NoClassDefFoundError` 有什么区别",https://docs.oracle.com/en/java/,proprietary,draft,
question,xq-b-88,backend,Java,"HashMap 为什么非线程安全？并发 put 时具体会发生哪些问题？请对比 ConcurrentHashMap 的解决",https://docs.oracle.com/en/java/,proprietary,draft,
question,xq-b-882,backend,Java,"已知要存储100万条记录，如何初始化HashMap以优化性能？请给出具体参数和理由。",https://docs.oracle.com/en/java/,proprietary,draft,
question,xq-b-887,backend,Java,"并查集（Union-Find）如何实现路径压缩和按秩合并？为什么两者结合后复杂度接近 O(1)？",https://docs.oracle.com/en/java/,proprietary,draft,
question,xq-b-888,backend,Java,"并查集（Union-Find）的路径压缩和按秩合并分别解决什么问题？为什么两者结合后操作近乎 O(1)？",https://docs.oracle.com/en/java/,proprietary,draft,
question,xq-b-89,backend,Java,"HashMap 为什么非线程安全？并发环境下会出现哪些具体问题？如何解决？",https://docs.oracle.com/en/java/,proprietary,draft,
question,xq-b-892,backend,Java,"强引用、软引用、弱引用、虚引用四者的区别是什么？各自典型应用场景？",https://docs.oracle.com/en/java/,proprietary,draft,
question,xq-b-893,backend,Java,"强引用、软引用、弱引用、虚引用在回收时机上的差异，本质上反映了 JVM 对"内存压力"的不同响应策略。请对比分析这四种引",https://docs.oracle.com/en/java/,proprietary,draft,
question,xq-b-894,backend,Java,"强引用、软引用、弱引用、虚引用的区别是什么？各自适用的典型场景有哪些？请用代码示例说明。",https://docs.oracle.com/en/java/,proprietary,draft,
question,xq-b-9,backend,Java,"@Transactional 注解的常用属性有哪些？readOnly=true 对 MySQL InnoDB 的实际作用",https://docs.oracle.com/en/java/,proprietary,draft,
question,xq-b-90,backend,Java,"HashMap 允许 null 键和 null 值，而 ConcurrentHashMap 不允许。请从设计角度分析这种",https://docs.oracle.com/en/java/,proprietary,draft,
question,xq-b-904,backend,Java,"接口隔离原则（ISP）与单一职责原则（SRP）有何本质区别？请用一个包含"只写代码的开发者"和"全栈开发者"的接口设计案",https://docs.oracle.com/en/java/,proprietary,draft,
question,xq-b-909,backend,Java,"方法区（JDK 8+ 的元空间）与永久代（PermGen）有什么区别？为什么 HotSpot 要做出这一变更？",https://docs.oracle.com/en/java/,proprietary,draft,
question,xq-b-91,backend,Java,"HashMap 和 ConcurrentHashMap 在并发场景下的核心差异是什么？JDK 8 的 Concurren",https://docs.oracle.com/en/java/,proprietary,draft,
question,xq-b-914,backend,Java,"有人说"tryLock超时是死锁的银弹"，你怎么看？它可能引入什么问题？",https://docs.oracle.com/en/java/,proprietary,draft,
question,xq-b-916,backend,Java,"有人说"设计模式是给缺乏语言特性的人用的"。以 Java 为例，哪些语言特性替代了某些 GoF 模式？这是否意味着模式过",https://docs.oracle.com/en/java/,proprietary,draft,
question,xq-b-92,backend,Java,"HashMap 在多线程环境下有哪些问题？JDK7 和 JDK8 的差异是什么？为什么 ConcurrentHashMa",https://docs.oracle.com/en/java/,proprietary,draft,
question,xq-b-923,backend,系统设计,"条件变量（pthread_cond）为什么要配互斥锁使用？为什么检查条件必须用 while 而不是 if？",https://docs.oracle.com/en/java/,proprietary,draft,YES
question,xq-b-93,backend,Java,"HashMap 的哈希扰动函数 `hash = key.hashCode() ^ (h >>> 16)` 的作用是什么？",https://docs.oracle.com/en/java/,proprietary,draft,
question,xq-b-94,backend,Java,"HashMap 的底层数据结构是什么？为什么 JDK 8 要引入红黑树？树化的触发条件是什么？",https://docs.oracle.com/en/java/,proprietary,draft,
question,xq-b-95,backend,Java,"HashMap 的扩容机制是怎样的？为什么默认负载因子是 0.75？扩容时元素如何重新分布？",https://docs.oracle.com/en/java/,proprietary,draft,
question,xq-b-952,backend,Java,"生产环境上服务"慢慢僵死、CPU不高、请求全堵"，你如何定位是否为死锁？请给出具体排查步骤。",https://docs.oracle.com/en/java/,proprietary,draft,
question,xq-b-96,backend,Java,"HashMap 的树化阈值为什么是 8？为什么退化阈值是 6 而不是 7？请从概率与工程角度分析。",https://docs.oracle.com/en/java/,proprietary,draft,
question,xq-b-97,backend,Java,"HashMap 的迭代器为什么是 fail-fast？`ConcurrentModificationException`",https://docs.oracle.com/en/java/,proprietary,draft,
question,xq-b-972,backend,Java,"类的生命周期中，加载（Loading）、链接（Linking）和初始化（Initialization）三个阶段分别做了什",https://docs.oracle.com/en/java/,proprietary,draft,
question,xq-b-978,backend,Java,"线上 CPU 飙升 100%，如何用 JDK 自带工具一步步定位到问题代码？",https://docs.oracle.com/en/java/,proprietary,draft,
question,xq-b-979,backend,Java,"线上 JVM 发生 OOM 时，常见的 OOM 类型有哪些？各自对应的排查思路是什么？",https://docs.oracle.com/en/java/,proprietary,draft,
question,xq-b-98,backend,Java,"HashMap在多线程环境下会发生什么问题？为什么JDK 7中会出现死循环，而JDK 8修复了？现在应该用什么替代？",https://docs.oracle.com/en/java/,proprietary,draft,
question,xq-b-983,backend,Java,"线上应用频繁 Full GC 且接口偶发长延迟，你会如何系统排查？请给出完整的排查思路和工具链使用顺序。",https://docs.oracle.com/en/java/,proprietary,draft,
question,xq-b-985,backend,Java,"线上服务 CPU 飙高到 100%，请描述你的完整排查思路和每一步使用的命令。如果最终定位到是某个 Java 线程，如何",https://docs.oracle.com/en/java/,proprietary,draft,
question,xq-b-986,backend,Java,"线上服务突然出现"Full GC 后响应变慢"，请给出排查思路，并指出至少两个可能导致 Full GC 的常见原因及其 ",https://docs.oracle.com/en/java/,proprietary,draft,
question,xq-b-987,backend,系统设计,"线程崩溃（如野指针）为什么会导致整个进程退出？如何避免或隔离这种风险？",https://docs.oracle.com/en/java/,proprietary,draft,YES
question,xq-b-988,backend,Java,"线程池的 `keepAliveTime` 参数有什么作用？它是否对核心线程生效？如何配置才能让核心线程也能被回收？",https://docs.oracle.com/en/java/,proprietary,draft,
question,xq-b-989,backend,Java,"经典问题：双重检查锁（DCL）单例为什么必须用 volatile 修饰 instance 字段？如果不用 volatil",https://docs.oracle.com/en/java/,proprietary,draft,
question,xq-b-990,backend,Java,"结合 JVM 内存模型，解释值传递时"原始类型存栈、引用类型存栈+堆"如何影响参数传递的行为？",https://docs.oracle.com/en/java/,proprietary,draft,
question,xq-b-991,backend,Java,"给定一个场景：`new ThreadPoolExecutor(2  4  60  SECONDS  new ArrayB",https://docs.oracle.com/en/java/,proprietary,draft,
question,oq19,devops,Linux,"Linux 排查 CPU/内存/IO 高负载的命令",https://man7.org/linux/man-pages/,proprietary,draft,
question,oq2,devops,Linux,"Linux 系统负载高如何排查？",https://man7.org/linux/man-pages/,proprietary,draft,
question,oq36,devops,Linux,"什么是 eBPF？它解决了什么？",https://man7.org/linux/man-pages/,proprietary,draft,
question,os1,devops,Linux,"【场景题】凌晨服务器磁盘爆满告警，如何处理？",https://man7.org/linux/man-pages/,proprietary,draft,
question,rq-o-op-cloud-0-1,devops,综合应用,"请解释 IaaS、PaaS、SaaS 三者的核心区别，并分别举一个云厂商的典型产品例子。如果一家初创公司只有 3 个后端",https://man7.org/linux/man-pages/,proprietary,draft,YES
question,rq-o-op-cloud-0-3,devops,云存储,"对比对象存储（OSS/S3）和云硬盘（云盘/块存储）在性能、使用场景、计费方式上的核心差异。如果一个应用需要频繁读写小文",https://man7.org/linux/man-pages/,proprietary,draft,YES
question,rq-o-op-cloud-0-4,devops,云平台,"在云平台上，经常听到“地域（Region）”和“可用区（AZ）”两个概念。请解释它们的区别，并说明在部署高可用应用时，如",https://man7.org/linux/man-pages/,proprietary,draft,YES
question,rq-o-op-cloud-0-6,devops,综合应用,"你负责将公司自建机房的一个 MySQL 数据库迁移到云上 RDS。请说明迁移前需要做哪些评估和准备工作，并给出一种不停机",https://man7.org/linux/man-pages/,proprietary,draft,YES
question,rq-o-op-cloud-2-1,devops,云计算,"请解释云主机实例规格（Instance Type）的核心概念，并说明在运维中如何根据业务场景选择合适的实例规格？",https://man7.org/linux/man-pages/,proprietary,draft,YES
question,rq-o-op-cloud-2-2,devops,云计算,"云主机镜像（Image）与快照（Snapshot）有何本质区别？在运维中，如何正确使用它们实现系统迁移与数据恢复？",https://man7.org/linux/man-pages/,proprietary,draft,YES
question,rq-o-op-cloud-2-3,devops,云存储,"对象存储（如OSS/S3）的生命周期管理（Lifecycle）有哪些核心规则？请设计一个“日志文件自动归档与清理”的配置",https://man7.org/linux/man-pages/,proprietary,draft,YES
question,rq-o-op-cloud-2-4,devops,云计算,"在云主机运维中，你如何排查“实例CPU负载飙高但业务QPS未增长”的问题？请给出完整排查链路，并说明可能的原因。",https://man7.org/linux/man-pages/,proprietary,draft,YES
question,rq-o-op-cloud-2-5,devops,云计算,"请对比“云盘快照”与“对象存储版本控制”在数据保护上的异同，并说明各自适用的容灾场景。",https://man7.org/linux/man-pages/,proprietary,draft,YES
question,rq-o-op-cloud-2-6,devops,云计算,"请编写一个Shell脚本，实现“每日凌晨2点对指定云主机的数据盘创建快照，并保留最近7个快照，自动删除更早的”。要求考虑",https://man7.org/linux/man-pages/,proprietary,draft,YES
question,rq-o-op-cloud-3-6,devops,综合应用,"当云监控显示某台ECS的CPU使用率持续100%，但业务响应正常、无用户投诉。作为初级运维，你会如何排查该现象？请列出排",https://man7.org/linux/man-pages/,proprietary,draft,YES
question,rq-o-op-cloud-4-7,devops,云计算,"请编写一个Shell脚本，用于自动创建云服务器快照并跨区域复制，要求包含异常处理和日志记录。",https://man7.org/linux/man-pages/,proprietary,draft,YES
question,rq-o-op-cloud-junior-1-3,devops,安全,"在云平台上，你创建了一个安全组允许 0.0.0.0/0 的 22 端口入站，但 SSH 仍然无法连接。请从 VPC 与安",https://man7.org/linux/man-pages/,proprietary,draft,YES
question,rq-o-op-cloud-mid-0-1,devops,综合应用,"请解释 Terraform 中 HCL 语法与 JSON 配置的区别，并说明为什么 Terraform 选择 HCL 作",https://man7.org/linux/man-pages/,proprietary,draft,YES
question,rq-o-op-cloud-mid-0-2,devops,综合应用,"Terraform 的 state 文件是什么？为什么它如此重要？请描述 state 文件损坏或丢失后的恢复策略，并说明",https://man7.org/linux/man-pages/,proprietary,draft,YES
question,rq-o-op-cloud-mid-0-3,devops,综合应用,"请列举 Terraform 中常见的 state 管理命令及其使用场景，并重点说明 `terraform state m",https://man7.org/linux/man-pages/,proprietary,draft,YES
question,rq-o-op-cloud-mid-1-4,devops,综合应用,"在生产环境中，节点池中的某台节点出现 `NotReady` 状态，但云控制台显示实例运行正常。请给出完整的排查思路与命令",https://man7.org/linux/man-pages/,proprietary,draft,YES
question,rq-o-op-cloud-senior-2-4,devops,综合应用,"请对比“基于资源的策略（Resource-based Policy）”与“基于身份的策略（Identity-based ",https://man7.org/linux/man-pages/,proprietary,draft,YES
question,rq-o-op-cloud-senior-3-1,devops,综合应用,"在云原生迁移方案设计中，如何系统性地进行上云评估？请从技术、业务、成本三个维度展开，并说明评估结果如何直接影响后续的迁移",https://man7.org/linux/man-pages/,proprietary,draft,YES
question,rq-o-op-cloud-senior-3-2,devops,综合应用,"请对比Rehost（直接迁移）、Replatform（平台化改造）、Refactor（重构）、Repurchase（替换",https://man7.org/linux/man-pages/,proprietary,draft,YES
question,rq-o-op-cloud-senior-3-4,devops,综合应用,"在云原生迁移中，数据库迁移往往是最复杂的一环。请分析自建MySQL迁移至云RDS（如阿里云RDS for MySQL）的",https://man7.org/linux/man-pages/,proprietary,draft,YES
question,rq-o-op-devops-2-1-r3,devops,Linux,"请说明什么是运维工具脚本开发？在运维/DevOps 场景中，Python 和 Go 分别适合开发哪类工具？请结合典型场景",https://man7.org/linux/man-pages/,proprietary,draft,
question,rq-o-op-devops-2-2-r3,devops,Linux,"在编写运维脚本时，如何处理“命令执行失败但退出码为 0”这类隐蔽错误？请以 Python 为例，给出至少两种检测策略。",https://man7.org/linux/man-pages/,proprietary,draft,
question,rq-o-op-devops-2-3-r3,devops,Linux,"对比 Python 的 `subprocess.run()` 与 `os.system()`，在运维脚本中为何推荐前者？",https://man7.org/linux/man-pages/,proprietary,draft,
question,rq-o-op-devops-3-6,devops,Linux,"请列举多环境配置管理中至少三个“常见坑”，并针对每个坑给出具体的规避方案或工具实践。",https://man7.org/linux/man-pages/,proprietary,draft,
question,rq-o-op-k8s-junior-0-5,devops,Linux,"请列举 Docker 容器退出后无法删除（`docker rm` 报错）的常见原因及排查方法，并给出对应的解决方案。同时",https://man7.org/linux/man-pages/,proprietary,draft,
question,rq-o-op-k8s-junior-1-5,devops,Linux,"某 Pod 处于 `CrashLoopBackOff` 状态，请描述完整的排查思路和常用 kubectl 命令，并写出可",https://man7.org/linux/man-pages/,proprietary,draft,
question,rq-o-op-k8s-mid-1-7,devops,Linux,"请描述一个生产故障场景：某服务通过 Ingress 暴露，用户反馈间歇性 502 错误。你如何排查？请列出排查思路和关键",https://man7.org/linux/man-pages/,proprietary,draft,
question,rq-o-op-k8s-senior-1-2,devops,Linux,"当集群中两个 Pod 在不同节点上无法互通（ping 不通），但同节点 Pod 通信正常，请给出系统化的排查思路与命令序",https://man7.org/linux/man-pages/,proprietary,draft,
question,rq-o-op-sec-0-1,devops,安全,"请解释“系统加固基线”的含义，并列举出 Linux 系统加固中至少 5 个必须覆盖的检查项。",https://man7.org/linux/man-pages/,proprietary,draft,YES
question,rq-o-op-sec-0-2,devops,安全,"端口收敛是安全加固的常见手段。请说明如何安全地识别并关闭不必要的端口，并给出一个实际排查命令组合。",https://man7.org/linux/man-pages/,proprietary,draft,YES
question,rq-o-op-sec-0-2-r2,devops,安全,"在 Linux 主机上，如何从零开始配置一套基础的主机入侵防护（HIDS）策略？请至少列出 5 个关键监控维度，并给出具",https://man7.org/linux/man-pages/,proprietary,draft,YES
question,rq-o-op-sec-0-3,devops,安全,"补丁管理是安全运维的关键环节。请对比“热补丁”与“冷补丁”的适用场景，并说明 Linux 内核补丁的常见风险与回滚策略。",https://man7.org/linux/man-pages/,proprietary,draft,YES
question,rq-o-op-sec-0-4,devops,安全,"在安全加固中，常见误区是“加固=封端口+改密码”。请从“纵深防御”角度，指出至少 3 个被忽视的加固薄弱点，并说明如何补",https://man7.org/linux/man-pages/,proprietary,draft,YES
question,rq-o-op-sec-0-5-r2,devops,网络,"请编写一个 Shell/Python 脚本，实现以下功能：监控某个 Web 服务（如 Nginx）的访问日志，对 5 分",https://man7.org/linux/man-pages/,proprietary,draft,
question,rq-o-op-sec-0-6-r2,devops,安全,"请设计一个自动化基线检查脚本的核心逻辑（可用伪代码），要求能检查 SSH 配置、密码策略和监听端口，并输出“通过/不通过",https://man7.org/linux/man-pages/,proprietary,draft,YES
question,rq-o-op-sec-1-2,devops,安全,"在漏洞扫描中，什么是“凭据扫描”（Credentialed Scan）？它与非凭据扫描相比，在原理和结果上有何本质区别？",https://man7.org/linux/man-pages/,proprietary,draft,YES
question,rq-o-op-sec-2-1,devops,安全,"请解释安全日志采集与审计的核心目标是什么？在运维环境中，安全日志通常包含哪些关键数据源？",https://man7.org/linux/man-pages/,proprietary,draft,YES
question,rq-o-op-sec-2-2,devops,Linux,"如何设计一个集中式日志采集架构？请对比Agent直推与Syslog转发两种方式的优缺点。",https://man7.org/linux/man-pages/,proprietary,draft,
question,rq-o-op-sec-2-2-r2,devops,安全,"在 HIDS 告警中，发现某进程频繁读取 `/etc/shadow` 文件且 CPU 占用异常，请描述你的研判思路与排查",https://man7.org/linux/man-pages/,proprietary,draft,YES
question,rq-o-op-sec-2-3,devops,Linux,"在Linux系统中，如何从`/var/log/secure`中快速识别SSH暴力破解的可疑行为？请写出具体命令和判断逻辑",https://man7.org/linux/man-pages/,proprietary,draft,
question,rq-o-op-sec-3-2,devops,安全,"在Linux服务器上，你如何规划并部署一套iptables防火墙策略？请写出一个最小化且安全的规则集（仅开放SSH、HT",https://man7.org/linux/man-pages/,proprietary,draft,YES
question,rq-o-op-sec-3-3,devops,安全,"堡垒机（Jump Server）的核心价值是什么？如果让你从零部署一套开源堡垒机（如JumpServer/Cowrie）",https://man7.org/linux/man-pages/,proprietary,draft,YES
question,rq-o-op-sec-4-1,devops,安全,"请解释什么是密钥与凭证管理，为什么在现代运维/DevOps环境中它如此重要？请列举至少三种常见的密钥类型。",https://man7.org/linux/man-pages/,proprietary,draft,YES
question,rq-o-op-sec-senior-1-1,devops,安全,"在安全应急响应中，如何对一台被入侵的Linux服务器进行“事件分级处置”？请给出分级标准、处置流程以及每一步的关键动作。",https://man7.org/linux/man-pages/,proprietary,draft,YES
question,rq-o-op-sec-senior-1-3,devops,Linux,"请对比“内存取证”与“磁盘取证”在应急响应中的适用场景、优缺点，并说明在Linux下各自的关键取证步骤。",https://man7.org/linux/man-pages/,proprietary,draft,
question,rq-o-op-sec-senior-2-2,devops,安全,"在等保2.0三级系统中，“安全计算环境”对身份鉴别和访问控制提出了哪些具体技术要求？请结合Linux服务器运维场景，给出",https://man7.org/linux/man-pages/,proprietary,draft,YES
question,rq-o-op-sre-2-2,devops,Linux,"在设计自愈脚本时，为什么必须强调“幂等性”？请给出一个具体的非幂等导致事故的案例，并说明如何通过代码设计（如锁、状态标记",https://man7.org/linux/man-pages/,proprietary,draft,
question,rq-o-op-sre-2-3,devops,Linux,"自愈脚本的安全边界通常包含哪些维度？请从权限控制、操作范围、执行环境和逃生通道四个方面，阐述如何防止自愈操作引发“二次事",https://man7.org/linux/man-pages/,proprietary,draft,
question,rq-o-op-sre-3-7,devops,Linux,"值班期间收到一条“数据库连接池耗尽”的P2告警，但业务指标（QPS、错误率）均正常。作为初级SRE，请给出你的排查思路与",https://man7.org/linux/man-pages/,proprietary,draft,
question,rq-o-op-sre-junior-1-1,devops,Linux,"请解释Shell脚本中`$?`、`$#`、`$@`、`$*`这几个特殊变量的含义，并说明它们在实际脚本编写中各自典型的应",https://man7.org/linux/man-pages/,proprietary,draft,
question,rq-o-op-sre-junior-1-2,devops,Linux,"请详细说明bash中单引号、双引号、反引号（`）和`$()`在变量展开和命令替换上的区别，并给出一个混合使用的实际场景。",https://man7.org/linux/man-pages/,proprietary,draft,
question,rq-o-op-sre-junior-1-3,devops,Linux,"在Shell脚本中，`set -e`、`set -u`、`set -x`和`set -o pipefail`分别有什么作",https://man7.org/linux/man-pages/,proprietary,draft,
question,rq-o-op-sre-junior-1-4,devops,Linux,"请编写一个bash脚本，实现以下功能：监控一个指定目录（如`/data/logs`）下的`.log`文件，当文件大小超过",https://man7.org/linux/man-pages/,proprietary,draft,
question,rq-o-op-sre-junior-1-5,devops,Linux,"请对比`awk`、`sed`和`grep`在文本处理中的定位和典型使用场景，并给出一个三者配合完成“从nginx访问日志",https://man7.org/linux/man-pages/,proprietary,draft,
question,rq-o-op-trad-2-1,devops,Linux,"MySQL 在运维中常见的性能瓶颈有哪些？请从硬件、系统、MySQL 自身三个层面分别说明，并给出对应的调优思路。",https://man7.org/linux/man-pages/,proprietary,draft,
question,rq-o-op-trad-2-2,devops,Linux,"请详细解释 MySQL InnoDB 的 Buffer Pool 工作机制，并说明如何通过状态变量判断其是否配置合理。",https://man7.org/linux/man-pages/,proprietary,draft,
question,rq-o-op-trad-2-3,devops,Linux,"Redis 持久化机制有 RDB 和 AOF 两种，请对比它们的原理、优缺点，并说明在什么场景下应如何选择与配合使用。",https://man7.org/linux/man-pages/,proprietary,draft,
question,rq-o-op-trad-2-5,devops,Linux,"消息队列（以 RabbitMQ 为例）如何保证消息不丢失？请从生产者、Broker、消费者三个环节分别说明。",https://man7.org/linux/man-pages/,proprietary,draft,
question,rq-o-op-trad-2-5-r2,devops,Linux,"请对比“变更失败后的回滚”与“变更失败后的修复-forward”，在什么场景下应该优先回滚而不是继续修复？请以数据库DD",https://man7.org/linux/man-pages/,proprietary,draft,
question,rq-o-op-trad-2-8,devops,Linux,"请以“MySQL数据库执行一条增加索引的DDL”为例，完整写出变更申请单中应包含的字段和内容，并说明如何通过该变更单提前",https://man7.org/linux/man-pages/,proprietary,draft,
question,rq-o-op-trad-3-1,devops,Linux,"请简述服务器硬件的基本构成，并说明各部件在运维日常巡检中的关注要点。",https://man7.org/linux/man-pages/,proprietary,draft,
question,rq-o-op-trad-3-1-r2,devops,Linux,"请解释备份与容灾的核心区别，以及RTO和RPO的定义与关系。在实际生产环境中，如何根据业务需求确定合理的RTO和RPO目",https://man7.org/linux/man-pages/,proprietary,draft,
question,rq-o-op-trad-3-2,devops,Linux,"RAID 0、1、5、10 的区别是什么？请从性能、容量利用率、容错能力和适用场景四个维度对比，并说明各自在磁盘故障时的",https://man7.org/linux/man-pages/,proprietary,draft,
question,rq-o-op-trad-3-2-r2,devops,Linux,"请深入分析传统备份方案（如tar、rsync、dump）与现代化备份工具（如Bacula、Restic、BorgBack",https://man7.org/linux/man-pages/,proprietary,draft,
question,rq-o-op-trad-3-3,devops,Linux,"IPMI 带外管理是什么？当服务器操作系统死机或网络不通时，如何通过 IPMI 进行故障诊断和恢复？请给出具体命令或操作",https://man7.org/linux/man-pages/,proprietary,draft,
question,rq-o-op-trad-3-3-r2,devops,Linux,"在一次恢复演练中，你发现使用LVM快照创建的备份在恢复后数据库报错“数据文件损坏”。请分析可能的原因，并给出完整的排查思",https://man7.org/linux/man-pages/,proprietary,draft,
question,rq-o-op-trad-3-4,devops,Linux,"你在巡检中发现某台服务器的RAID阵列状态为“Degraded”（降级），请描述你的完整处理流程，包括如何定位故障盘、如",https://man7.org/linux/man-pages/,proprietary,draft,
question,rq-o-op-trad-3-4-r2,devops,Linux,"请对比“同城双活”“异地多活”“两地三中心”三种容灾架构的优缺点。如果公司预算有限，但要求RPO≤15分钟、RTO≤1小",https://man7.org/linux/man-pages/,proprietary,draft,
question,rq-o-op-trad-3-5,devops,Linux,"RAID 卡缓存（Cache）的“Write Back”和“Write Through”模式有何区别？在什么场景下必须使",https://man7.org/linux/man-pages/,proprietary,draft,
question,rq-o-op-trad-3-5-r2,devops,Linux,"请设计一个MySQL数据库的自动化备份与恢复演练方案，要求包含全量、增量、异地备份，并给出恢复演练的完整流程与验证标准。",https://man7.org/linux/man-pages/,proprietary,draft,
question,rq-o-op-trad-3-6-r2,devops,Linux,"在容灾演练中，你发现从异地备份恢复的Web应用可以启动，但用户登录后会话（Session）丢失，所有请求都返回500错误",https://man7.org/linux/man-pages/,proprietary,draft,
question,rq-o-op-trad-4-1,devops,Linux,"请描述一次完整的故障排查流程，从接到告警到定位根因，你会如何按链路分层推进？请结合你常用的排查命令说明。",https://man7.org/linux/man-pages/,proprietary,draft,
question,rq-o-op-trad-4-2,devops,Linux,"当服务器CPU使用率持续100%但负载不高时，可能的原因是什么？如何用命令进一步确认？",https://man7.org/linux/man-pages/,proprietary,draft,
question,rq-o-op-trad-4-3,devops,Linux,"请对比“重启服务”和“滚动重启集群节点”两种止血手段的适用场景与风险，并说明在什么情况下你会选择前者而非后者。",https://man7.org/linux/man-pages/,proprietary,draft,
question,rq-o-op-trad-junior-0-1,devops,Linux,"Linux 中文件权限由哪些部分组成？`chmod 755` 和 `chmod 754` 分别代表什么含义？请解释 SU",https://man7.org/linux/man-pages/,proprietary,draft,
question,rq-o-op-trad-junior-0-2,devops,Linux,"如何查看当前系统所有进程？`ps`、`top`、`htop` 三者有何区别？如何找到占用 CPU 最高的进程并杀掉它？",https://man7.org/linux/man-pages/,proprietary,draft,
question,rq-o-op-trad-junior-0-4,devops,Linux,"systemd 中 `systemctl start`、`enable`、`restart`、`reload`、`sta",https://man7.org/linux/man-pages/,proprietary,draft,
question,rq-o-op-trad-junior-0-5,devops,Linux,"线上服务器 CPU 持续 100%，但 `top` 看不到明显高占用进程，可能是什么原因？如何进一步定位？",https://man7.org/linux/man-pages/,proprietary,draft,
question,rq-o-op-trad-junior-0-6,devops,Linux,"请对比 `systemctl` 与传统的 `service`/`chkconfig` 命令，说明 systemd 在服务",https://man7.org/linux/man-pages/,proprietary,draft,
question,rq-o-op-trad-junior-1-1,devops,Linux,"请解释 Shell 脚本中单引号、双引号和反引号（以及 $()）的区别，并说明在什么场景下应该用哪一种。",https://man7.org/linux/man-pages/,proprietary,draft,
question,rq-o-op-trad-junior-1-2,devops,Linux,"在 Shell 脚本中，`$?`、`$#`、`$@`、`$*`、`$$`、`$0` 分别代表什么？请说明 `$@` 与 ",https://man7.org/linux/man-pages/,proprietary,draft,
question,rq-o-op-trad-junior-1-4,devops,Linux,"请对比 `grep`、`sed`、`awk` 三者的核心用途与适用场景，并分别给出一个处理日志文件的典型命令示例。",https://man7.org/linux/man-pages/,proprietary,draft,
question,rq-o-op-trad-junior-1-5,devops,Linux,"写一个 bash 函数 `check_port`，用于检测指定端口是否被占用。若占用则输出进程名和 PID，否则输出“端",https://man7.org/linux/man-pages/,proprietary,draft,
question,rq-o-op-trad-junior-1-6,devops,Linux,"以下脚本本意是删除 `/tmp/test` 目录下所有 `.tmp` 文件，但执行后却删除了当前目录下的文件，请指出问题",https://man7.org/linux/man-pages/,proprietary,draft,
question,rq-o-op-trad-junior-1-7,devops,Linux,"请解释 `set -e`、`set -u`、`set -o pipefail` 的作用，并说明在编写生产级 Shell ",https://man7.org/linux/man-pages/,proprietary,draft,
question,rq-o-op-trad-junior-4-4,devops,Linux,"Nginx 常见调优参数有哪些？请从 worker 进程、连接数、内核参数三个层面说明，并解释 `worker_conn",https://man7.org/linux/man-pages/,proprietary,draft,
question,rq-o-op-trad-junior-4-5,devops,Linux,"当 Nginx 返回 502 Bad Gateway 时，请列出至少三种可能原因，并分别给出排查命令与解决思路。",https://man7.org/linux/man-pages/,proprietary,draft,
question,rq-o-op-trad-mid-1-6,devops,Linux,"Docker 容器中 PID 1 进程的特殊性是什么？为什么在容器内运行多进程服务时推荐使用 init 系统（如 tin",https://man7.org/linux/man-pages/,proprietary,draft,
question,rq-o-op-trad-senior-3-2,devops,Linux,"请深入讲解一下堡垒机（Jump Server）在自动化运维平台中的核心原理。它是如何实现“操作审计”和“权限控制”的？如",https://man7.org/linux/man-pages/,proprietary,draft,
question,rq-o-op-trad-senior-3-3,devops,Linux,"在推广自动化运维平台时，如何设计一个“批量作业”系统，使其能安全地在数千台服务器上执行命令？请谈谈你的设计思路，包括并发",https://man7.org/linux/man-pages/,proprietary,draft,
question,xq-o-1,devops,Linux,"/bin 与 /usr/bin、/lib 与 /usr/lib 在现代发行版中常通过符号链接合并，为什么还要区分？这种合",https://man7.org/linux/man-pages/,proprietary,draft,
question,xq-o-127,devops,Linux,"Redis 的 `bgsave` 执行 RDB 快照时，底层是如何做到不阻塞主线程的？`fork` 子进程的内存复制机制",https://man7.org/linux/man-pages/,proprietary,draft,
question,xq-o-130,devops,Linux,"SIGTERM 和 SIGKILL 的区别是什么？为什么运维中应优先使用 SIGTERM？",https://man7.org/linux/man-pages/,proprietary,draft,
question,xq-o-131,devops,Linux,"SIGTERM 和 SIGKILL 的核心区别是什么？为什么生产环境优先使用 SIGTERM 而不是 SIGKILL？",https://man7.org/linux/man-pages/,proprietary,draft,
question,xq-o-140,devops,Linux,"Shell 中单引号、双引号和不加引号三者在变量展开、命令替换、文件名展开（glob）和分词行为上有什么本质区别？请结合",https://man7.org/linux/man-pages/,proprietary,draft,
question,xq-o-141,devops,Linux,"Shell 函数中 `return` 和 `exit` 有什么区别？什么场景下误用 `exit` 会导致严重后果？请给出",https://man7.org/linux/man-pages/,proprietary,draft,
question,xq-o-176,devops,Linux,"`$(command)` 与反引号 `` `command` `` 在功能上有何异同？为什么官方推荐使用 `$(...)",https://man7.org/linux/man-pages/,proprietary,draft,
question,xq-o-177,devops,Linux,"`$(command)` 与反引号 `` `command` `` 在功能上有何异同？为什么现代 Shell 脚本推荐使",https://man7.org/linux/man-pages/,proprietary,draft,
question,xq-o-181,devops,Linux,"`/tmp` 目录的权限是 `drwxrwxrwt`（即 `1777`）。请解释 Sticky Bit 的作用，并说明如",https://man7.org/linux/man-pages/,proprietary,draft,
question,xq-o-182,devops,Linux,"`/tmp` 目录的清理机制是什么？为什么说把重要数据放在 `/tmp` 是危险的？生产环境中应如何正确使用临时目录？",https://man7.org/linux/man-pages/,proprietary,draft,
question,xq-o-185,devops,Linux,"`[ ]` 和 `[[ ]]` 在 Bash 中有什么区别？为什么说 `[[ ]]` 更安全？请给出一个 `[ ]` 会",https://man7.org/linux/man-pages/,proprietary,draft,
question,xq-o-186,devops,Linux,"`[ ]` 和 `[[ ]]` 在 Bash 中有什么区别？为什么说 `[[ ]]` 更安全？请给出至少两个 `[[ ]",https://man7.org/linux/man-pages/,proprietary,draft,
question,xq-o-188,devops,Linux,"`apt update` 和 `apt upgrade` 分别做了什么？为什么生产环境在升级前必须执行 `apt upd",https://man7.org/linux/man-pages/,proprietary,draft,
question,xq-o-189,devops,Linux,"`apt-mark hold nginx` 和 dnf 的 `versionlock` 插件分别实现了什么？为什么生产环",https://man7.org/linux/man-pages/,proprietary,draft,
question,xq-o-190,devops,Linux,"`awk` 中 `NR`、`NF`、`$0`、`$1`、`$NF` 分别代表什么？请用 `/etc/passwd` 为例",https://man7.org/linux/man-pages/,proprietary,draft,
question,xq-o-191,devops,Linux,"`cp -r` 复制含软链接的目录时，默认行为是什么？如何确保备份时保留软链接语义（不跟随）？请对比 `cp -r`、`",https://man7.org/linux/man-pages/,proprietary,draft,
question,xq-o-194,devops,Linux,"`dnf history` 的工作原理是什么？如何用它回滚一次有问题的升级？请给出完整命令序列。",https://man7.org/linux/man-pages/,proprietary,draft,
question,xq-o-202,devops,Linux,"`ls -li` 输出的第一列和最后一列分别是什么？如何用 `ls` 和 `find` 配合定位"占用大量空间的隐藏文件",https://man7.org/linux/man-pages/,proprietary,draft,
question,xq-o-204,devops,Linux,"`mv` 在同一文件系统内和跨文件系统时，行为有何本质不同？为什么说"跨分区 mv 大目录不是瞬间完成"？请从 inod",https://man7.org/linux/man-pages/,proprietary,draft,
question,xq-o-205,devops,Linux,"`mysqldump --single-transaction` 为什么能获得一致性快照？它和 `--lock-tabl",https://man7.org/linux/man-pages/,proprietary,draft,
question,xq-o-208,devops,Linux,"`nohup cmd &` 和 `cmd &` 有什么区别？为什么 nohup 后还要重定向输出？如何正确后台运行一个长",https://man7.org/linux/man-pages/,proprietary,draft,
question,xq-o-209,devops,Linux,"`nohup cmd &` 和 `cmd &` 的区别是什么？为什么 nohup 后还需要重定向输出？",https://man7.org/linux/man-pages/,proprietary,draft,
question,xq-o-212,devops,Linux,"`pkill -f nginx` 和 `killall nginx` 有什么区别？如何精确匹配进程名杀进程，避免误杀？",https://man7.org/linux/man-pages/,proprietary,draft,
question,xq-o-217,devops,Linux,"`rm -rf` 为什么极其危险？请给出至少三种防御策略，并说明如何防止"变量为空导致删根"的经典事故。",https://man7.org/linux/man-pages/,proprietary,draft,
question,xq-o-218,devops,Linux,"`rm -rf` 为何被称为"最危险命令"？请给出至少 3 种防御策略，并说明在 Shell 脚本中如何防止变量为空导致",https://man7.org/linux/man-pages/,proprietary,draft,
question,xq-o-220,devops,Linux,"`sed -n '10 20p'` 与 `sed '10 20d'` 有何区别？`-n` 选项的作用是什么？请说明 se",https://man7.org/linux/man-pages/,proprietary,draft,
question,xq-o-223,devops,Linux,"`set -euo pipefail` 中三个选项各自的作用是什么？为什么运维脚本要默认开启？请分别说明并给出一个未开启",https://man7.org/linux/man-pages/,proprietary,draft,
question,xq-o-226,devops,Linux,"`tar` 命令中 `czf` 和 `xzf` 各参数含义是什么？如何用 tar 实现"不破坏软链接语义的目录备份"？`",https://man7.org/linux/man-pages/,proprietary,draft,
question,xq-o-231,devops,Linux,"`top` 命令中 `RES`、`VIRT`、`%CPU` 分别代表什么？如何排查 CPU 使用率飙高的 Java 进程",https://man7.org/linux/man-pages/,proprietary,draft,
question,xq-o-234,devops,Linux,"`umask 022` 下新建文件和目录的默认权限分别是什么？如果执行 `umask 027`，新建文件权限变成什么？请",https://man7.org/linux/man-pages/,proprietary,draft,
question,xq-o-235,devops,Linux,"`umask 022` 下新建文件和目录的默认权限分别是多少？请推导 umask 的计算逻辑，并说明为什么文件默认权限要",https://man7.org/linux/man-pages/,proprietary,draft,
question,xq-o-237,devops,Linux,"apt 与 dnf/yum 在底层机制上有哪些核心区别？请从包格式、依赖解析、事务处理、历史回滚四个维度对比。",https://man7.org/linux/man-pages/,proprietary,draft,
question,xq-o-238,devops,Linux,"apt 的 `update`、`upgrade`、`dist-upgrade` 三者的区别是什么？在生产环境升级时，你如",https://man7.org/linux/man-pages/,proprietary,draft,
question,xq-o-239,devops,Linux,"awk 中 `NR`、`NF`、`$0`、`$1`、`$NF` 分别代表什么？请用命令提取 `/etc/passwd` ",https://man7.org/linux/man-pages/,proprietary,draft,
question,xq-o-242,devops,Linux,"cron 任务中，为什么脚本手动执行正常，但通过 cron 执行时经常报“command not found”？请给出至",https://man7.org/linux/man-pages/,proprietary,draft,
question,xq-o-243,devops,Linux,"cron 任务执行后，标准输出和错误输出默认去了哪里？如何正确配置日志重定向？请解释 `>> /var/log/x.lo",https://man7.org/linux/man-pages/,proprietary,draft,
question,xq-o-244,devops,Linux,"cron 任务的输出（stdout/stderr）默认去哪里了？如果不想收到邮件，也不想丢失日志，应该怎么做？请给出完整",https://man7.org/linux/man-pages/,proprietary,draft,
question,xq-o-245,devops,Linux,"cron 的配置格式中，五个时间字段分别代表什么？如果我想在每周一到周五的上午 9:30 执行某个脚本，cron 表达式",https://man7.org/linux/man-pages/,proprietary,draft,
question,xq-o-250,devops,Linux,"grep 的 `-E` 与默认 BRE（基本正则）有何区别？请举例说明哪些元字符在 BRE 和 ERE 中语义不同，并说",https://man7.org/linux/man-pages/,proprietary,draft,
question,xq-o-251,devops,Linux,"grep 的 `-E`、`-i`、`-v`、`-n`、`-r`、`-c` 分别解决什么场景问题？请各举一例说明，并指出 ",https://man7.org/linux/man-pages/,proprietary,draft,
question,xq-o-252,devops,Linux,"grep、sed、awk 三者各自的核心定位是什么？为什么说它们构成 Unix 哲学中"小工具组合"的典范？请结合管道机",https://man7.org/linux/man-pages/,proprietary,draft,
question,xq-o-260,devops,Linux,"load average 高但 CPU 使用率低，可能的原因是什么？如何排查？",https://man7.org/linux/man-pages/,proprietary,draft,
question,xq-o-262,devops,Linux,"logrotate 的工作原理是什么？当配置了 `create` 指令时，logrotate 如何实现日志轮转？为什么对",https://man7.org/linux/man-pages/,proprietary,draft,
question,xq-o-265,devops,Linux,"sed 与 awk 在"处理文本"上的本质区别是什么？什么场景下应该用 sed 而不是 awk，反之亦然？请各举一个典型",https://man7.org/linux/man-pages/,proprietary,draft,
question,xq-o-266,devops,Linux,"sed 的 `s/old/new/g` 中，`g` 的作用是什么？为什么说"忘记加 g"是 sed 使用中最常见的坑？请",https://man7.org/linux/man-pages/,proprietary,draft,
question,xq-o-268,devops,Linux,"systemd timer 相比 cron 有哪些优势？请给出一个使用 systemd timer 实现"每天凌晨 3 ",https://man7.org/linux/man-pages/,proprietary,draft,
question,xq-o-269,devops,Linux,"systemd 定时器（timer）相比传统 cron 有哪些优势？请给出一个使用 `OnCalendar` 的 sys",https://man7.org/linux/man-pages/,proprietary,draft,
question,xq-o-270,devops,Linux,"systemd 的 `systemctl restart` 与手动 `kill -9 PID` 后 `systemctl",https://man7.org/linux/man-pages/,proprietary,draft,
question,xq-o-277,devops,Linux,"为什么 `rm -rf $DIR/` 在 `DIR` 为空时是极其危险的命令？请给出至少两种安全写法，并解释其原理。",https://man7.org/linux/man-pages/,proprietary,draft,
question,xq-o-278,devops,Linux,"为什么 `rm -rf $DIR/` 是危险写法？当 `DIR` 为空或未设置时会发生什么？请给出至少三种安全的替代写法",https://man7.org/linux/man-pages/,proprietary,draft,
question,xq-o-279,devops,Linux,"为什么 cron 任务中执行脚本时经常出现"命令找不到"（command not found）？如何解决？请从环境变量角",https://man7.org/linux/man-pages/,proprietary,draft,
question,xq-o-298,devops,Linux,"为什么生产环境必须使用包管理器而不是手动编译安装软件？请从一致性、可审计性、可回滚性三个维度展开说明。",https://man7.org/linux/man-pages/,proprietary,draft,
question,xq-o-339,devops,Linux,"什么是僵尸进程和孤儿进程？它们如何产生？如何处理僵尸进程？",https://man7.org/linux/man-pages/,proprietary,draft,
question,xq-o-340,devops,Linux,"什么是僵尸进程和孤儿进程？它们有什么区别？如何排查和清理僵尸进程？",https://man7.org/linux/man-pages/,proprietary,draft,
question,xq-o-372,devops,Linux,"假设某天凌晨 2 点，业务人员误执行了 `DROP TABLE orders`，你需要在 10 分钟内恢复数据。已知：当",https://man7.org/linux/man-pages/,proprietary,draft,
question,xq-o-405,devops,Linux,"在 `while read line; do ...; done < file` 中，为什么不能写成 `cat file",https://man7.org/linux/man-pages/,proprietary,draft,
question,xq-o-406,devops,Linux,"在 `while read line; do ...; done < file` 中，为什么有时循环结束后变量"丢失"？",https://man7.org/linux/man-pages/,proprietary,draft,
question,xq-o-449,devops,Linux,"如何排查 Linux 上 CPU 使用率飙高的问题？从发现到定位线程级原因，请给出完整命令链。",https://man7.org/linux/man-pages/,proprietary,draft,
question,xq-o-451,devops,Linux,"如何用 apt/dnf 精确回滚一次有问题的软件升级？请给出至少两种不同策略，并说明各自的适用场景和局限性。",https://man7.org/linux/man-pages/,proprietary,draft,
question,xq-o-452,devops,Linux,"如何用 dpkg/rpm 底层工具排查"某个文件被哪个包安装"？请给出 Debian 系和 RHEL 系的具体命令。",https://man7.org/linux/man-pages/,proprietary,draft,
question,xq-o-453,devops,Linux,"如何用一条命令统计 Nginx 访问日志中请求数 TOP10 的 IP？请写出完整命令并逐步解释每个环节的作用。如果日志",https://man7.org/linux/man-pages/,proprietary,draft,
question,xq-o-454,devops,Linux,"如何确认一个目录属于哪块磁盘或哪个挂载点？请给出至少两种方法，并说明 `df -h` 与 `mount` 命令输出中各自",https://man7.org/linux/man-pages/,proprietary,draft,
question,xq-o-455,devops,Linux,"如何确认某个目录（如 /var/log）属于哪块物理磁盘或分区？请给出命令并解释输出含义。",https://man7.org/linux/man-pages/,proprietary,draft,
question,xq-o-471,devops,Linux,"对比 SUID、SGID、Sticky Bit 三种特殊权限，说明它们各自适用的对象（文件/目录）、作用效果，并给出一个",https://man7.org/linux/man-pages/,proprietary,draft,
question,xq-o-475,devops,Linux,"对比 `apt install nginx` 和 `./configure && make && make instal",https://man7.org/linux/man-pages/,proprietary,draft,
question,xq-o-49,devops,Linux,"GPG 签名在软件包管理中的作用是什么？如果加第三方仓库时没有导入其 GPG key，会发生什么？请描述完整的校验流程。",https://man7.org/linux/man-pages/,proprietary,draft,
question,xq-o-493,devops,Linux,"把重要数据写入 /tmp 是否安全？为什么？如何正确使用 /tmp 目录？",https://man7.org/linux/man-pages/,proprietary,draft,
question,xq-o-497,devops,Linux,"某团队在 `/data/share` 目录下协作，希望所有成员（属于 `dev` 组）新建的文件自动属于 `dev` 组",https://man7.org/linux/man-pages/,proprietary,draft,
question,xq-o-499,devops,Linux,"某运维同事执行 `chmod 777 /tmp` 后，发现用户之间可以互相删除文件。请分析根因，并给出完整的修复方案和预",https://man7.org/linux/man-pages/,proprietary,draft,
question,xq-o-50,devops,Linux,"GPG 签名校验在软件包管理中的具体作用是什么？如果忽略它，会有什么安全风险？",https://man7.org/linux/man-pages/,proprietary,draft,
question,xq-o-517,devops,Linux,"生产环境如何锁定关键软件包版本，防止 `apt upgrade` / `dnf upgrade` 误升级？请给出 Deb",https://man7.org/linux/man-pages/,proprietary,draft,
question,xq-o-547,devops,Linux,"请写出一个健壮的 Bash 脚本片段，实现以下需求：遍历当前目录下所有 `.log` 文件，对每个文件统计行数，并将结果",https://man7.org/linux/man-pages/,proprietary,draft,
question,xq-o-552,devops,Linux,"请写出用 awk 统计 Nginx 访问日志中每个 IP 的请求次数并输出 TOP10 的命令。请逐步解释每个环节的作用",https://man7.org/linux/man-pages/,proprietary,draft,
question,xq-o-588,devops,Linux,"请对比 SUID、SGID、Sticky Bit 三种特殊权限的适用对象（文件/目录）、核心作用和安全风险，并各举一个实",https://man7.org/linux/man-pages/,proprietary,draft,
question,xq-o-590,devops,Linux,"请对比 Shell 函数中的 `return` 和 `exit`，它们在函数内使用有何不同？什么场景下误用 `exit`",https://man7.org/linux/man-pages/,proprietary,draft,
question,xq-o-597,devops,Linux,"请对比 logrotate 的 `create` 与 `copytruncate` 两种轮转方式的原理和适用场景。为什么",https://man7.org/linux/man-pages/,proprietary,draft,
question,xq-o-659,devops,Linux,"请编写一个 Bash 函数 `parse_config`，要求：接受一个配置文件路径作为参数，逐行读取，忽略空行和以 `",https://man7.org/linux/man-pages/,proprietary,draft,
question,xq-o-661,devops,Linux,"请解释 /proc/<pid>/fd/ 目录的作用，并给出一个利用它排查问题的实际场景。",https://man7.org/linux/man-pages/,proprietary,draft,
question,xq-o-674,devops,Linux,"请解释 Linux FHS 中 /etc、/var/log、/proc 三个目录的本质区别，并说明各自典型用途。",https://man7.org/linux/man-pages/,proprietary,draft,
question,xq-o-675,devops,Linux,"请解释 Linux FHS 中 `/bin`、`/sbin`、`/usr/bin`、`/usr/sbin` 的区别，并说",https://man7.org/linux/man-pages/,proprietary,draft,
question,xq-o-676,devops,Linux,"请解释 Linux 权限模型中 `755` 和 `644` 分别代表什么？如果有一个文件当前权限是 `rw-r--r--",https://man7.org/linux/man-pages/,proprietary,draft,
question,xq-o-677,devops,Linux,"请解释 Linux 权限模型中 `755` 和 `644` 分别对应的字母权限是什么？如果执行 `chmod 755 f",https://man7.org/linux/man-pages/,proprietary,draft,
question,xq-o-690,devops,Linux,"请解释 SUID 特殊权限的作用机制。为什么 `/usr/bin/passwd` 需要设置 SUID？如果系统中出现了一",https://man7.org/linux/man-pages/,proprietary,draft,
question,xq-o-691,devops,Linux,"请解释 Shell 中 `export VAR=value` 与 `VAR=value` 的本质区别。为什么子 Shel",https://man7.org/linux/man-pages/,proprietary,draft,
question,xq-o-692,devops,Linux,"请解释 Shell 中单引号、双引号和不加引号三者的区别，并分别举例说明它们对变量展开、命令替换、文件名展开（glob）",https://man7.org/linux/man-pages/,proprietary,draft,
question,xq-o-693,devops,Linux,"请解释 Shell 变量赋值时"等号两侧不能有空格"的原因，并说明 `VAR = value` 实际会发生什么。同时解释",https://man7.org/linux/man-pages/,proprietary,draft,
question,xq-o-703,devops,Linux,"请解释 `PATH` 环境变量的作用，并说明 `export PATH=$PATH:/opt/bin` 与 `PATH=",https://man7.org/linux/man-pages/,proprietary,draft,
question,xq-o-704,devops,Linux,"请解释 `case` 语句的匹配机制，并写出一个用于处理命令行参数（如 `start`、`stop`、`restart`",https://man7.org/linux/man-pages/,proprietary,draft,
question,xq-o-705,devops,Linux,"请解释 `chown`、`chgrp` 和 `chmod` 三者的区别与联系。在什么场景下必须使用 `chown` 而非",https://man7.org/linux/man-pages/,proprietary,draft,
question,xq-o-707,devops,Linux,"请解释 `find` 命令中 `-exec` 与 `-delete` 的区别，并说明为什么 `find ... -del",https://man7.org/linux/man-pages/,proprietary,draft,
question,xq-o-710,devops,Linux,"请解释 `mv` 在同一文件系统与跨文件系统时的行为差异，为什么说"跨文件系统 mv 不是瞬间完成"？在脚本中如何判断 ",https://man7.org/linux/man-pages/,proprietary,draft,
question,xq-o-711,devops,Linux,"请解释 awk 中 `BEGIN{}` 和 `END{}` 块的作用，并写出用 awk 统计日志中每个状态码出现次数的命",https://man7.org/linux/man-pages/,proprietary,draft,
question,xq-o-712,devops,Linux,"请解释 cron 的调度格式，并说明 `0 3 * * *` 与 `*/15 * * * *` 各自的含义。如果我想在每",https://man7.org/linux/man-pages/,proprietary,draft,
question,xq-o-714,devops,Linux,"请解释 grep、sed、awk 三者各自的核心定位，并说明它们如何通过管道协同工作？为什么称它们为"文本处理三剑客"？",https://man7.org/linux/man-pages/,proprietary,draft,
question,xq-o-715,devops,Linux,"请解释 heredoc（Here Document）的用法，重点说明 `<<EOF` 与 `<<'EOF'` 的区别，并",https://man7.org/linux/man-pages/,proprietary,draft,
question,xq-o-716,devops,Linux,"请解释 logrotate 配置中 `rotate N`、`daily`、`size`、`compress` 的含义。如",https://man7.org/linux/man-pages/,proprietary,draft,
question,xq-o-755,devops,Linux,"请详细解释 Linux 中软链接（符号链接）和硬链接的区别，并说明各自适用的典型场景。",https://man7.org/linux/man-pages/,proprietary,draft,
question,xq-o-766,devops,Linux,"请详细解释 `set -euo pipefail` 中每个选项的作用，并说明为什么运维脚本几乎默认要开启它？如果不开会有",https://man7.org/linux/man-pages/,proprietary,draft,
question,xq-o-768,devops,Linux,"请详细解释软链接（符号链接）与硬链接的区别，并说明各自的适用场景。如果对一个目录创建硬链接会怎样？",https://man7.org/linux/man-pages/,proprietary,draft,
question,xq-o-80,devops,Linux,"Linux 中"一切皆文件"理念的具体体现是什么？设备、socket、管道在文件系统中如何呈现？请举例说明如何通过文件操",https://man7.org/linux/man-pages/,proprietary,draft,
question,xq-o-81,devops,Linux,"Linux 中"一切皆文件"的具体含义是什么？设备、socket、管道为何被视为文件？请结合内核机制解释。",https://man7.org/linux/man-pages/,proprietary,draft,
question,bq29,backend,网络,"TCP 三次握手与四次挥手",https://man7.org/linux/man-pages/man7/tcp.7.html,proprietary,draft,
question,bq30,backend,网络,"HTTPS 的加密流程（TLS 握手）",https://man7.org/linux/man-pages/man7/tcp.7.html,proprietary,draft,
question,bq37,backend,网络,"DNS 解析过程",https://man7.org/linux/man-pages/man7/tcp.7.html,proprietary,draft,
question,rq-b-be-db-junior-3-1,backend,网络,"请解释 Linux 文件权限模型中的 rwx 分别代表什么？`chmod 754` 和 `chmod 754 file`",https://man7.org/linux/man-pages/man7/tcp.7.html,proprietary,draft,
question,rq-b-be-db-junior-3-2,backend,网络,"线上服务出现 CPU 100% 或进程卡死，你会用哪些 Linux 命令定位问题？请给出完整的排查思路，并说明 `top",https://man7.org/linux/man-pages/man7/tcp.7.html,proprietary,draft,
question,rq-b-be-db-junior-3-3,backend,网络,"请对比 `systemctl` 与 `service` 命令的区别，并说明如何查看一个 systemd 服务的日志？如果",https://man7.org/linux/man-pages/man7/tcp.7.html,proprietary,draft,
question,rq-b-be-db-junior-3-4,backend,网络,"线上网络出现「连接超时」或「丢包」，请列出你常用的网络排查命令，并说明 `ping`、`telnet`、`netstat",https://man7.org/linux/man-pages/man7/tcp.7.html,proprietary,draft,
question,rq-b-be-game-0-1,backend,网络,"请解释 epoll 与 IOCP 的核心区别，以及它们分别适用于什么场景？为什么游戏服务端常优先选择 epoll 而非 ",https://man7.org/linux/man-pages/man7/tcp.7.html,proprietary,draft,
question,rq-b-be-game-0-2,backend,网络,"请详细描述 Reactor 模式的核心组件与工作流程，并说明在游戏服务端中如何基于 epoll 实现一个高性能的 Rea",https://man7.org/linux/man-pages/man7/tcp.7.html,proprietary,draft,
question,rq-b-be-game-0-4,backend,网络,"在使用 epoll 时，LT（水平触发）和 ET（边沿触发）有什么区别？游戏服务端为什么推荐使用 ET 模式？请给出一个",https://man7.org/linux/man-pages/man7/tcp.7.html,proprietary,draft,
question,rq-b-be-game-0-6,backend,网络,"在游戏服务端中，如何检测和防止连接被恶意攻击（如 SYN Flood、慢连接攻击）？请结合 epoll 和内核参数给出防",https://man7.org/linux/man-pages/man7/tcp.7.html,proprietary,draft,
question,rq-b-be-game-1-1-r2,backend,网络,"游戏服务端中，TCP 和 UDP 分别适合哪些游戏类型或场景？请结合游戏网络通信的特点说明取舍依据。",https://man7.org/linux/man-pages/man7/tcp.7.html,proprietary,draft,
question,rq-b-be-game-1-2-r2,backend,网络,"游戏长连接为什么需要心跳机制？心跳包的设计要点有哪些（频率、超时、载荷）？请给出一个合理的实现方案。",https://man7.org/linux/man-pages/man7/tcp.7.html,proprietary,draft,
question,rq-b-be-game-1-3-r2,backend,网络,"游戏客户端断线重连时，如何保证玩家数据不丢失、状态不冲突？请描述重连流程及关键设计点。",https://man7.org/linux/man-pages/man7/tcp.7.html,proprietary,draft,
question,rq-b-be-game-1-4-r2,backend,网络,"对比 TCP 与 UDP 在游戏中的应用，TCP 的粘包/拆包问题是什么？如何解决？请给出 Netty 或 Java 的",https://man7.org/linux/man-pages/man7/tcp.7.html,proprietary,draft,
question,rq-b-be-game-1-5-r2,backend,网络,"在 AOI 视野管理中，如何处理“实体快速移动”（如坐骑加速、瞬移）和“大量实体同时移动”（如军团冲锋）这两种极端情况？",https://man7.org/linux/man-pages/man7/tcp.7.html,proprietary,draft,
question,rq-b-be-game-1-5-r3,backend,网络,"游戏服务端如何设计一个可靠的 UDP 传输方案（类似 KCP）？请从确认、重传、序号、拥塞控制四方面说明，并指出与 TC",https://man7.org/linux/man-pages/man7/tcp.7.html,proprietary,draft,
question,rq-b-be-game-1-6-r2,backend,网络,"游戏服务端维持大量长连接时，如何检测并清理“死连接”（半开连接、僵尸连接）？请结合心跳与操作系统机制说明。",https://man7.org/linux/man-pages/man7/tcp.7.html,proprietary,draft,
question,rq-b-be-game-1-7-r2,backend,网络,"游戏服务端中，长连接与短连接如何选择？登录/匹配等场景为何常用短连接或 HTTP，而游戏对战用长连接？请结合连接开销与业",https://man7.org/linux/man-pages/man7/tcp.7.html,proprietary,draft,
question,rq-b-be-game-2-1,backend,网络,"请解释什么是帧同步和状态同步？它们各自的核心原理是什么？",https://man7.org/linux/man-pages/man7/tcp.7.html,proprietary,draft,
question,rq-b-be-game-2-1-r2,backend,网络,"请解释什么是协议序列化，以及为什么游戏服务端要特别关注序列化方案的选择？Protobuf 和 FlatBuffers 的",https://man7.org/linux/man-pages/man7/tcp.7.html,proprietary,draft,
question,rq-b-be-game-2-2-r2,backend,网络,"Protobuf 的 Varint 编码原理是什么？它如何实现整数压缩？请用具体数字举例说明，并指出其局限性。",https://man7.org/linux/man-pages/man7/tcp.7.html,proprietary,draft,
question,rq-b-be-game-2-3,backend,网络,"请对比帧同步和状态同步在以下维度的差异：网络带宽、服务器压力、反作弊能力、断线重连、开发复杂度。并说明它们各自适合什么类",https://man7.org/linux/man-pages/man7/tcp.7.html,proprietary,draft,
question,rq-b-be-game-2-3-r2,backend,网络,"在游戏服务端，协议版本兼容是线上运营的刚需。请说明 Protobuf 中“向后兼容”和“向前兼容”的含义，并列出至少 3",https://man7.org/linux/man-pages/man7/tcp.7.html,proprietary,draft,
question,rq-b-be-game-2-4,backend,网络,"在帧同步中，如果某个客户端出现逻辑不一致（掉线后重连、或作弊修改内存），你会如何设计服务器端的校验和恢复机制？",https://man7.org/linux/man-pages/man7/tcp.7.html,proprietary,draft,
question,rq-b-be-game-2-4-r2,backend,网络,"对比辨析题：Protobuf 和 FlatBuffers 在游戏服务端中各自的适用场景是什么？请从序列化性能、内存访问模",https://man7.org/linux/man-pages/man7/tcp.7.html,proprietary,draft,
question,rq-b-be-game-2-5,backend,网络,"场景/编码实战题：游戏服务端需要向客户端推送“玩家背包变更”消息，包含物品 ID（int32）、数量（int32）、变更",https://man7.org/linux/man-pages/man7/tcp.7.html,proprietary,draft,
question,rq-b-be-game-2-6,backend,网络,"高级题：在游戏服务端，协议压缩除了序列化本身的紧凑性，还有哪些层面的优化手段？请从传输层、应用层、数据特征三个角度展开，",https://man7.org/linux/man-pages/man7/tcp.7.html,proprietary,draft,
question,rq-b-be-game-mid-3-2,backend,网络,"在游戏通信协议设计中，如何通过加密与签名防止篡改和重放攻击？请对比对称加密、非对称加密与消息认证码（MAC）在游戏场景中",https://man7.org/linux/man-pages/man7/tcp.7.html,proprietary,draft,
question,rq-b-be-game-senior-2-3,backend,网络,"网络抖动补偿在游戏服务端中通常有哪些实现手段？请对比“客户端预测”与“服务端回滚”两种方案的优缺点。",https://man7.org/linux/man-pages/man7/tcp.7.html,proprietary,draft,
question,rq-b-be-game-senior-2-6,backend,网络,"在游戏服务端中，如何区分“网络延迟”与“服务端处理延迟”？请设计一个监控方案，能实时区分并告警。",https://man7.org/linux/man-pages/man7/tcp.7.html,proprietary,draft,
question,rq-b-be-game-senior-2-7,backend,网络,"请解释“网络抖动”的量化指标（如 jitter、丢包率），并说明在游戏服务端中如何通过“抖动缓冲”机制来平滑网络波动。",https://man7.org/linux/man-pages/man7/tcp.7.html,proprietary,draft,
question,rq-b-be-micro-junior-0-7,backend,网络,"RPC调用中，如何理解“进程间调用”与“线程间调用”的区别？为什么RPC性能远低于本地调用？请从CPU、内存、网络三个层",https://man7.org/linux/man-pages/man7/tcp.7.html,proprietary,draft,
question,rq-b-be-micro-junior-1-4,backend,网络,"Docker 默认使用 bridge 网络，请解释 bridge 网络的工作原理，并说明如何实现容器间通信以及容器访问外",https://man7.org/linux/man-pages/man7/tcp.7.html,proprietary,draft,
question,rq-b-be-micro-mid-4-4,backend,网络,"请深入剖析 gRPC 在 HTTP/2 之上的多路复用、流控与连接管理机制，并说明这些特性如何提升微服务场景下的性能。",https://man7.org/linux/man-pages/man7/tcp.7.html,proprietary,draft,
question,rq-b-be-search-1-2,backend,网络,"假设你负责自研一个轻量级消息中间件，需要支持百万级连接和低延迟消息投递。请从网络模型、存储设计和内存管理三个角度，阐述你",https://man7.org/linux/man-pages/man7/tcp.7.html,proprietary,draft,
question,rq-b-be-search-3-2-r2,backend,网络,"在中间件运维中，如何通过日志快速定位“节点间连接超时”问题？请给出完整的排查思路和常用命令。",https://man7.org/linux/man-pages/man7/tcp.7.html,proprietary,draft,
question,rq-b-be-test-1-1,backend,自动化测试,"请解释接口自动化测试中“断言”的作用，并列举在 pytest + requests 中常用的断言方式及各自适用场景。",https://man7.org/linux/man-pages/man7/tcp.7.html,proprietary,draft,YES
question,rq-b-be-test-1-2,backend,自动化测试,"Postman 中如何实现接口测试的“数据驱动”？请对比 Postman 的 Runner/Collection Run",https://man7.org/linux/man-pages/man7/tcp.7.html,proprietary,draft,YES
question,rq-b-be-test-1-3,backend,自动化测试,"在使用 pytest + requests 编写接口自动化时，如何处理接口之间的依赖关系（如登录后获取 token，再调",https://man7.org/linux/man-pages/man7/tcp.7.html,proprietary,draft,YES
question,rq-b-be-test-1-4,backend,自动化测试,"接口自动化测试中，如何处理接口返回的动态字段（如时间戳、随机数、自增 ID）导致的断言不稳定问题？请结合 Postman",https://man7.org/linux/man-pages/man7/tcp.7.html,proprietary,draft,YES
question,rq-b-be-test-1-5,backend,自动化测试,"请对比 Postman 和 pytest + requests 在接口自动化测试中的优劣势，并说明在什么条件下你会选择使",https://man7.org/linux/man-pages/man7/tcp.7.html,proprietary,draft,YES
question,rq-b-be-test-1-6,backend,自动化测试,"在 pytest + requests 接口自动化中，如何实现“环境切换”（如 dev/test/prod 环境的 Ba",https://man7.org/linux/man-pages/man7/tcp.7.html,proprietary,draft,YES
question,rq-b-be-test-junior-2-2,backend,自动化测试,"在编写 Python 自动化脚本时，如何处理测试中依赖的外部服务（如数据库、第三方 API）不可用或响应慢的情况？请给出",https://man7.org/linux/man-pages/man7/tcp.7.html,proprietary,draft,YES
question,rq-b-be-web-6-1,backend,网络,"请解释一下 TCP 三次握手和四次挥手的过程，并说明为什么握手需要三次而挥手需要四次？",https://man7.org/linux/man-pages/man7/tcp.7.html,proprietary,draft,
question,rq-b-be-web-6-2,backend,网络,"HTTP 和 HTTPS 有什么区别？HTTPS 建立连接的过程是怎样的？中间人攻击如何防范？",https://man7.org/linux/man-pages/man7/tcp.7.html,proprietary,draft,
question,rq-b-be-web-6-3,backend,网络,"在浏览器输入 URL 到页面展示的完整过程是什么？请结合 DNS 解析、TCP 连接、HTTP 请求等环节详细说明。",https://man7.org/linux/man-pages/man7/tcp.7.html,proprietary,draft,
question,rq-b-be-web-6-4,backend,网络,"什么是 TCP 粘包和拆包？在什么场景下会出现？如何解决？",https://man7.org/linux/man-pages/man7/tcp.7.html,proprietary,draft,
question,rq-b-be-web-6-5,backend,网络,"请对比 TCP 和 UDP 的差异，并说明在什么场景下应该选择 UDP 而不是 TCP？常见的基于 UDP 的协议有哪些",https://man7.org/linux/man-pages/man7/tcp.7.html,proprietary,draft,
question,rq-b-be-web-6-6,backend,网络,"请解释 DNS 解析的完整流程，并说明 DNS 缓存、DNS 劫持、DNS 污染分别是什么？如何排查 DNS 故障？",https://man7.org/linux/man-pages/man7/tcp.7.html,proprietary,draft,
question,rq-b-be-web-junior-5-1,backend,网络,"请解释 Linux 文件权限体系，特别是 rwx 权限、属主/属组/其他用户三组权限的含义，并说明 chmod、chow",https://man7.org/linux/man-pages/man7/tcp.7.html,proprietary,draft,
question,rq-b-be-web-junior-5-2,backend,网络,"在 Linux 中如何排查端口被占用或网络连接异常？请给出常用命令（netstat/ss/lsof/telnet/cur",https://man7.org/linux/man-pages/man7/tcp.7.html,proprietary,draft,
question,rq-b-be-web-mid-7-1,backend,网络,"请解释 gRPC、GraphQL 和 WebSocket 各自的核心设计理念，并说明它们分别最适合解决什么类型的实时通信",https://man7.org/linux/man-pages/man7/tcp.7.html,proprietary,draft,
question,rq-b-be-web-mid-7-2,backend,网络,"请深入剖析 gRPC 基于 HTTP/2 的工作原理，包括多路复用、流式传输、二进制帧、头部压缩等机制，并说明这些机制如",https://man7.org/linux/man-pages/man7/tcp.7.html,proprietary,draft,
question,rq-b-be-web-mid-7-4,backend,网络,"请对比 gRPC 和 RESTful API 在接口设计、性能、生态、调试工具、浏览器兼容性等方面的异同，并说明在什么情",https://man7.org/linux/man-pages/man7/tcp.7.html,proprietary,draft,
question,rq-b-be-web-mid-7-5,backend,网络,"请阐述 WebSocket 的连接建立过程（包括 HTTP 升级握手）、心跳保活机制、以及如何处理半开连接（Half-O",https://man7.org/linux/man-pages/man7/tcp.7.html,proprietary,draft,
question,xq-b-1024,backend,网络,"请从心智模型出发，解释阻塞IO（BIO）、非阻塞IO（NIO）、IO多路复用（IO Multiplexing）和异步IO",https://man7.org/linux/man-pages/man7/tcp.7.html,proprietary,draft,
question,xq-b-1037,backend,网络,"请写一段 C 代码：使用 `sigaction` 捕获 SIGTERM，实现优雅退出（打印日志、释放资源），并说明与 `",https://man7.org/linux/man-pages/man7/tcp.7.html,proprietary,draft,
question,xq-b-1068,backend,网络,"请完整阐述 Java NIO 三大组件（Channel、Buffer、Selector）的作用与协作机制，并说明它们如何",https://man7.org/linux/man-pages/man7/tcp.7.html,proprietary,draft,
question,xq-b-1091,backend,网络,"请对比 Java NIO 的 Selector 与 Linux epoll 的关系，并说明 Java NIO 实现一个单",https://man7.org/linux/man-pages/man7/tcp.7.html,proprietary,draft,
question,xq-b-1100,backend,网络,"请对比 RSA 与 ECC（椭圆曲线加密）在密钥长度、性能、安全性方面的差异。为什么现代系统（如 JWT 签名、TLS ",https://man7.org/linux/man-pages/man7/tcp.7.html,proprietary,draft,
question,xq-b-1108,backend,网络,"请对比 TCP 流量控制与拥塞控制的异同，并说明它们如何协同工作。",https://man7.org/linux/man-pages/man7/tcp.7.html,proprietary,draft,
question,xq-b-1131,backend,网络,"请对比「URL 版本」和「Header 版本」在缓存设计上的差异。如果使用 CDN，你会如何选择？",https://man7.org/linux/man-pages/man7/tcp.7.html,proprietary,draft,
question,xq-b-117,backend,网络,"JWT 由哪几部分组成？为什么说 Payload 不是加密的？请用一句话概括 JWT 的本质，并解释 base64url",https://man7.org/linux/man-pages/man7/tcp.7.html,proprietary,draft,
question,xq-b-1175,backend,网络,"请深入剖析 select、poll、epoll 三者的底层实现机制差异，重点解释为什么 epoll 能实现 O(1) 的",https://man7.org/linux/man-pages/man7/tcp.7.html,proprietary,draft,
question,xq-b-1179,backend,网络,"请深入解释 Kafka 零拷贝（sendfile）的实现原理，并说明它相比传统 IO 路径省掉了哪些步骤？在什么场景下零",https://man7.org/linux/man-pages/man7/tcp.7.html,proprietary,draft,
question,xq-b-119,backend,网络,"Java NIO 的 Selector 与 Linux epoll 是什么关系？请说明 Java NIO 的 OP_AC",https://man7.org/linux/man-pages/man7/tcp.7.html,proprietary,draft,
question,xq-b-1214,backend,网络,"请解释 CDN 的工作原理，以及它为什么能加速访问？pull caching 和 push caching 两种缓存填充",https://man7.org/linux/man-pages/man7/tcp.7.html,proprietary,draft,
question,xq-b-1215,backend,网络,"请解释 CSRF Token 的完整工作流程，并说明为什么「仅依赖 SameSite Cookie」不足以完全防御 CS",https://man7.org/linux/man-pages/man7/tcp.7.html,proprietary,draft,
question,xq-b-1221,backend,网络,"请解释 HTTP 缓存协商的全流程，包括 Cache-Control 各指令的作用，以及 ETag 与 Last-Mod",https://man7.org/linux/man-pages/man7/tcp.7.html,proprietary,draft,
question,xq-b-1223,backend,网络,"请解释 HttpOnly、Secure、SameSite 三个 Cookie 属性各自的作用，并说明它们分别防御什么类型",https://man7.org/linux/man-pages/man7/tcp.7.html,proprietary,draft,
question,xq-b-1230,backend,网络,"请解释 JWT 的 `alg=none` 攻击原理，以及算法混淆攻击（如将 RS256 改为 HS256）是如何实现的？",https://man7.org/linux/man-pages/man7/tcp.7.html,proprietary,draft,
question,xq-b-1239,backend,网络,"请解释 Reactor 模式的演进过程：单 Reactor 单线程 → 单 Reactor 多线程 → 主从 React",https://man7.org/linux/man-pages/man7/tcp.7.html,proprietary,draft,
question,xq-b-1242,backend,网络,"请解释 Shell 中 `$?`、`$#`、`$@`、`$*`、`$$`、`$!` 这几个特殊变量的含义，并说明它们在脚",https://man7.org/linux/man-pages/man7/tcp.7.html,proprietary,draft,
question,xq-b-1243,backend,网络,"请解释 Shell 中的 glob（通配符）展开机制：`*`、`?`、`[...]` 分别在什么时机、由谁展开？它与正则",https://man7.org/linux/man-pages/man7/tcp.7.html,proprietary,draft,
question,xq-b-1244,backend,网络,"请解释 Shell 中重定向 `>`、`>>`、`<`、`<<` 的区别，并说明 `2>&1` 的含义及常见误用。",https://man7.org/linux/man-pages/man7/tcp.7.html,proprietary,draft,
question,xq-b-1245,backend,网络,"请解释 Shell 管道（`|`）的底层实现机制：进程间如何通信？管道两侧命令是否并行执行？为什么 `cd` 在管道中不",https://man7.org/linux/man-pages/man7/tcp.7.html,proprietary,draft,
question,xq-b-1257,backend,网络,"请解释 glob（通配符）展开的时机和范围。`*.log` 在什么情况下会被原样传给程序？如何禁用 glob？",https://man7.org/linux/man-pages/man7/tcp.7.html,proprietary,draft,
question,xq-b-1280,backend,网络,"请解释哈希、对称加密、非对称加密三者的核心区别，并说明为什么 HTTPS 采用「非对称协商 + 对称通信」的混合加密方案",https://man7.org/linux/man-pages/man7/tcp.7.html,proprietary,draft,
question,xq-b-1286,backend,网络,"请解释数字签名中「私钥签名、公钥验签」的完整流程，并说明它与「公钥加密、私钥解密」的本质区别。为什么签名通常是对哈希值而",https://man7.org/linux/man-pages/man7/tcp.7.html,proprietary,draft,
question,xq-b-1321,backend,网络,"请详细对比 PUT 与 PATCH 的语义区别，并给出实际场景中如何选择。同时说明为什么"用 PUT 做部分更新"是常见",https://man7.org/linux/man-pages/man7/tcp.7.html,proprietary,draft,
question,xq-b-1329,backend,网络,"请详细描述 TLS 1.3 的一次完整握手过程（1-RTT），并说明与 TLS 1.2 相比有哪些关键简化。",https://man7.org/linux/man-pages/man7/tcp.7.html,proprietary,draft,
question,xq-b-1331,backend,网络,"请详细解释 301、302、307、308 四种重定向状态码的区别，并说明为什么 301/302 在 HTTP/1.1 ",https://man7.org/linux/man-pages/man7/tcp.7.html,proprietary,draft,
question,xq-b-1334,backend,网络,"请详细解释 BIO、NIO、IO 多路复用、AIO 四种 IO 模型的本质区别，并说明为什么高并发场景下必须使用多路复用",https://man7.org/linux/man-pages/man7/tcp.7.html,proprietary,draft,
question,xq-b-1335,backend,网络,"请详细解释 Content-Security-Policy（CSP）的工作原理。如何配置一个有效的 CSP 来防御 XS",https://man7.org/linux/man-pages/man7/tcp.7.html,proprietary,draft,
question,xq-b-1344,backend,网络,"请详细解释 XSS 与 CSRF 的本质区别，并说明为什么「HTTPS 不能防御这两者」这一说法是正确的。",https://man7.org/linux/man-pages/man7/tcp.7.html,proprietary,draft,
question,xq-b-1352,backend,网络,"请详细解释零拷贝技术的原理，对比 sendfile 与 mmap 的差异，并说明 Java 中 FileChannel.",https://man7.org/linux/man-pages/man7/tcp.7.html,proprietary,draft,
question,xq-b-1365,backend,网络,"请详细说明防御 XSS 的「输出编码」原则，并解释为什么「输入过滤」不是可靠的防御手段。同时给出一个 CSP 策略配置示",https://man7.org/linux/man-pages/man7/tcp.7.html,proprietary,draft,
question,xq-b-1377,backend,网络,"递归查询和迭代查询有什么区别？请结合一次完整的 DNS 解析过程，说明客户端、本地解析器、根/TLD/权威服务器各自承担",https://man7.org/linux/man-pages/man7/tcp.7.html,proprietary,draft,
question,xq-b-1394,backend,网络,"项目中有个接口需要传输用户手机号，你打算用「base64 编码」处理后再传输，同事说这是不安全的。请解释 base64 ",https://man7.org/linux/man-pages/man7/tcp.7.html,proprietary,draft,
question,xq-b-163,backend,网络,"MTU 和 MSS 有什么区别？为什么 TCP 要引入 MSS 而不是直接依赖 IP 分片？",https://man7.org/linux/man-pages/man7/tcp.7.html,proprietary,draft,
question,xq-b-183,backend,网络,"NAT 环境下使用 UDP 通信有哪些特殊挑战？什么是 UDP 打洞（Hole Punching）？为什么 TCP 打洞",https://man7.org/linux/man-pages/man7/tcp.7.html,proprietary,draft,
question,xq-b-184,backend,网络,"Netty 为什么快？请从 EventLoop、ByteBuf、零拷贝、无锁化设计四个维度深入分析，并说明它与传统 BI",https://man7.org/linux/man-pages/man7/tcp.7.html,proprietary,draft,
question,xq-b-185,backend,网络,"Netty 的 EventLoop 模型是如何实现"无锁化"设计的？请从线程模型、任务调度、内部数据结构三个维度展开，并",https://man7.org/linux/man-pages/man7/tcp.7.html,proprietary,draft,
question,xq-b-189,backend,网络,"OSI 七层模型和 TCP/IP 四层模型有什么区别？实际互联网为什么以 TCP/IP 为准？",https://man7.org/linux/man-pages/man7/tcp.7.html,proprietary,draft,
question,xq-b-193,backend,网络,"Protobuf 的向后兼容性规则是什么？为什么修改已用字段编号会导致不兼容？",https://man7.org/linux/man-pages/man7/tcp.7.html,proprietary,draft,
question,xq-b-194,backend,网络,"QUIC 和 HTTP/3 为什么选择基于 UDP 而非直接改进 TCP？请从协议演进和工程实现两个角度分析。",https://man7.org/linux/man-pages/man7/tcp.7.html,proprietary,draft,
question,xq-b-198,backend,网络,"RSA 和 ECC（椭圆曲线）都是非对称加密，请对比两者在安全性、性能、密钥长度上的差异，并说明各自适用场景。",https://man7.org/linux/man-pages/man7/tcp.7.html,proprietary,draft,
question,xq-b-20,backend,网络,"A、AAAA、CNAME、MX、TXT、NS 记录分别用于什么场景？为什么根域名（apex）不能配置 CNAME 记录？",https://man7.org/linux/man-pages/man7/tcp.7.html,proprietary,draft,
question,xq-b-25,backend,网络,"ByteBuf 的内存泄漏是如何产生的？如何检测与定位？请说明 Netty 的引用计数机制与泄漏检测级别。",https://man7.org/linux/man-pages/man7/tcp.7.html,proprietary,draft,
question,xq-b-251,backend,网络,"SIGTERM 和 SIGKILL 有什么区别？为什么说"优雅停机"依赖 SIGTERM 而不是 SIGKILL？",https://man7.org/linux/man-pages/man7/tcp.7.html,proprietary,draft,
question,xq-b-262,backend,网络,"Shell 中单引号、双引号和不加引号有什么区别？请结合变量展开、命令替换和分词（word splitting）说明，并",https://man7.org/linux/man-pages/man7/tcp.7.html,proprietary,draft,
question,xq-b-263,backend,网络,"Shell 中单引号（''）和双引号（""）有什么区别？请结合变量展开、命令替换和特殊字符处理说明，并给出一个实际踩坑案",https://man7.org/linux/man-pages/man7/tcp.7.html,proprietary,draft,
question,xq-b-3,backend,网络,"301、302、307、308 四种重定向状态码有什么区别？为什么说"该用 301 却用 302"会损害 SEO？",https://man7.org/linux/man-pages/man7/tcp.7.html,proprietary,draft,
question,xq-b-326,backend,网络,"TCP 三次握手为什么是三次而不是两次？如果只有两次握手，会出现什么问题？",https://man7.org/linux/man-pages/man7/tcp.7.html,proprietary,draft,
question,xq-b-327,backend,网络,"TCP 和 UDP 的核心区别是什么？请从协议设计目标、头部开销、可靠性机制、传输模式四个维度展开说明。",https://man7.org/linux/man-pages/man7/tcp.7.html,proprietary,draft,
question,xq-b-328,backend,网络,"TCP 四次挥手过程中，主动关闭方为什么要进入 TIME-WAIT 状态且必须等待 2MSL？如果 TIME-WAIT ",https://man7.org/linux/man-pages/man7/tcp.7.html,proprietary,draft,
question,xq-b-329,backend,网络,"TCP 四次挥手过程中，主动关闭方会经历哪些状态？为什么需要四次而不是三次？",https://man7.org/linux/man-pages/man7/tcp.7.html,proprietary,draft,
question,xq-b-330,backend,网络,"TCP 的流量控制（Flow Control）和拥塞控制（Congestion Control）有什么区别？请分别说明它",https://man7.org/linux/man-pages/man7/tcp.7.html,proprietary,draft,
question,xq-b-331,backend,网络,"TCP 的累积确认机制是什么？如果发生丢包，发送方如何通过 ACK 和重传机制恢复？",https://man7.org/linux/man-pages/man7/tcp.7.html,proprietary,draft,
question,xq-b-332,backend,网络,"TCP 的累积确认（Cumulative ACK）机制是什么？丢包时它是如何配合重传工作的？为什么说"ACK=X 表示 ",https://man7.org/linux/man-pages/man7/tcp.7.html,proprietary,draft,
question,xq-b-335,backend,网络,"TIME-WAIT 状态为什么必须等待 2MSL？如果服务端出现大量 TIME-WAIT，如何定位和优化？",https://man7.org/linux/man-pages/man7/tcp.7.html,proprietary,draft,
question,xq-b-336,backend,网络,"TLS 1.3 的 0-RTT（早期数据）机制是什么？它有哪些安全风险？在实际业务中应如何权衡使用？",https://man7.org/linux/man-pages/man7/tcp.7.html,proprietary,draft,
question,xq-b-337,backend,网络,"TLS 1.3 相比 TLS 1.2 在握手性能上有哪些关键优化？请结合 1-RTT 和 0-RTT 机制说明。",https://man7.org/linux/man-pages/man7/tcp.7.html,proprietary,draft,
question,xq-b-338,backend,网络,"TLS 握手时客户端如何验证服务端证书？请详述证书链校验流程，并说明"证书链不完整"会导致什么后果。",https://man7.org/linux/man-pages/man7/tcp.7.html,proprietary,draft,
question,xq-b-347,backend,网络,"UDP 头部只有 8 字节，具体包含哪些字段？为什么它比 TCP 头部轻量这么多？这种轻量性带来了哪些实际影响？",https://man7.org/linux/man-pages/man7/tcp.7.html,proprietary,draft,
question,xq-b-348,backend,网络,"UDP 支持广播和多播，而 TCP 只能单播。请解释广播、多播与单播的区别，并给出一个实际工程中利用 UDP 广播/多播",https://man7.org/linux/man-pages/man7/tcp.7.html,proprietary,draft,
question,xq-b-349,backend,网络,"UDP 没有拥塞控制，这意味着什么？在丢包率较高的弱网环境下，UDP 真的比 TCP 快吗？请结合具体场景分析。",https://man7.org/linux/man-pages/man7/tcp.7.html,proprietary,draft,
question,xq-b-350,backend,网络,"UDP 能做可靠传输吗？如果能，请说明实现思路，并对比 KCP 与 QUIC 两种代表性方案。",https://man7.org/linux/man-pages/man7/tcp.7.html,proprietary,draft,
question,xq-b-355,backend,网络,"`$(cmd)` 与反引号 `` `cmd` `` 在命令替换上有何区别？为什么推荐使用 `$()`？请结合嵌套场景说明",https://man7.org/linux/man-pages/man7/tcp.7.html,proprietary,draft,
question,xq-b-356,backend,网络,"`$?`、`$$`、`$#`、`$@`、`$*` 分别代表什么？`$@` 与 `$*` 在带引号时有何区别？",https://man7.org/linux/man-pages/man7/tcp.7.html,proprietary,draft,
question,xq-b-399,backend,网络,"`alg:none` 攻击是如何实施的？为什么 RFC 7519 允许定义 `none` 算法？请描述一个完整的攻击链，",https://man7.org/linux/man-pages/man7/tcp.7.html,proprietary,draft,
question,xq-b-401,backend,网络,"`export VAR=1` 与 `VAR=1` 有什么区别？子进程如何继承环境变量？请结合 `env` 命令说明。",https://man7.org/linux/man-pages/man7/tcp.7.html,proprietary,draft,
question,xq-b-420,backend,网络,"`ss -tunlp` 和 `netstat -tunlp` 有什么区别？为什么说 `netstat` 已被淘汰？`ss",https://man7.org/linux/man-pages/man7/tcp.7.html,proprietary,draft,
question,xq-b-421,backend,网络,"`ss -tunlp` 和 `netstat` 有什么区别？为什么说 `netstat` 已被淘汰？`ss` 输出的各个",https://man7.org/linux/man-pages/man7/tcp.7.html,proprietary,draft,
question,xq-b-43,backend,网络,"DNS TTL（Time To Live）的设计原理是什么？如何根据业务场景合理设置 TTL？请分析 TTL 过长和过短",https://man7.org/linux/man-pages/man7/tcp.7.html,proprietary,draft,
question,xq-b-431,backend,网络,"gRPC 在浏览器端为什么不能直接使用？gRPC-Web 是如何解决这个问题的？它有哪些限制？",https://man7.org/linux/man-pages/man7/tcp.7.html,proprietary,draft,
question,xq-b-435,backend,网络,"select、poll、epoll 三者有什么区别？为什么 epoll 能支撑高并发而 select/poll 不能？请",https://man7.org/linux/man-pages/man7/tcp.7.html,proprietary,draft,
question,xq-b-44,backend,网络,"DNS 查询为什么默认使用 UDP 而不是 TCP？什么情况下 DNS 会切换到 TCP？请从协议设计角度分析。",https://man7.org/linux/man-pages/man7/tcp.7.html,proprietary,draft,
question,xq-b-449,backend,网络,"tracert（traceroute）命令的工作原理是什么？它是如何利用网络层字段实现逐跳探测的？",https://man7.org/linux/man-pages/man7/tcp.7.html,proprietary,draft,
question,xq-b-45,backend,网络,"DNS 记录类型中 A、AAAA、CNAME、MX、TXT、NS 各自的作用是什么？请给出每种记录的典型使用场景和 di",https://man7.org/linux/man-pages/man7/tcp.7.html,proprietary,draft,
question,xq-b-46,backend,网络,"Dijkstra 算法为什么不能处理负权边？Bellman-Ford 如何解决负权问题并检测负环？",https://man7.org/linux/man-pages/man7/tcp.7.html,proprietary,draft,
question,xq-b-47,backend,网络,"Dijkstra 算法为什么不能处理负权边？如果图中存在负权边但无负环，该如何求最短路径？",https://man7.org/linux/man-pages/man7/tcp.7.html,proprietary,draft,
question,xq-b-474,backend,网络,"为什么 DNS 默认使用 UDP 53 端口？什么情况下会回退到 TCP？请从协议设计角度分析。",https://man7.org/linux/man-pages/man7/tcp.7.html,proprietary,draft,
question,xq-b-490,backend,网络,"为什么 TCP 建立连接需要三次握手而不是两次？如果只有两次握手会发生什么？",https://man7.org/linux/man-pages/man7/tcp.7.html,proprietary,draft,
question,xq-b-491,backend,网络,"为什么 TCP 建立连接需要三次握手而不是两次？请从协议设计原理和实际故障场景两个维度解释。",https://man7.org/linux/man-pages/man7/tcp.7.html,proprietary,draft,
question,xq-b-5,backend,网络,"401 Unauthorized 和 403 Forbidden 有什么区别？为什么把 429 Too Many Req",https://man7.org/linux/man-pages/man7/tcp.7.html,proprietary,draft,
question,xq-b-503,backend,网络,"为什么 tracert（Windows）或 traceroute（Linux）能探测出从本机到目标主机的每一跳路由器？它",https://man7.org/linux/man-pages/man7/tcp.7.html,proprietary,draft,
question,xq-b-537,backend,网络,"为什么说"所有错误都返回 200 + {success:false}"是一种反模式？请从中间件、网关、客户端三个层面分析",https://man7.org/linux/man-pages/man7/tcp.7.html,proprietary,draft,
question,xq-b-540,backend,网络,"为什么说"端口是传输层的概念"？如果把端口误归为网络层，会在排障和架构设计中犯什么错？",https://man7.org/linux/man-pages/man7/tcp.7.html,proprietary,draft,
question,xq-b-553,backend,网络,"什么是 AEAD？为什么推荐使用 AES-256-GCM 而不是 AES-ECB 或 AES-CBC？请从安全性角度分析",https://man7.org/linux/man-pages/man7/tcp.7.html,proprietary,draft,
question,xq-b-556,backend,网络,"什么是 DNS 缓存投毒（Cache Poisoning）？攻击者如何利用它劫持流量？DNSSEC 是如何防御的？",https://man7.org/linux/man-pages/man7/tcp.7.html,proprietary,draft,
question,xq-b-562,backend,网络,"什么是 MTU 和 MSS？为什么说"MTU=1500 表示包最大 1500 字节"是错的？二者如何影响 TCP 传输性",https://man7.org/linux/man-pages/man7/tcp.7.html,proprietary,draft,
question,xq-b-564,backend,网络,"什么是 PKCE（RFC 7636）？为什么它对 SPA 和移动端应用至关重要？请描述其核心流程。",https://man7.org/linux/man-pages/man7/tcp.7.html,proprietary,draft,
question,xq-b-567,backend,网络,"什么是 Reactor 模式？请画出单 Reactor 单线程、单 Reactor 多线程、主从 Reactor 三种模",https://man7.org/linux/man-pages/man7/tcp.7.html,proprietary,draft,
question,xq-b-573,backend,网络,"什么是 epoll 的边缘触发（ET）和水平触发（LT）？为什么 ET 模式下必须循环读取直到 EAGAIN？请给出正确",https://man7.org/linux/man-pages/man7/tcp.7.html,proprietary,draft,
question,xq-b-589,backend,网络,"什么是前向安全（Forward Secrecy）？为什么现代 TLS 强制要求使用 DHE 而非静态 RSA 密钥交换？",https://man7.org/linux/man-pages/man7/tcp.7.html,proprietary,draft,
question,xq-b-590,backend,网络,"什么是前向安全（Forward Secrecy）？为什么现代 TLS 部署强制要求开启？请用具体场景说明。",https://man7.org/linux/man-pages/man7/tcp.7.html,proprietary,draft,
question,xq-b-6,backend,网络,"409 Conflict 和 422 Unprocessable Entity 都表示"请求无法完成"，它们的适用场景有",https://man7.org/linux/man-pages/man7/tcp.7.html,proprietary,draft,
question,xq-b-619,backend,网络,"什么是背压（Back-pressure）？在 Netty 和响应式编程中分别如何实现？背压设计失误会引发哪些连锁故障？",https://man7.org/linux/man-pages/man7/tcp.7.html,proprietary,draft,
question,xq-b-639,backend,网络,"你在负责一个高并发服务，需要将域名从旧服务器切换到新服务器（IP 变更）。请设计一个平滑迁移方案，并说明 TTL 设置策",https://man7.org/linux/man-pages/man7/tcp.7.html,proprietary,draft,
question,xq-b-652,backend,网络,"假设一个微服务 A 调用微服务 B 超时，请按分层定位的思路，列出从物理层到应用层的排查步骤和对应工具。",https://man7.org/linux/man-pages/man7/tcp.7.html,proprietary,draft,
question,xq-b-688,backend,网络,"后端服务排查"用户连不上服务器"时，如何按分层思路定位问题？请给出具体的排查命令和顺序。",https://man7.org/linux/man-pages/man7/tcp.7.html,proprietary,draft,
question,xq-b-7,backend,网络,"429 Too Many Requests 的响应头中 `Retry-After` 有哪些格式？为什么说它是优雅限流重试",https://man7.org/linux/man-pages/man7/tcp.7.html,proprietary,draft,
question,xq-b-707,backend,网络,"在 DNS 系统中，递归查询和迭代查询的本质区别是什么？请结合真实解析链路说明各自承担的角色。",https://man7.org/linux/man-pages/man7/tcp.7.html,proprietary,draft,
question,xq-b-71,backend,网络,"GET 和 POST 在 HTTP 语义上的本质区别是什么？为什么说"GET 用 URL 传参，POST 用 Body ",https://man7.org/linux/man-pages/man7/tcp.7.html,proprietary,draft,
question,xq-b-72,backend,网络,"GET 和 POST 在 HTTP 语义层面有哪些本质区别？为什么说"用 POST 实现查询"是设计缺陷？",https://man7.org/linux/man-pages/man7/tcp.7.html,proprietary,draft,
question,xq-b-722,backend,网络,"在 Linux 上，如何用命令行观察 TCP 连接状态迁移和 TIME-WAIT 数量？如果发现 TIME-WAIT 过",https://man7.org/linux/man-pages/man7/tcp.7.html,proprietary,draft,
question,xq-b-724,backend,网络,"在 Netty 的 channelRead 回调中执行同步阻塞调用（如查数据库、调远程 HTTP）会引发什么问题？正确的",https://man7.org/linux/man-pages/man7/tcp.7.html,proprietary,draft,
question,xq-b-731,backend,网络,"在 REST API 设计中，GET 请求的"安全"和"幂等"具体指什么？为什么说"用 POST 做查询"会丧失这些优势",https://man7.org/linux/man-pages/man7/tcp.7.html,proprietary,draft,
question,xq-b-745,backend,网络,"在 TLS 握手过程中，非对称加密具体是如何「协商」出对称密钥的？请描述 RSA 密钥交换与 ECDHE 密钥交换的流程",https://man7.org/linux/man-pages/man7/tcp.7.html,proprietary,draft,
question,xq-b-747,backend,网络,"在 epoll 的 ET（边缘触发）模式下，为什么“一次没读干净就丢事件”？请用代码示例说明正确的读取方式，并指出 LT",https://man7.org/linux/man-pages/man7/tcp.7.html,proprietary,draft,
question,xq-b-790,backend,网络,"在弱网（高丢包率）环境下，UDP 一定比 TCP 快吗？请从拥塞控制、重传策略、应用层行为三个角度分析。",https://man7.org/linux/man-pages/man7/tcp.7.html,proprietary,draft,
question,xq-b-81,backend,网络,"HTTP 状态码中 401 Unauthorized 和 403 Forbidden 的核心区别是什么？为什么说用 40",https://man7.org/linux/man-pages/man7/tcp.7.html,proprietary,draft,
question,xq-b-82,backend,网络,"HTTP 缓存机制中，Cache-Control 和 ETag/Last-Modified 分别扮演什么角色？强缓存与协",https://man7.org/linux/man-pages/man7/tcp.7.html,proprietary,draft,
question,xq-b-83,backend,网络,"HTTPS 中 TLS 握手如何保证通信安全？请从密钥交换、身份认证、加密通信三个层面展开说明。",https://man7.org/linux/man-pages/man7/tcp.7.html,proprietary,draft,
question,xq-b-84,backend,网络,"HTTPS 是否意味着绝对安全？请列举 TLS 无法防御的安全威胁，并说明 HTTPS 部署中的常见配置漏洞。",https://man7.org/linux/man-pages/man7/tcp.7.html,proprietary,draft,
question,xq-b-85,backend,网络,"HTTPS 是如何保证通信安全的？请从加密、身份认证、完整性三个维度展开说明。",https://man7.org/linux/man-pages/man7/tcp.7.html,proprietary,draft,
question,xq-b-854,backend,网络,"客户端如何校验服务器证书的合法性？请描述完整的证书链验证流程，并说明证书链不完整会导致什么问题。",https://man7.org/linux/man-pages/man7/tcp.7.html,proprietary,draft,
question,xq-b-858,backend,网络,"对比 HSTS（Strict-Transport-Security）、X-Content-Type-Options、X-",https://man7.org/linux/man-pages/man7/tcp.7.html,proprietary,draft,
question,xq-b-906,backend,网络,"数据从主机 A 发送到主机 B，经过交换机、路由器和 NAT 设备时，各层报头（MAC、IP、端口）分别发生了什么变化？",https://man7.org/linux/man-pages/man7/tcp.7.html,proprietary,draft,
question,xq-b-907,backend,网络,"数据从主机 A 发送到主机 B，经过路由器和交换机时，MAC 地址、IP 地址、端口号分别发生了哪些变化？",https://man7.org/linux/man-pages/man7/tcp.7.html,proprietary,draft,
question,xq-b-955,backend,网络,"用 `tcpdump` 抓一个 ping 包，描述从以太网头到 ICMP 的逐层结构，并说明各层字段如何对应 OSI/T",https://man7.org/linux/man-pages/man7/tcp.7.html,proprietary,draft,
question,xq-b-956,backend,网络,"用 mkfifo 创建命名管道后，为什么"先 cat 再 echo"和"先 echo 再 cat"的行为不同？请解释 F",https://man7.org/linux/man-pages/man7/tcp.7.html,proprietary,draft,
question,xq-b-969,backend,网络,"管道 `|` 与重定向 `>` 的本质区别是什么？为什么说“管道右侧的 cd 无效”？请从进程模型角度解释。",https://man7.org/linux/man-pages/man7/tcp.7.html,proprietary,draft,
question,xq-b-970,backend,网络,"管道是字节流而非消息流，这在实际编程中会引发什么问题？请给出两种以上解决「粘包/半包」问题的方案，并写出伪代码。",https://man7.org/linux/man-pages/man7/tcp.7.html,proprietary,draft,
question,xq-b-971,backend,网络,"管道是字节流还是消息流？为什么说"多次 write 可能被一次 read 合并"？请设计一个应用层协议解决该问题，并说明",https://man7.org/linux/man-pages/man7/tcp.7.html,proprietary,draft,
section,dbs-c1-s2,backend,,"MySQL 逻辑架构与存储引擎",https://dev.mysql.com/doc/refman/8.0/en/architecture.html,proprietary,draft,
section,dbs-c10-s2,backend,,"事务一致性实现",https://dev.mysql.com/doc/refman/8.0/en/commit.html,proprietary,draft,
section,dbs-c3-s1,backend,,"事务基础与 ACID",https://dev.mysql.com/doc/refman/8.0/en/commit.html,proprietary,draft,
section,dbs-c1-s3,backend,,"数据库与表的基本操作",https://dev.mysql.com/doc/refman/8.0/en/create-database.html,proprietary,draft,
section,dbs-c2-s2,backend,,"创建与管理索引",https://dev.mysql.com/doc/refman/8.0/en/create-index.html,proprietary,draft,
section,dbs-c9-s1,backend,,"关系型 vs NoSQL 存储模型",https://dev.mysql.com/doc/refman/8.0/en/create-table.html,proprietary,draft,
section,dbs-c2-s4,backend,,"查询优化器与执行计划",https://dev.mysql.com/doc/refman/8.0/en/explain-output.html,proprietary,draft,
section,dbs-c10-s1,backend,,"项目设计：电商系统数据层",https://dev.mysql.com/doc/refman/8.0/en/glossary.html#glos_normalization,proprietary,draft,
section,dbs-c2-s3,backend,,"索引失效场景与优化",https://dev.mysql.com/doc/refman/8.0/en/index-btree-hash.html,proprietary,draft,
section,dbs-c9-s2,backend,,"索引机制对比",https://dev.mysql.com/doc/refman/8.0/en/innodb-index-types.html,proprietary,draft,
section,dbs-c3-s3,backend,,"锁机制",https://dev.mysql.com/doc/refman/8.0/en/innodb-locking.html,proprietary,draft,
section,dbs-c3-s5,backend,,"事务日志与持久性",https://dev.mysql.com/doc/refman/8.0/en/innodb-redo-log.html,proprietary,draft,
section,dbs-c3-s4,backend,,"MVCC（多版本并发控制）",https://dev.mysql.com/doc/refman/8.0/en/innodb-row-format.html,proprietary,draft,
section,dbs-c3-s2,backend,,"隔离级别",https://dev.mysql.com/doc/refman/8.0/en/innodb-transaction-isolation-levels.html,proprietary,draft,
section,dbs-c9-s3,backend,,"事务与一致性对比",https://dev.mysql.com/doc/refman/8.0/en/innodb-transaction-isolation-levels.html,proprietary,draft,
section,dbs-c9-s5,backend,,"选型决策指南",https://dev.mysql.com/doc/refman/8.0/en/innodb-transaction-model.html,proprietary,draft,
section,dbs-c1-s5,backend,,"SQL 进阶：连接与子查询",https://dev.mysql.com/doc/refman/8.0/en/join.html,proprietary,draft,
section,bw-c6-s5,backend,,"数据库性能优化",https://dev.mysql.com/doc/refman/8.0/en/mysql-indexes.html,proprietary,draft,
section,dbs-c2-s1,backend,,"索引基础与类型",https://dev.mysql.com/doc/refman/8.0/en/mysql-indexes.html,proprietary,draft,
section,dbs-c2-s5,backend,,"索引设计实践",https://dev.mysql.com/doc/refman/8.0/en/optimization-indexes.html,proprietary,draft,
section,dbs-c10-s3,backend,,"缓存与数据库一致性",https://dev.mysql.com/doc/refman/8.0/en/query-cache.html,proprietary,draft,
section,dbs-c10-s4,backend,,"高可用部署",https://dev.mysql.com/doc/refman/8.0/en/replication.html,proprietary,draft,
section,dbs-c9-s4,backend,,"性能与扩展性",https://dev.mysql.com/doc/refman/8.0/en/replication.html,proprietary,draft,
section,dbs-c1-s4,backend,,"SQL 基础：查询与过滤",https://dev.mysql.com/doc/refman/8.0/en/select.html,proprietary,draft,
section,dbs-c10-s5,backend,,"性能调优与监控",https://dev.mysql.com/doc/refman/8.0/en/slow-query-log.html,proprietary,draft,
section,be-c4-s7,backend,,"读写分离与分库分表",https://dev.mysql.com/doc/refman/8.4/en/,proprietary,draft,
section,op-c6-s1,devops,,"MySQL 备份与恢复",https://dev.mysql.com/doc/refman/8.4/en/,proprietary,draft,
section,op-c6-s2,devops,,"MySQL 主从复制运维",https://dev.mysql.com/doc/refman/8.4/en/,proprietary,draft,
section,op-c6-s4,devops,,"慢查询治理与索引优化",https://dev.mysql.com/doc/refman/8.4/en/,proprietary,draft,
section,op-c6-s5,devops,,"参数调优",https://dev.mysql.com/doc/refman/8.4/en/,proprietary,draft,
section,op-c6-s6,devops,,"高可用架构",https://dev.mysql.com/doc/refman/8.4/en/,proprietary,draft,
section,op-c6-s7,devops,,"在线 schema 变更",https://dev.mysql.com/doc/refman/8.4/en/,proprietary,draft,
section,op-c6-s8,devops,,"容量规划与监控",https://dev.mysql.com/doc/refman/8.4/en/,proprietary,draft,
section,dbs-c1-s1,backend,,"MySQL 简介与安装",https://dev.mysql.com/doc/relnotes/mysql/8.0/en/,proprietary,draft,
section,be-jvm-s4,backend,,"垃圾回收基础：可达性分析与四种引用",https://docs.oracle.com/en/java/javase/17/docs/api/java.base/java/lang/ref/package-summary.html,proprietary,draft,
section,be-c1-s2,backend,,"HashMap 原理与并发隐患",https://docs.oracle.com/en/java/javase/17/docs/api/java.base/java/util/HashMap.html,proprietary,draft,
section,be-c1-s8,backend,,"ConcurrentHashMap 与并发容器",https://docs.oracle.com/en/java/javase/17/docs/api/java.base/java/util/concurrent/ConcurrentHashMap.html,proprietary,draft,
section,bw-c3-s3,backend,,"并发工具类与原子类",https://docs.oracle.com/en/java/javase/17/docs/api/java.base/java/util/concurrent/CountDownLatch.html,proprietary,draft,
section,be-c1-s7,backend,,"线程池 ThreadPoolExecutor",https://docs.oracle.com/en/java/javase/17/docs/api/java.base/java/util/concurrent/ThreadPoolExecutor.html,proprietary,draft,
section,bw-c2-s4,backend,,"JVM 调优与故障排查",https://docs.oracle.com/en/java/javase/17/docs/specs/man/java.html,proprietary,draft,
section,be-jvm-s5,backend,,"经典 GC 算法与收集器（Serial/Parallel/CMS/G1/ZGC）",https://docs.oracle.com/en/java/javase/17/gctuning/,proprietary,draft,
section,be-jvm-s6,backend,,"G1 收集器深入：Region/混合回收/Remember Set",https://docs.oracle.com/en/java/javase/17/gctuning/garbage-first-g1.html,proprietary,draft,
section,be-c1-s4,backend,,"垃圾回收与 G1",https://docs.oracle.com/en/java/javase/17/gctuning/introduction-garbage-collection-tuning.html,proprietary,draft,
section,bw-c2-s2,backend,,"垃圾回收（GC）机制",https://docs.oracle.com/en/java/javase/17/gctuning/introduction-garbage-collection-tuning.html,proprietary,draft,
section,be-jvm-s7,backend,,"JVM 调优与排查工具链（OOM/jstack/jmap/JFR/Arthas）",https://docs.oracle.com/en/java/javase/17/troubleshoot/,proprietary,draft,
section,be-c5-s3,backend,,"结构型：适配器、装饰器、代理",https://docs.oracle.com/en/java/javase/21/docs/api/java.base/java/io/FilterInputStream.html,proprietary,draft,
section,be-c5-s4,backend,,"行为型：策略与观察者",https://docs.oracle.com/en/java/javase/21/docs/api/java.base/java/util/Iterator.html,proprietary,draft,
section,be-c5-s1,backend,,"设计模式全景：GoF 三大分类与价值",https://docs.oracle.com/en/java/javase/21/docs/api/java.base/java/util/package-summary.html,proprietary,draft,
section,be-c5-s10,backend,,"设计反模式与演进",https://docs.oracle.com/en/java/javase/21/docs/api/java.base/java/util/package-summary.html,proprietary,draft,
section,be-c5-s2,backend,,"创建型：单例与工厂方法/抽象工厂",https://docs.oracle.com/en/java/javase/21/docs/api/java.base/java/util/package-summary.html,proprietary,draft,
section,be-c5-s5,backend,,"行为型：模板方法与命令",https://docs.oracle.com/en/java/javase/21/docs/api/java.base/java/util/package-summary.html,proprietary,draft,
section,be-dsa-s1,backend,,"复杂度分析与大 O 记号",https://docs.oracle.com/en/java/javase/21/docs/api/java.base/java/util/package-summary.html,proprietary,draft,
section,be-dsa-s3,backend,,"链表(单向/双向/循环)",https://docs.oracle.com/en/java/javase/21/docs/api/java.base/java/util/package-summary.html,proprietary,draft,
section,be-dsa-s6,backend,,"树、堆与平衡树",https://docs.oracle.com/en/java/javase/21/docs/api/java.base/java/util/package-summary.html,proprietary,draft,
section,be-dsa-s8,backend,,"排序、查找与算法范式",https://docs.oracle.com/en/java/javase/21/docs/api/java.base/java/util/package-summary.html,proprietary,draft,
section,bw-c1-s1,backend,,"Java 语言入门与开发环境",https://docs.oracle.com/en/java/javase/21/install/overview-jdk-installation.html,proprietary,draft,
section,be-jvm-s2,backend,,"类加载机制：双亲委派与初始化时机",https://docs.oracle.com/javase/specs/jls/se17/html/jls-12.html,proprietary,draft,
section,be-c1-s6,backend,,"JMM：happens-before 与 volatile",https://docs.oracle.com/javase/specs/jls/se17/html/jls-17.html,proprietary,draft,
section,bw-c2-s3,backend,,"类加载机制与字节码",https://docs.oracle.com/javase/specs/jls/se21/html/jls-12.html#jls-12.4.1,proprietary,draft,
section,be-c1-s3,backend,,"JVM 运行时数据区",https://docs.oracle.com/javase/specs/jvms/se17/html/jvms-2.html,proprietary,draft,
section,be-jvm-s1,backend,,"JVM 运行时数据区：线程私有 vs 共享",https://docs.oracle.com/javase/specs/jvms/se17/html/jvms-2.html#jvms-2.5,proprietary,draft,
section,bw-c2-s1,backend,,"JVM 内存区域与对象访问",https://docs.oracle.com/javase/specs/jvms/se17/html/jvms-2.html#jvms-2.5.1,proprietary,draft,
section,be-jvm-s3,backend,,"对象创建与内存布局（对象头/对齐/压缩指针）",https://docs.oracle.com/javase/specs/jvms/se17/html/jvms-2.html#jvms-2.7,proprietary,draft,
section,be-c1-s9,backend,,"死锁与并发活跃性问题",https://docs.oracle.com/javase/tutorial/essential/concurrency/deadlock.html,proprietary,draft,
section,bw-c3-s4,backend,,"线程池与异步编程",https://docs.oracle.com/javase/tutorial/essential/concurrency/executors.html,proprietary,draft,
section,be-c1-s5,backend,,"线程与 synchronized 内置锁",https://docs.oracle.com/javase/tutorial/essential/concurrency/locksync.html,proprietary,draft,
section,bw-c3-s1,backend,,"线程基础与生命周期",https://docs.oracle.com/javase/tutorial/essential/concurrency/runthread.html,proprietary,draft,
section,bw-c3-s2,backend,,"线程安全与同步机制",https://docs.oracle.com/javase/tutorial/essential/concurrency/sync.html,proprietary,draft,
section,bw-c1-s3,backend,,"异常处理与断言",https://docs.oracle.com/javase/tutorial/essential/exceptions/index.html,proprietary,draft,
section,bw-c1-s4,backend,,"泛型与集合框架",https://docs.oracle.com/javase/tutorial/java/generics/types.html,proprietary,draft,
section,be-c1-s1,backend,,"Java 值传递与类型系统",https://docs.oracle.com/javase/tutorial/java/javaOO/arguments.html,proprietary,draft,
section,bw-c1-s2,backend,,"面向对象编程（OOP）",https://docs.oracle.com/javase/tutorial/java/javaOO/classes.html,proprietary,draft,
section,bw-c1-s5,backend,,"Lambda 表达式与流式编程",https://docs.oracle.com/javase/tutorial/java/javaOO/lambdaexpressions.html,proprietary,draft,
section,ot-c1-s1,devops,,"Shell 与命令行入门",https://man7.org/linux/man-pages/man1/bash.1.html,proprietary,draft,
section,ot-c4-s4,devops,,"网络服务管理",https://man7.org/linux/man-pages/man1/systemctl.1.html,proprietary,draft,
section,be-os-s1,backend,,"进程、线程与调度",https://man7.org/linux/man-pages/man2/fork.2.html,proprietary,draft,
section,be-os-s8,backend,,"容器底层：namespace 与 cgroups",https://man7.org/linux/man-pages/man2/fork.2.html,proprietary,draft,
section,ot-c2-s1,devops,,"进程基础与查看",https://man7.org/linux/man-pages/man2/fork.2.html,proprietary,draft,
section,be-os-s3,backend,,"虚拟内存与内存管理",https://man7.org/linux/man-pages/man2/mmap.2.html,proprietary,draft,
section,op-c1-s9,devops,,"定时任务与日志轮转",https://man7.org/linux/man-pages/man5/crontab.5.html,proprietary,draft,
section,be-os-s4,backend,,"文件系统与磁盘 IO",https://man7.org/linux/man-pages/man5/filesystems.5.html,proprietary,draft,
section,ot-c1-s5,devops,,"用户与权限管理",https://man7.org/linux/man-pages/man5/passwd.5.html,proprietary,draft,
section,ot-c2-s3,devops,,"系统资源监控",https://man7.org/linux/man-pages/man5/proc.5.html,proprietary,draft,
section,be-net-s6,backend,,"DNS 与域名解析",https://man7.org/linux/man-pages/man5/resolv.conf.5.html,proprietary,draft,
section,ot-c4-s3,devops,,"DNS 与主机名配置",https://man7.org/linux/man-pages/man5/resolv.conf.5.html,proprietary,draft,
section,be-net-s7,backend,,"IO 模型(阻塞/非阻塞/多路复用/异步)",https://man7.org/linux/man-pages/man7/epoll.7.html,proprietary,draft,
section,ot-c1-s2,devops,,"文件系统层次标准 (FHS)",https://man7.org/linux/man-pages/man7/file-hierarchy.7.html,proprietary,draft,
section,ot-c2-s4,devops,,"日志管理与分析",https://man7.org/linux/man-pages/man7/file-hierarchy.7.html,proprietary,draft,
section,op-c3-s1,devops,,"容器原理与镜像概念",https://man7.org/linux/man-pages/man7/namespaces.7.html,proprietary,draft,
section,be-os-s7,backend,,"信号与同步原语",https://man7.org/linux/man-pages/man7/signal.7.html,proprietary,draft,
section,op-c1-s5,devops,,"进程管理与信号",https://man7.org/linux/man-pages/man7/signal.7.html,proprietary,draft,
section,ot-c2-s2,devops,,"进程控制与信号",https://man7.org/linux/man-pages/man7/signal.7.html,proprietary,draft,
section,be-os-s2,backend,,"进程间通信 IPC",https://man7.org/linux/man-pages/man7/svipc.7.html,proprietary,draft,
section,be-net-s1,backend,,"网络分层与协议栈(OSI/TCP-IP)",https://man7.org/linux/man-pages/man7/tcp.7.html,proprietary,draft,
section,be-net-s2,backend,,"TCP 可靠传输与连接管理",https://man7.org/linux/man-pages/man7/tcp.7.html,proprietary,draft,
section,be-net-s8,backend,,"网络编程与高性能 IO(Socket/NIO/零拷贝)",https://man7.org/linux/man-pages/man7/tcp.7.html,proprietary,draft,
section,be-net-s3,backend,,"UDP 与传输层选择",https://man7.org/linux/man-pages/man7/udp.7.html,proprietary,draft,
section,ot-c4-s1,devops,,"网络接口配置",https://man7.org/linux/man-pages/man8/ip-address.8.html,proprietary,draft,
section,ot-c5-s2,devops,,"防火墙与 iptables",https://man7.org/linux/man-pages/man8/iptables-extensions.8.html,proprietary,draft,
section,ot-c4-s5,devops,,"网络故障排查",https://man7.org/linux/man-pages/man8/ping.8.html,proprietary,draft,
section,ot-c4-s2,devops,,"路由与默认网关",https://man7.org/linux/man-pages/man8/route.8.html,proprietary,draft,