module,chapter,section,title,hasMeta,reviewedAt,risk,metaSource,urlCount,sourceUrl,license,tier,note
frontend,fe-c1,fe-c1-s1,"HTML 语义化与文档结构",1,2026-08-02,低,官方(可溯源),1,https://developer.mozilla.org/en-US/docs/Web/HTML/Element,cc-by-sa,amber,"MDN · CC-BY-SA（相同方式分享，具传染性）"
frontend,fe-c1,fe-c1-s2,"表单与无障碍输入",1,2026-08-02,低,官方(可溯源),2,https://developer.mozilla.org/en-US/docs/Learn/Forms/Form_validation,cc-by-sa,amber,"MDN · CC-BY-SA（相同方式分享，具传染性）"
frontend,fe-c1,fe-c1-s3,"多媒体与嵌入内容",1,2026-08-02,低,官方(可溯源),3,https://developer.mozilla.org/en-US/docs/Web/HTML/Element/img,cc-by-sa,amber,"MDN · CC-BY-SA（相同方式分享，具传染性）"
frontend,fe-c1,fe-c1-s4,"元数据与 SEO 基础",1,2026-08-02,低,官方(可溯源),2,https://developer.mozilla.org/en-US/docs/Web/HTML/Element/meta,cc-by-sa,amber,"MDN · CC-BY-SA（相同方式分享，具传染性）"
frontend,fe-c1,fe-c1-s5,"HTML5 新特性与渐进增强",1,2026-08-02,低,官方(可溯源),2,https://developer.mozilla.org/en-US/docs/Glossary/Progressive_enhancement,cc-by-sa,amber,"MDN · CC-BY-SA（相同方式分享，具传染性）"
frontend,fe-c2,fe-c2-s1,"盒模型与文档流",1,2026-08-02,低,官方(可溯源),3,https://developer.mozilla.org/en-US/docs/Web/CSS/CSS_box_model/Introduction_to_the_CSS_box_model,cc-by-sa,amber,"MDN · CC-BY-SA（相同方式分享，具传染性）"
frontend,fe-c2,fe-c2-s2,"Flexbox 弹性布局",1,2026-08-02,低,官方(可溯源),3,https://developer.mozilla.org/en-US/docs/Web/CSS/CSS_flexible_box_layout/Basic_concepts_of_flexbox,cc-by-sa,amber,"MDN · CC-BY-SA（相同方式分享，具传染性）"
frontend,fe-c2,fe-c2-s3,"CSS Grid 网格布局",1,2026-08-02,低,官方(可溯源),3,https://developer.mozilla.org/en-US/docs/Web/CSS/CSS_grid_layout/Basic_concepts_of_grid_layout,cc-by-sa,amber,"MDN · CC-BY-SA（相同方式分享，具传染性）"
frontend,fe-c2,fe-c2-s4,"定位、层叠与 BFC",1,2026-08-02,低,官方(可溯源),3,https://developer.mozilla.org/en-US/docs/Web/CSS/position,cc-by-sa,amber,"MDN · CC-BY-SA（相同方式分享，具传染性）"
frontend,fe-c2,fe-c2-s5,"响应式设计与媒体查询",1,2026-08-02,低,官方(可溯源),3,https://developer.mozilla.org/en-US/docs/Web/CSS/CSS_media_queries/Responsive_design,cc-by-sa,amber,"MDN · CC-BY-SA（相同方式分享，具传染性）"
frontend,fe-c2,fe-c2-s6,"CSS 变量与现代化特性",1,2026-08-02,低,官方(可溯源),3,https://developer.mozilla.org/en-US/docs/Web/CSS/CSS_cascading_variables/Using_CSS_custom_properties,cc-by-sa,amber,"MDN · CC-BY-SA（相同方式分享，具传染性）"
frontend,fe-c3,fe-c3-s1,"数据类型与类型转换",1,2026-08-02,低,官方(可溯源),1,https://developer.mozilla.org/en-US/docs/Web/JavaScript/Data_structures,cc-by-sa,amber,"MDN · CC-BY-SA（相同方式分享，具传染性）"
frontend,fe-c3,fe-c3-s2,"变量作用域与提升",1,2026-08-02,低,官方(可溯源),1,https://developer.mozilla.org/en-US/docs/Glossary/Hoisting,cc-by-sa,amber,"MDN · CC-BY-SA（相同方式分享，具传染性）"
frontend,fe-c3,fe-c3-s3,"闭包与高阶函数",1,2026-08-02,低,官方(可溯源),1,https://developer.mozilla.org/en-US/docs/Web/JavaScript/Closures,cc-by-sa,amber,"MDN · CC-BY-SA（相同方式分享，具传染性）"
frontend,fe-c3,fe-c3-s4,"this 绑定规则",1,2026-08-02,低,官方(可溯源),1,https://developer.mozilla.org/en-US/docs/Web/JavaScript/Reference/Operators/this,cc-by-sa,amber,"MDN · CC-BY-SA（相同方式分享，具传染性）"
frontend,fe-c3,fe-c3-s5,"原型链与继承",1,2026-08-02,低,官方(可溯源),1,https://developer.mozilla.org/en-US/docs/Web/JavaScript/Inheritance_and_the_prototype_chain,cc-by-sa,amber,"MDN · CC-BY-SA（相同方式分享，具传染性）"
frontend,fe-c3,fe-c3-s6,"ES6+ 现代语法",1,2026-08-02,低,官方(可溯源),1,https://developer.mozilla.org/en-US/docs/Web/JavaScript/Reference/Operators/Optional_chaining,cc-by-sa,amber,"MDN · CC-BY-SA（相同方式分享，具传染性）"
frontend,fe-c4,fe-c4-s1,"单线程与事件循环",1,2026-08-02,低,官方(可溯源),1,https://developer.mozilla.org/en-US/docs/Web/JavaScript/Event_loop,cc-by-sa,amber,"MDN · CC-BY-SA（相同方式分享，具传染性）"
frontend,fe-c4,fe-c4-s2,"Promise 与 then/catch/finally",1,2026-08-02,低,官方(可溯源),1,https://developer.mozilla.org/en-US/docs/Web/JavaScript/Reference/Global_Objects/Promise,cc-by-sa,amber,"MDN · CC-BY-SA（相同方式分享，具传染性）"
frontend,fe-c4,fe-c4-s3,"async/await 与错误处理",1,2026-08-02,低,官方(可溯源),1,https://developer.mozilla.org/en-US/docs/Web/JavaScript/Reference/Statements/async_function,cc-by-sa,amber,"MDN · CC-BY-SA（相同方式分享，具传染性）"
frontend,fe-c4,fe-c4-s4,"微任务与宏任务执行顺序",1,2026-08-02,低,官方(可溯源),2,https://developer.mozilla.org/en-US/docs/Web/JavaScript/Event_loop,cc-by-sa,amber,"MDN · CC-BY-SA（相同方式分享，具传染性）"
frontend,fe-c4,fe-c4-s5,"fetch 与异步数据流",1,2026-08-02,低,官方(可溯源),2,https://developer.mozilla.org/en-US/docs/Web/API/Fetch_API,cc-by-sa,amber,"MDN · CC-BY-SA（相同方式分享，具传染性）"
frontend,fe-c4,fe-c4-s6,"并发控制与竞态",1,2026-08-02,低,官方(可溯源),1,https://developer.mozilla.org/en-US/docs/Web/JavaScript/Reference/Global_Objects/Promise,cc-by-sa,amber,"MDN · CC-BY-SA（相同方式分享，具传染性）"
frontend,fe-c5,fe-c5-s1,"选择器与节点操作",1,2026-08-02,低,官方(可溯源),2,https://developer.mozilla.org/en-US/docs/Web/API/Document/querySelectorAll,cc-by-sa,amber,"MDN · CC-BY-SA（相同方式分享，具传染性）"
frontend,fe-c5,fe-c5-s2,"事件机制与事件委托",1,2026-08-02,低,官方(可溯源),2,https://developer.mozilla.org/en-US/docs/Web/API/Event/currentTarget,cc-by-sa,amber,"MDN · CC-BY-SA（相同方式分享，具传染性）"
frontend,fe-c5,fe-c5-s3,"浏览器存储",1,2026-08-02,低,官方(可溯源),1,https://developer.mozilla.org/en-US/docs/Web/API/Window/localStorage,cc-by-sa,amber,"MDN · CC-BY-SA（相同方式分享，具传染性）"
frontend,fe-c5,fe-c5-s4,"History API 与路由原理",1,2026-08-02,低,官方(可溯源),2,https://developer.mozilla.org/en-US/docs/Web/API/History_API,cc-by-sa,amber,"MDN · CC-BY-SA（相同方式分享，具传染性）"
frontend,fe-c5,fe-c5-s5,"视口、尺寸与滚动",1,2026-08-02,低,官方(可溯源),1,https://developer.mozilla.org/en-US/docs/Web/API/Element/getBoundingClientRect,cc-by-sa,amber,"MDN · CC-BY-SA（相同方式分享，具传染性）"
frontend,fe-c5,fe-c5-s6,"定时器与动画",1,2026-08-02,低,官方(可溯源),2,https://developer.mozilla.org/en-US/docs/Web/API/Window/setTimeout,cc-by-sa,amber,"MDN · CC-BY-SA（相同方式分享，具传染性）"
frontend,fe-c6,fe-c6-s1,"从 URL 到页面渲染的全过程",1,2026-08-02,低,官方(可溯源),2,https://developer.mozilla.org/en-US/docs/Web/Performance/Guides/How_browsers_work,cc-by-sa,amber,"MDN · CC-BY-SA（相同方式分享，具传染性）"
frontend,fe-c6,fe-c6-s2,"渲染管线：解析/布局/绘制/合成",1,2026-08-02,低,官方(可溯源),3,https://developer.mozilla.org/en-US/docs/Web/Performance/Guides/Critical_rendering_path,cc-by-sa,amber,"MDN · CC-BY-SA（相同方式分享，具传染性）"
frontend,fe-c6,fe-c6-s3,"重排与重绘优化",1,2026-08-02,低,官方(可溯源),3,https://web.dev/articles/avoid-large-complex-layouts-and-layout-thrashing,unknown,amber,"其他来源 · 待核实"
frontend,fe-c6,fe-c6-s4,"网络请求与缓存策略",1,2026-08-02,低,官方(可溯源),2,https://developer.mozilla.org/en-US/docs/Web/HTTP/Guides/Caching,cc-by-sa,amber,"MDN · CC-BY-SA（相同方式分享，具传染性）"
frontend,fe-c6,fe-c6-s5,"关键渲染路径与资源加载",1,2026-08-02,低,官方(可溯源),5,https://developer.mozilla.org/en-US/docs/Web/Performance/Guides/Critical_rendering_path,cc-by-sa,amber,"MDN · CC-BY-SA（相同方式分享，具传染性）"
frontend,fe-c8,fe-c8-s1,"包管理与 npm 生态",1,2026-08-02,高,官方(可溯源),10,https://docs.npmjs.com/cli/v11/configuring-npm/package-json,unknown,amber,"其他来源 · 待核实"
frontend,fe-c8,fe-c8-s2,"模块化：CommonJS 与 ESM",1,2026-08-02,高,官方(可溯源),5,https://nodejs.org/api/modules.html,mit,green,"Node.js Docs · MIT 类"
frontend,fe-c8,fe-c8-s3,"Vite 原理与配置",1,2026-08-02,高,官方(可溯源),10,https://vite.dev/guide/why.html,unknown,amber,"其他来源 · 待核实"
frontend,fe-c8,fe-c8-s4,"Webpack 核心概念",1,2026-08-02,高,官方(可溯源),8,https://webpack.js.org/concepts/,unknown,amber,"其他来源 · 待核实"
frontend,fe-c8,fe-c8-s5,"ESLint/Prettier 与代码质量",1,2026-08-02,高,官方(可溯源),10,https://eslint.org/docs/latest/use/configure/configuration-files,unknown,amber,"其他来源 · 待核实"
frontend,fe-c8,fe-c8-s6,"Git 工作流与版本控制",1,2026-08-02,高,官方(可溯源),4,https://git-scm.com/book/en/v2/Git-Branching-Rebasing,unknown,amber,"其他来源 · 待核实"
frontend,fe-c9,fe-c9-s1,"JSX 与组件模型",1,2026-08-02,高,官方(可溯源),2,https://react.dev/learn/writing-markup-with-jsx,cc-by-4.0,green,"React Docs · CC-BY-4.0"
frontend,fe-c9,fe-c9-s2,"函数组件与 Props",1,2026-08-02,高,官方(可溯源),1,https://react.dev/learn/passing-props-to-a-component,cc-by-4.0,green,"React Docs · CC-BY-4.0"
frontend,fe-c9,fe-c9-s3,"Hooks：useState/useEffect",1,2026-08-02,高,官方(可溯源),2,https://react.dev/reference/react/useState,cc-by-4.0,green,"React Docs · CC-BY-4.0"
frontend,fe-c9,fe-c9-s4,"自定义 Hooks 与规则",1,2026-08-02,高,官方(可溯源),3,https://react.dev/reference/rules/rules-of-hooks,cc-by-4.0,green,"React Docs · CC-BY-4.0"
frontend,fe-c9,fe-c9-s5,"状态管理与 Context",1,2026-08-02,高,官方(可溯源),3,https://react.dev/learn/passing-data-deeply-with-context,cc-by-4.0,green,"React Docs · CC-BY-4.0"
frontend,fe-c9,fe-c9-s6,"渲染机制与性能优化",1,2026-08-02,高,官方(可溯源),2,https://react.dev/learn/render-and-commit,cc-by-4.0,green,"React Docs · CC-BY-4.0"
frontend,fe-c9,fe-c9-s7,"React Router 与数据请求",1,2026-08-02,高,官方(可溯源),3,https://reactrouter.com/start/modes,unknown,amber,"其他来源 · 待核实"
frontend,fe-c10,fe-c10-s1,"模板语法与响应式原理",1,2026-08-02,高,官方(可溯源),6,https://vuejs.org/guide/essentials/template-syntax.html,unknown,amber,"Vue Docs · 待核实"
frontend,fe-c10,fe-c10-s2,"组合式 API",1,2026-08-02,高,官方(可溯源),10,https://vuejs.org/guide/extras/composition-api-faq.html,unknown,amber,"Vue Docs · 待核实"
frontend,fe-c10,fe-c10-s3,"组件通信与插槽",1,2026-08-02,高,官方(可溯源),10,https://vuejs.org/guide/components/props.html,unknown,amber,"Vue Docs · 待核实"
frontend,fe-c10,fe-c10-s4,"生命周期与侦听器",1,2026-08-02,高,官方(可溯源),6,https://vuejs.org/guide/essentials/lifecycle.html,unknown,amber,"Vue Docs · 待核实"
frontend,fe-c10,fe-c10-s5,"Vue Router 与 Pinia",1,2026-08-02,高,官方(可溯源),10,https://router.vuejs.org/guide/essentials/dynamic-matching.html,unknown,amber,"Vue Docs · 待核实"
frontend,fe-c10,fe-c10-s6,"性能与最佳实践",1,2026-08-02,高,官方(可溯源),8,https://vuejs.org/guide/extras/rendering-mechanism.html,unknown,amber,"Vue Docs · 待核实"
frontend,fe-c11,fe-c11-s1,"状态管理的本质与场景",1,2026-08-02,中,官方(可溯源),2,https://redux.js.org/tutorials/essentials/part-1-overview-concepts,unknown,amber,"其他来源 · 待核实"
frontend,fe-c11,fe-c11-s2,"Redux 单向数据流",1,2026-08-02,中,官方(可溯源),1,https://redux.js.org/tutorials/essentials/part-1-overview-concepts,unknown,amber,"其他来源 · 待核实"
frontend,fe-c11,fe-c11-s3,"Pinia/Vuex 响应式状态",1,2026-08-02,中,官方(可溯源),1,https://pinia.vuejs.org/core-concepts/,unknown,amber,"Vue Docs · 待核实"
frontend,fe-c11,fe-c11-s4,"状态机与复杂流程",1,2026-08-02,中,官方(可溯源),1,https://stately.ai/docs/state-machines-and-statecharts,unknown,amber,"其他来源 · 待核实"
frontend,fe-c11,fe-c11-s5,"服务端状态",1,2026-08-02,中,官方(可溯源),1,https://tanstack.com/query/latest/docs/framework/react/overview,unknown,amber,"其他来源 · 待核实"
frontend,fe-c12,fe-c12-s1,"测试金字塔与类型",1,2026-08-02,中,官方(可溯源),1,https://martinfowler.com/bliki/TestPyramid.html,unknown,amber,"其他来源 · 待核实"
frontend,fe-c12,fe-c12-s2,"单元测试",1,2026-08-02,中,官方(可溯源),1,https://vitest.dev/guide/,unknown,amber,"其他来源 · 待核实"
frontend,fe-c12,fe-c12-s3,"组件测试",1,2026-08-02,中,官方(可溯源),1,https://testing-library.com/docs/guiding-principles,unknown,amber,"其他来源 · 待核实"
frontend,fe-c12,fe-c12-s4,"E2E 测试",1,2026-08-02,中,官方(可溯源),1,https://playwright.dev/docs/intro,unknown,amber,"其他来源 · 待核实"
frontend,fe-c12,fe-c12-s5,"覆盖率与 Mock",1,2026-08-02,中,官方(可溯源),1,https://vitest.dev/guide/,unknown,amber,"其他来源 · 待核实"
frontend,fe-c13,fe-c13-s1,"加载性能",1,2026-08-02,低,官方(可溯源),1,https://web.dev/articles/reduce-javascript-payloads-with-code-splitting,unknown,amber,"其他来源 · 待核实"
frontend,fe-c13,fe-c13-s2,"渲染性能",1,2026-08-02,低,官方(可溯源),1,https://developer.mozilla.org/en-US/docs/Web/Performance/How_browsers_work,cc-by-sa,amber,"MDN · CC-BY-SA（相同方式分享，具传染性）"
frontend,fe-c13,fe-c13-s3,"运行时优化",1,2026-08-02,低,官方(可溯源),1,https://web.dev/articles/vitals,unknown,amber,"其他来源 · 待核实"
frontend,fe-c13,fe-c13-s4,"Core Web Vitals",1,2026-08-02,低,官方(可溯源),1,https://web.dev/articles/vitals,unknown,amber,"其他来源 · 待核实"
frontend,fe-c13,fe-c13-s5,"性能监控",1,2026-08-02,低,官方(可溯源),1,https://web.dev/articles/vitals,unknown,amber,"其他来源 · 待核实"
frontend,fe-c14,fe-c14-s1,"XSS 与防御",1,2026-08-02,低,官方(可溯源),1,https://owasp.org/www-community/attacks/xss/,unknown,amber,"OWASP · 待核实"
frontend,fe-c14,fe-c14-s2,"CSRF 与防护",1,2026-08-02,低,官方(可溯源),2,http://localhost:3000/api/change-email,unknown,amber,"其他来源 · 待核实"
frontend,fe-c14,fe-c14-s3,"内容安全策略 CSP",1,2026-08-02,低,官方(可溯源),1,https://developer.mozilla.org/en-US/docs/Web/HTTP/CSP,cc-by-sa,amber,"MDN · CC-BY-SA（相同方式分享，具传染性）"
frontend,fe-c14,fe-c14-s4,"可访问性 WCAG 基础",1,2026-08-02,低,官方(可溯源),1,https://www.w3.org/WAI/fundamentals/accessibility-principles/,unknown,amber,"其他来源 · 待核实"
frontend,fe-c14,fe-c14-s5,"语义化与无障碍实践",1,2026-08-02,低,官方(可溯源),1,https://www.w3.org/WAI/fundamentals/accessibility-principles/,unknown,amber,"其他来源 · 待核实"
frontend,fe-c15,fe-c15-s1,"Service Worker 与离线",1,2026-08-02,中,官方(可溯源),2,http://localhost`,unknown,amber,"其他来源 · 待核实"
frontend,fe-c15,fe-c15-s2,"PWA 与 manifest",1,2026-08-02,中,官方(可溯源),1,https://developer.mozilla.org/en-US/docs/Web/Manifest,cc-by-sa,amber,"MDN · CC-BY-SA（相同方式分享，具传染性）"
frontend,fe-c15,fe-c15-s3,"构建产物与 CI/CD",1,2026-08-02,中,官方(可溯源),2,https://developer.mozilla.org/en-US/docs/Web/HTTP/Caching,cc-by-sa,amber,"MDN · CC-BY-SA（相同方式分享，具传染性）"
frontend,fe-c15,fe-c15-s4,"渲染模式 SSR/SSG/CSR",1,2026-08-02,中,官方(可溯源),1,https://nuxt.com/docs/guide/concepts/rendering,unknown,amber,"其他来源 · 待核实"
frontend,fe-c15,fe-c15-s5,"监控与错误上报",1,2026-08-02,中,官方(可溯源),1,https://docs.sentry.io/platforms/javascript/,unknown,amber,"其他来源 · 待核实"
frontend,fe-c16,fe-c16-s1,"Node 运行时与事件循环",1,2026-08-02,高,官方(可溯源),2,https://nodejs.org/en/learn/asynchronous-work/event-loop-timers-and-nexttick,mit,green,"Node.js Docs · MIT 类"
frontend,fe-c16,fe-c16-s2,"模块系统：CommonJS 与 ESM",1,2026-08-02,高,官方(可溯源),2,https://nodejs.org/api/modules.html,mit,green,"Node.js Docs · MIT 类"
frontend,fe-c16,fe-c16-s3,"流 Stream 与管道",1,2026-08-02,高,官方(可溯源),1,https://nodejs.org/api/stream.html,mit,green,"Node.js Docs · MIT 类"
frontend,fe-c16,fe-c16-s4,"文件系统 fs",1,2026-08-02,高,官方(可溯源),2,https://nodejs.org/api/fs.html,mit,green,"Node.js Docs · MIT 类"
frontend,fe-c16,fe-c16-s5,"HTTP 与原生服务器",1,2026-08-02,高,官方(可溯源),2,https://nodejs.org/api/http.html,mit,green,"Node.js Docs · MIT 类"
frontend,fe-c16,fe-c16-s6,"进程、子进程与多核",1,2026-08-02,高,官方(可溯源),3,https://nodejs.org/api/cluster.html,mit,green,"Node.js Docs · MIT 类"
frontend,fe-c16,fe-c16-s7,"错误处理与异常兜底",1,2026-08-02,高,官方(可溯源),3,https://nodejs.org/api/errors.html,mit,green,"Node.js Docs · MIT 类"
frontend,fe-c16,fe-c16-s8,"BFF 与 SSR 运行时",1,2026-08-02,高,官方(可溯源),3,https://nuxt.com/docs/guide/concepts/rendering,unknown,amber,"其他来源 · 待核实"
frontend,fe-c16,fe-c16-s9,"包管理与依赖治理",1,2026-08-02,高,官方(可溯源),3,https://docs.npmjs.com/,unknown,amber,"其他来源 · 待核实"
frontend,fe-c17,fe-c17-s1,"设计模式总览与选型",1,2026-08-02,低,官方(可溯源),2,https://www.patterns.dev/,unknown,amber,"其他来源 · 待核实"
frontend,fe-c17,fe-c17-s2,"观察者模式与发布订阅",1,2026-08-02,低,官方(可溯源),2,https://developer.mozilla.org/en-US/docs/Web/API/EventTarget/addEventListener,cc-by-sa,amber,"MDN · CC-BY-SA（相同方式分享，具传染性）"
frontend,fe-c17,fe-c17-s3,"模块模式与命名空间",1,2026-08-02,低,官方(可溯源),2,https://developer.mozilla.org/en-US/docs/Web/JavaScript/Closures,cc-by-sa,amber,"MDN · CC-BY-SA（相同方式分享，具传染性）"
frontend,fe-c17,fe-c17-s4,"组合模式与组件组合",1,2026-08-02,低,官方(可溯源),2,https://react.dev/learn/passing-props-to-a-component,cc-by-4.0,green,"React Docs · CC-BY-4.0"
frontend,fe-c17,fe-c17-s5,"单例与服务定位",1,2026-08-02,低,官方(可溯源),2,https://vuejs.org/guide/components/provide-inject,unknown,amber,"Vue Docs · 待核实"
frontend,fe-c17,fe-c17-s6,"状态管理范式",1,2026-08-02,低,官方(可溯源),3,https://facebook.github.io/flux/docs/in-depth-overview,unknown,amber,"其他来源 · 待核实"
frontend,fe-c17,fe-c17-s7,"微前端架构",1,2026-08-02,低,官方(可溯源),2,https://martinfowler.com/articles/micro-frontends.html,unknown,amber,"其他来源 · 待核实"
frontend,fe-c17,fe-c17-s8,"模块联邦 Module Federation",1,2026-08-02,低,官方(可溯源),2,https://webpack.js.org/plugins/module-federation-plugin/,unknown,amber,"其他来源 · 待核实"
frontend,fe-c17,fe-c17-s9,"Monorepo 工程化",1,2026-08-02,低,官方(可溯源),3,https://pnpm.io/workspaces,unknown,amber,"其他来源 · 待核实"
frontend,fe-c18,fe-c18-s1,"CSS 过渡 transition 基础",1,2026-08-02,中,官方(可溯源),1,https://developer.mozilla.org/en-US/docs/Web/CSS/transition,cc-by-sa,amber,"MDN · CC-BY-SA（相同方式分享，具传染性）"
frontend,fe-c18,fe-c18-s2,"CSS 关键帧动画 @keyframes",1,2026-08-02,中,官方(可溯源),2,https://developer.mozilla.org/en-US/docs/Web/CSS/animation,cc-by-sa,amber,"MDN · CC-BY-SA（相同方式分享，具传染性）"
frontend,fe-c18,fe-c18-s3,"动画性能与合成层",1,2026-08-02,中,官方(可溯源),2,https://developer.mozilla.org/en-US/docs/Web/Performance,cc-by-sa,amber,"MDN · CC-BY-SA（相同方式分享，具传染性）"
frontend,fe-c18,fe-c18-s4,"Web Animations API",1,2026-08-02,中,官方(可溯源),1,https://developer.mozilla.org/en-US/docs/Web/API/Web_Animations_API,cc-by-sa,amber,"MDN · CC-BY-SA（相同方式分享，具传染性）"
frontend,fe-c18,fe-c18-s5,"缓动函数与物理动效",1,2026-08-02,中,官方(可溯源),2,https://developer.mozilla.org/en-US/docs/Web/CSS/easing-function,cc-by-sa,amber,"MDN · CC-BY-SA（相同方式分享，具传染性）"
frontend,fe-c18,fe-c18-s6,"滚动驱动与 Intersection Observer",1,2026-08-02,中,官方(可溯源),2,https://developer.mozilla.org/en-US/docs/Web/API/Intersection_Observer_API,cc-by-sa,amber,"MDN · CC-BY-SA（相同方式分享，具传染性）"
frontend,fe-c18,fe-c18-s7,"手势与交互动效",1,2026-08-02,中,官方(可溯源),1,https://developer.mozilla.org/en-US/docs/Web/API/Pointer_events,cc-by-sa,amber,"MDN · CC-BY-SA（相同方式分享，具传染性）"
frontend,fe-c18,fe-c18-s8,"动画可访问性",1,2026-08-02,中,官方(可溯源),2,https://developer.mozilla.org/en-US/docs/Web/CSS/@media/prefers-reduced-motion,cc-by-sa,amber,"MDN · CC-BY-SA（相同方式分享，具传染性）"
frontend,fe-c18,fe-c18-s9,"动效设计原则",1,2026-08-02,中,官方(可溯源),2,https://m3.material.io/styles/motion/understanding-motion,unknown,amber,"其他来源 · 待核实"
frontend,hm-c1,hm-c1-s1,"HarmonyOS 系统简介",1,2026-08-08,低,官方(可溯源),12,https://developer.huawei.com/consumer/cn/doc/harmonyos-guides-V5/harmonyos-overview-0000001821000461-V5,unknown,amber,"其他来源 · 待核实"
frontend,hm-c1,hm-c1-s2,"开发工具与环境搭建",1,2026-08-08,低,官方(可溯源),10,https://developer.harmonyos.com/,unknown,amber,"其他来源 · 待核实"
frontend,hm-c1,hm-c1-s3,"ArkTS 语言基础",1,2026-08-08,低,官方(可溯源),10,https://developer.huawei.com/consumer/cn/doc/harmonyos-guides-V5/arkts-syntax-overview-0000001821000845-V5,unknown,amber,"其他来源 · 待核实"
frontend,hm-c2,hm-c2-s1,"ArkUI 概述与开发范式",1,2026-08-08,低,官方(可溯源),10,https://developer.huawei.com/consumer/cn/doc/harmonyos-guides-V5/arkui-overview-V5,unknown,amber,"其他来源 · 待核实"
frontend,hm-c2,hm-c2-s2,"基础组件与布局",1,2026-08-08,低,官方(可溯源),10,https://developer.huawei.com/consumer/cn/doc/harmonyos-guides-V5/arkts-ui-components-overview-V5,unknown,amber,"其他来源 · 待核实"
frontend,hm-c2,hm-c2-s3,"状态管理",1,2026-08-08,低,官方(可溯源),10,https://developer.huawei.com/consumer/cn/doc/harmonyos-guides-V5/arkts-state-management-overview-V5,unknown,amber,"其他来源 · 待核实"
frontend,hm-c2,hm-c2-s4,"事件处理与交互",1,2026-08-08,低,官方(可溯源),7,https://developer.huawei.com/consumer/cn/doc/harmonyos-guides-V5/arkts-common-events-button-attributes-V5,unknown,amber,"其他来源 · 待核实"
frontend,hm-c3,hm-c3-s1,"高级组件（List、Grid、Stack等）",1,2026-08-08,低,官方(可溯源),11,https://developer.huawei.com/consumer/cn/doc/harmonyos-guides-V5/arkts-layout-development-list/,unknown,amber,"其他来源 · 待核实"
frontend,hm-c3,hm-c3-s2,"自定义组件与组件化",1,2026-08-08,低,官方(可溯源),10,https://developer.huawei.com/consumer/cn/doc/harmonyos-guides-V5/arkts-create-custom-components,unknown,amber,"其他来源 · 待核实"
frontend,hm-c3,hm-c3-s3,"响应式布局与屏幕适配",1,2026-08-08,低,官方(可溯源),10,https://developer.huawei.com/consumer/cn/doc/harmonyos-guides-V5/arkts-grid-layout-V5,unknown,amber,"其他来源 · 待核实"
frontend,hm-c3,hm-c3-s4,"动画与视觉效果",1,2026-08-08,低,官方(可溯源),12,https://developer.huawei.com/consumer/cn/doc/harmonyos-guides-V5/arkts-attribute-animation-overview-V5,unknown,amber,"其他来源 · 待核实"
frontend,hm-c4,hm-c4-s1,"应用模型概述",1,2026-08-08,低,官方(可溯源),8,https://developer.huawei.com/consumer/cn/doc/harmonyos-guides-V5/fa-model-overview-0000001277659722,unknown,amber,"其他来源 · 待核实"
frontend,hm-c4,hm-c4-s2,"UIAbility 与页面生命周期",1,2026-08-08,低,官方(可溯源),8,https://developer.huawei.com/consumer/cn/doc/harmonyos-guides-V5/uiability-overview-V5,unknown,amber,"其他来源 · 待核实"
frontend,hm-c4,hm-c4-s3,"应用上下文与资源管理",1,2026-08-08,低,官方(可溯源),7,https://developer.huawei.com/consumer/cn/doc/harmonyos-guides-V5/application-context-stage-V5,unknown,amber,"其他来源 · 待核实"
frontend,hm-c5,hm-c5-s1,"本地存储（Preferences）",1,2026-08-08,低,官方(可溯源),6,https://developer.huawei.com/consumer/cn/doc/harmonyos-guides-V5/data-persistence-overview-V5,unknown,amber,"其他来源 · 待核实"
frontend,hm-c5,hm-c5-s2,"关系型数据库（RDB）",1,2026-08-08,低,官方(可溯源),6,https://developer.huawei.com/consumer/cn/doc/harmonyos-guides-V5/rdb-store-guidelines-V5,unknown,amber,"其他来源 · 待核实"
frontend,hm-c5,hm-c5-s3,"分布式数据管理",1,2026-08-08,低,官方(可溯源),10,https://developer.huawei.com/consumer/cn/doc/harmonyos-guides-V5/database-dds-overview-V5,unknown,amber,"其他来源 · 待核实"
frontend,hm-c6,hm-c6-s1,"网络请求（HTTP/WebSocket）",1,2026-08-08,低,官方(可溯源),11,https://developer.huawei.com/consumer/cn/doc/harmonyos-guides-V5/http-request-V5,unknown,amber,"其他来源 · 待核实"
frontend,hm-c6,hm-c6-s2,"图像与多媒体处理",1,2026-08-08,低,官方(可溯源),14,https://developer.huawei.com/consumer/cn/doc/harmonyos-guides-V5/ts-basic-components-image/,unknown,amber,"其他来源 · 待核实"
frontend,hm-c6,hm-c6-s3,"文件与数据访问",1,2026-08-08,低,官方(可溯源),10,https://developer.huawei.com/consumer/cn/doc/harmonyos-guides-V5/app-sandbox-directory-V5,unknown,amber,"其他来源 · 待核实"
frontend,hm-c7,hm-c7-s1,"设备能力调用（传感器、蓝牙等）",1,2026-08-08,低,官方(可溯源),6,https://developer.huawei.com/consumer/cn/doc/harmonyos-guides-V5/sensor-guidelines-V5,unknown,amber,"其他来源 · 待核实"
frontend,hm-c7,hm-c7-s2,"分布式软总线与跨设备协同",1,2026-08-08,低,官方(可溯源),11,https://developer.huawei.com/consumer/cn/doc/harmonyos-guides-V5/softbus-overview-V5,unknown,amber,"其他来源 · 待核实"
frontend,hm-c7,hm-c7-s3,"原子化服务与元服务",1,2026-08-08,低,官方(可溯源),10,https://developer.huawei.com/consumer/cn/doc/harmonyos-guides-V5/atomic-service-0000001815711709-V5,unknown,amber,"其他来源 · 待核实"
frontend,hm-c8,hm-c8-s1,"调试工具与日志分析",1,2026-08-08,低,官方(可溯源),10,https://developer.huawei.com/consumer/cn/doc/harmonyos-guides-V5/ide-debug-0000001263062817-V5,unknown,amber,"其他来源 · 待核实"
frontend,hm-c8,hm-c8-s2,"单元测试与UI测试",1,2026-08-08,低,官方(可溯源),10,https://developer.huawei.com/consumer/cn/doc/harmonyos-guides-V5/arkts-test-framework-0000001820880489,unknown,amber,"其他来源 · 待核实"
frontend,hm-c8,hm-c8-s3,"应用打包与上架",1,2026-08-08,低,官方(可溯源),9,https://developer.huawei.com/consumer/cn/doc/appgallery-connect-Guides/agc-introduction,unknown,amber,"其他来源 · 待核实"
frontend,nat-c1,nat-c1-s1,"iOS开发环境与Xcode入门",1,2026-08-08,低,官方(可溯源),12,https://developer.apple.com/documentation/,unknown,amber,"其他来源 · 待核实"
frontend,nat-c1,nat-c1-s2,"Android开发环境与Android Studio入门",1,2026-08-08,低,官方(可溯源),10,https://developer.android.com/studio/install,unknown,amber,"其他来源 · 待核实"
frontend,nat-c1,nat-c1-s3,"平台架构与生命周期",1,2026-08-08,低,官方(可溯源),16,https://developer.apple.com/documentation/uikit/app_and_environment/managing_your_app_s_life_cycle,unknown,amber,"其他来源 · 待核实"
frontend,nat-c2,nat-c2-s1,"SwiftUI界面构建",1,2026-08-08,低,官方(可溯源),18,https://developer.apple.com/documentation/swiftui,unknown,amber,"其他来源 · 待核实"
frontend,nat-c2,nat-c2-s2,"Jetpack Compose界面构建",1,2026-08-08,低,官方(可溯源),12,https://developer.android.com/develop/ui/compose/documentation,unknown,amber,"其他来源 · 待核实"
frontend,nat-c2,nat-c2-s3,"主题与样式",1,2026-08-08,低,官方(可溯源),18,https://developer.apple.com/documentation/uikit/uicolor,unknown,amber,"其他来源 · 待核实"
frontend,nat-c3,nat-c3-s1,"本地数据持久化",1,2026-08-08,低,官方(可溯源),18,https://developer.apple.com/documentation/foundation/userdefaults,unknown,amber,"其他来源 · 待核实"
frontend,nat-c3,nat-c3-s2,"网络请求与API集成",1,2026-08-08,低,官方(可溯源),13,https://developer.apple.com/documentation/foundation/urlsession,unknown,amber,"其他来源 · 待核实"
frontend,nat-c3,nat-c3-s3,"异步编程与并发",1,2026-08-08,低,官方(可溯源),14,https://developer.apple.com/documentation/swift/concurrency,unknown,amber,"其他来源 · 待核实"
frontend,nat-c4,nat-c4-s1,"相机与媒体",1,2026-08-08,低,官方(可溯源),14,https://developer.apple.com/documentation/uikit/uiimagepickercontroller,unknown,amber,"其他来源 · 待核实"
frontend,nat-c4,nat-c4-s2,"定位与地图",1,2026-08-08,低,官方(可溯源),12,https://developer.apple.com/documentation/corelocation,unknown,amber,"其他来源 · 待核实"
frontend,nat-c4,nat-c4-s3,"传感器与硬件访问",1,2026-08-08,低,官方(可溯源),16,https://developer.apple.com/documentation/coremotion,unknown,amber,"其他来源 · 待核实"
frontend,nat-c5,nat-c5-s1,"MVVM架构模式",1,2026-08-08,低,官方(可溯源),12,https://developer.apple.com/tutorials/swiftui,unknown,amber,"其他来源 · 待核实"
frontend,nat-c5,nat-c5-s2,"依赖注入",1,2026-08-08,低,官方(可溯源),10,https://developer.apple.com/documentation/swift/dependency-injection,unknown,amber,"其他来源 · 待核实"
frontend,nat-c5,nat-c5-s3,"模块化与组件化",1,2026-08-08,低,官方(可溯源),13,https://developer.apple.com/documentation/xcode/creating-a-framework,unknown,amber,"其他来源 · 待核实"
frontend,nat-c6,nat-c6-s1,"单元测试",1,2026-08-08,低,官方(可溯源),8,https://developer.apple.com/documentation/xctest,unknown,amber,"其他来源 · 待核实"
frontend,nat-c6,nat-c6-s2,"UI测试",1,2026-08-08,低,官方(可溯源),12,https://developer.apple.com/documentation/xctest/user_interface_tests,unknown,amber,"其他来源 · 待核实"
frontend,nat-c6,nat-c6-s3,"调试与性能分析",1,2026-08-08,低,官方(可溯源),12,https://developer.apple.com/documentation/xcode/adding-breakpoints-and-controlling-program-execution,unknown,amber,"其他来源 · 待核实"
frontend,nat-c7,nat-c7-s1,"iOS应用发布",1,2026-08-08,低,官方(可溯源),14,https://developer.apple.com/account/,unknown,amber,"其他来源 · 待核实"
frontend,nat-c7,nat-c7-s2,"Android应用发布",1,2026-08-08,低,官方(可溯源),13,https://developer.android.com/guide/publishing/app-signing,unknown,amber,"其他来源 · 待核实"
frontend,nat-c7,nat-c7-s3,"持续集成与交付",1,2026-08-08,低,官方(可溯源),8,https://developer.apple.com/documentation/xcode/xcode-cloud,unknown,amber,"其他来源 · 待核实"
frontend,mp-c1,mp-c1-s1,"小程序简介与注册",1,2026-08-08,低,官方(可溯源),10,https://developers.weixin.qq.com/miniprogram/dev/framework/,unknown,amber,"其他来源 · 待核实"
frontend,mp-c1,mp-c1-s2,"开发工具与项目创建",1,2026-08-08,低,官方(可溯源),10,https://developers.weixin.qq.com/miniprogram/dev/devtools/download.html,unknown,amber,"其他来源 · 待核实"
frontend,mp-c1,mp-c1-s3,"项目结构与配置",1,2026-08-08,低,官方(可溯源),12,https://developers.weixin.qq.com/miniprogram/dev/framework/,unknown,amber,"其他来源 · 待核实"
frontend,mp-c2,mp-c2-s1,"逻辑层与页面生命周期",1,2026-08-08,低,官方(可溯源),6,https://developers.weixin.qq.com/miniprogram/dev/reference/api/App.html,unknown,amber,"其他来源 · 待核实"
frontend,mp-c2,mp-c2-s2,"视图层与WXML",1,2026-08-08,低,官方(可溯源),10,https://developers.weixin.qq.com/miniprogram/dev/reference/wxml/,unknown,amber,"其他来源 · 待核实"
frontend,mp-c2,mp-c2-s3,"样式与WXSS",1,2026-08-08,低,官方(可溯源),12,https://developers.weixin.qq.com/miniprogram/dev/framework/view/wxss.html,unknown,amber,"其他来源 · 待核实"
frontend,mp-c2,mp-c2-s4,"事件系统",1,2026-08-08,低,官方(可溯源),10,https://developers.weixin.qq.com/miniprogram/dev/framework/view/wxml/event.html#事件绑定,unknown,amber,"其他来源 · 待核实"
frontend,mp-c3,mp-c3-s1,"基础组件",1,2026-08-08,低,官方(可溯源),18,https://developers.weixin.qq.com/miniprogram/dev/component/view.html,unknown,amber,"其他来源 · 待核实"
frontend,mp-c3,mp-c3-s2,"表单与媒体组件",1,2026-08-08,低,官方(可溯源),18,https://developers.weixin.qq.com/miniprogram/dev/component/form.html,unknown,amber,"其他来源 · 待核实"
frontend,mp-c3,mp-c3-s3,"自定义组件",1,2026-08-08,低,官方(可溯源),10,https://developers.weixin.qq.com/miniprogram/dev/framework/custom-component/component.html,unknown,amber,"其他来源 · 待核实"
frontend,mp-c4,mp-c4-s1,"网络请求",1,2026-08-08,低,官方(可溯源),8,https://developers.weixin.qq.com/miniprogram/dev/api/network/request/wx.request.html,unknown,amber,"其他来源 · 待核实"
frontend,mp-c4,mp-c4-s2,"数据缓存",1,2026-08-08,低,官方(可溯源),10,https://developers.weixin.qq.com/miniprogram/dev/api/storage/wx.setStorageSync.html,unknown,amber,"其他来源 · 待核实"
frontend,mp-c4,mp-c4-s3,"文件与媒体API",1,2026-08-08,低,官方(可溯源),13,https://developers.weixin.qq.com/miniprogram/dev/framework/ability/file-system.html,unknown,amber,"其他来源 · 待核实"
frontend,mp-c4,mp-c4-s4,"位置与设备API",1,2026-08-08,低,官方(可溯源),12,https://developers.weixin.qq.com/miniprogram/dev/api/location/wx.getLocation.html,unknown,amber,"其他来源 · 待核实"
frontend,mp-c5,mp-c5-s1,"路由基础",1,2026-08-08,低,官方(可溯源),12,https://developers.weixin.qq.com/miniprogram/dev/framework/app-service/route.html#页面栈,unknown,amber,"其他来源 · 待核实"
frontend,mp-c5,mp-c5-s2,"参数传递与页面通信",1,2026-08-08,低,官方(可溯源),10,https://developers.weixin.qq.com/miniprogram/dev/framework/app-service/route.html,unknown,amber,"其他来源 · 待核实"
frontend,mp-c5,mp-c5-s3,"tabBar与页面导航栏",1,2026-08-08,低,官方(可溯源),6,https://developers.weixin.qq.com/miniprogram/dev/reference/configuration/app.html#tabBar,unknown,amber,"其他来源 · 待核实"
frontend,mp-c6,mp-c6-s1,"数据绑定与更新",1,2026-08-08,低,官方(可溯源),9,https://developers.weixin.qq.com/miniprogram/dev/reference/wxml/data.html,unknown,amber,"其他来源 · 待核实"
frontend,mp-c6,mp-c6-s2,"计算属性与观察者",1,2026-08-08,低,官方(可溯源),8,https://developers.weixin.qq.com/miniprogram/dev/framework/custom-component/observer.html,unknown,amber,"其他来源 · 待核实"
frontend,mp-c6,mp-c6-s3,"全局状态管理",1,2026-08-08,低,官方(可溯源),8,https://developers.weixin.qq.com/miniprogram/dev/framework/app-service/app.html,unknown,amber,"其他来源 · 待核实"
frontend,mp-c7,mp-c7-s1,"动画与过渡",1,2026-08-08,低,官方(可溯源),10,https://developers.weixin.qq.com/miniprogram/dev/framework/view/wxss/,unknown,amber,"其他来源 · 待核实"
frontend,mp-c7,mp-c7-s2,"交互反馈",1,2026-08-08,低,官方(可溯源),10,https://developers.weixin.qq.com/miniprogram/dev/api/ui/interaction/wx.showToast.html,unknown,amber,"其他来源 · 待核实"
frontend,mp-c7,mp-c7-s3,"下拉刷新与上拉加载",1,2026-08-08,低,官方(可溯源),7,https://developers.weixin.qq.com/miniprogram/dev/reference/configuration/page.html,unknown,amber,"其他来源 · 待核实"
frontend,mp-c8,mp-c8-s1,"合法域名与HTTPS",1,2026-08-08,低,官方(可溯源),12,https://developers.weixin.qq.com/miniprogram/dev/framework/ability/network.html,unknown,amber,"其他来源 · 待核实"
frontend,mp-c8,mp-c8-s2,"数据加密与安全",1,2026-08-08,低,官方(可溯源),10,https://developers.weixin.qq.com/miniprogram/dev/framework/ability/network.html,unknown,amber,"其他来源 · 待核实"
frontend,mp-c8,mp-c8-s3,"用户登录与鉴权",1,2026-08-08,低,官方(可溯源),10,https://developers.weixin.qq.com/miniprogram/dev/api/open-api/login/wx.login.html,unknown,amber,"其他来源 · 待核实"
frontend,mp-c9,mp-c9-s1,"性能优化基础",1,2026-08-08,低,官方(可溯源),14,https://developers.weixin.qq.com/miniprogram/dev/framework/ability/subpackage.html,unknown,amber,"其他来源 · 待核实"
frontend,mp-c9,mp-c9-s2,"分包加载",1,2026-08-08,低,官方(可溯源),12,https://developers.weixin.qq.com/miniprogram/dev/framework/ability/subpackage.html,unknown,amber,"其他来源 · 待核实"
frontend,mp-c9,mp-c9-s3,"发布与上线",1,2026-08-08,低,官方(可溯源),6,https://developers.weixin.qq.com/miniprogram/dev/framework/,unknown,amber,"其他来源 · 待核实"
frontend,mp-c10,mp-c10-s1,"项目规划与设计",1,2026-08-08,低,官方(可溯源),7,https://developers.weixin.qq.com/miniprogram/dev/guide/,unknown,amber,"其他来源 · 待核实"
frontend,mp-c10,mp-c10-s2,"代码组织与模块化",1,2026-08-08,低,官方(可溯源),9,https://developers.weixin.qq.com/miniprogram/dev/framework/custom-component/,unknown,amber,"其他来源 · 待核实"
frontend,mp-c10,mp-c10-s3,"调试与测试",1,2026-08-08,低,官方(可溯源),6,https://developers.weixin.qq.com/miniprogram/dev/devtools/debug.html,unknown,amber,"其他来源 · 待核实"
frontend,mp-c10,mp-c10-s4,"发布与运营",1,2026-08-08,低,官方(可溯源),7,https://developers.weixin.qq.com/miniprogram/dev/framework/,unknown,amber,"其他来源 · 待核实"
frontend,ht-c1,ht-c1-s1,"HTML 简介",1,2026-08-19,低,官方,5,https://developer.mozilla.org/zh-CN/docs/Web/HTML,cc-by-sa,amber,"MDN · CC-BY-SA（相同方式分享，具传染性）"
frontend,ht-c1,ht-c1-s2,"文档结构",1,2026-08-19,低,官方,6,https://developer.mozilla.org/zh-CN/docs/Glossary/Doctype,cc-by-sa,amber,"MDN · CC-BY-SA（相同方式分享，具传染性）"
frontend,ht-c1,ht-c1-s3,"元数据与头部元素",1,2026-08-19,低,官方,6,https://developer.mozilla.org/zh-CN/docs/Web/HTML/Element/title,cc-by-sa,amber,"MDN · CC-BY-SA（相同方式分享，具传染性）"
frontend,ht-c1,ht-c1-s4,"文本内容与排版",1,2026-08-19,低,官方,6,https://developer.mozilla.org/zh-CN/docs/Web/HTML/Element/Heading_Elements,cc-by-sa,amber,"MDN · CC-BY-SA（相同方式分享，具传染性）"
frontend,ht-c2,ht-c2-s1,"语义化概述",1,2026-08-19,低,官方,6,https://developer.mozilla.org/zh-CN/docs/Web/HTML/Element/div,cc-by-sa,amber,"MDN · CC-BY-SA（相同方式分享，具传染性）"
frontend,ht-c2,ht-c2-s2,"文档大纲与分区元素",1,2026-08-19,低,官方,6,https://developer.mozilla.org/zh-CN/docs/Web/HTML/Element/header,cc-by-sa,amber,"MDN · CC-BY-SA（相同方式分享，具传染性）"
frontend,ht-c2,ht-c2-s3,"内容分组与文本级语义",1,2026-08-19,低,官方,8,https://developer.mozilla.org/zh-CN/docs/Learn_web_development/Core/Structuring_content/Document_and_website_structure,cc-by-sa,amber,"MDN · CC-BY-SA（相同方式分享，具传染性）"
frontend,ht-c2,ht-c2-s4,"链接与导航语义",1,2026-08-19,低,官方,9,https://developer.mozilla.org/zh-CN/docs/Web/HTML/Element/a,cc-by-sa,amber,"MDN · CC-BY-SA（相同方式分享，具传染性）"
frontend,ht-c3,ht-c3-s1,"表单基础",1,2026-08-19,低,官方,5,https://developer.mozilla.org/zh-CN/docs/Web/HTML/Element/form,cc-by-sa,amber,"MDN · CC-BY-SA（相同方式分享，具传染性）"
frontend,ht-c3,ht-c3-s2,"输入类型与控件",1,2026-08-19,低,官方,11,https://developer.mozilla.org/zh-CN/docs/Web/HTML/Element/input/text,cc-by-sa,amber,"MDN · CC-BY-SA（相同方式分享，具传染性）"
frontend,ht-c3,ht-c3-s3,"表单验证",1,2026-08-19,低,官方,7,https://developer.mozilla.org/zh-CN/docs/Web/HTML/Attributes/required,cc-by-sa,amber,"MDN · CC-BY-SA（相同方式分享，具传染性）"
frontend,ht-c3,ht-c3-s4,"表单无障碍",1,2026-08-19,低,官方,5,https://developer.mozilla.org/zh-CN/docs/Web/HTML/Element/label,cc-by-sa,amber,"MDN · CC-BY-SA（相同方式分享，具传染性）"
frontend,ht-c4,ht-c4-s1,"图像嵌入",1,2026-08-19,低,官方,5,https://developer.mozilla.org/zh-CN/docs/Web/HTML/Element/img,cc-by-sa,amber,"MDN · CC-BY-SA（相同方式分享，具传染性）"
frontend,ht-c4,ht-c4-s2,"音频与视频",1,2026-08-19,低,官方,4,https://developer.mozilla.org/zh-CN/docs/Web/HTML/Element/audio,cc-by-sa,amber,"MDN · CC-BY-SA（相同方式分享，具传染性）"
frontend,ht-c4,ht-c4-s3,"嵌入外部内容",1,2026-08-19,低,官方,8,https://developer.mozilla.org/zh-CN/docs/Web/HTML/Element/iframe,cc-by-sa,amber,"MDN · CC-BY-SA（相同方式分享，具传染性）"
frontend,ht-c4,ht-c4-s4,"Canvas 与 SVG",1,2026-08-19,低,官方,6,https://developer.mozilla.org/zh-CN/docs/Web/API/Canvas_API,cc-by-sa,amber,"MDN · CC-BY-SA（相同方式分享，具传染性）"
frontend,ht-c5,ht-c5-s1,"无障碍概述",1,2026-08-19,低,官方,4,https://developer.mozilla.org/zh-CN/docs/Web/Accessibility,cc-by-sa,amber,"MDN · CC-BY-SA（相同方式分享，具传染性）"
frontend,ht-c5,ht-c5-s2,"ARIA 基础",1,2026-08-19,低,官方,4,https://developer.mozilla.org/zh-CN/docs/Web/Accessibility/ARIA,cc-by-sa,amber,"MDN · CC-BY-SA（相同方式分享，具传染性）"
frontend,ht-c5,ht-c5-s3,"键盘可访问性",1,2026-08-19,低,官方,5,https://developer.mozilla.org/zh-CN/docs/Web/HTML/Global_attributes/tabindex,cc-by-sa,amber,"MDN · CC-BY-SA（相同方式分享，具传染性）"
frontend,ht-c5,ht-c5-s4,"语义化与无障碍的结合",1,2026-08-19,低,官方,7,https://developer.mozilla.org/zh-CN/docs/Web/HTML/Element/img,cc-by-sa,amber,"MDN · CC-BY-SA（相同方式分享，具传染性）"
frontend,ht-c5,ht-c5-s5,"多媒体无障碍",1,2026-08-19,低,官方,4,https://developer.mozilla.org/zh-CN/docs/Web/HTML/Element/track,cc-by-sa,amber,"MDN · CC-BY-SA（相同方式分享，具传染性）"
frontend,cs-c1,cs-c1-s1,"CSS 简介与语法",1,2026-08-19,低,官方,5,https://developer.mozilla.org/zh-CN/docs/Web/CSS,cc-by-sa,amber,"MDN · CC-BY-SA（相同方式分享，具传染性）"
frontend,cs-c1,cs-c1-s2,"选择器与优先级",1,2026-08-19,低,官方,6,https://developer.mozilla.org/zh-CN/docs/Web/CSS/CSS_selectors,cc-by-sa,amber,"MDN · CC-BY-SA（相同方式分享，具传染性）"
frontend,cs-c1,cs-c1-s3,"层叠与继承",1,2026-08-19,低,官方,7,https://developer.mozilla.org/zh-CN/docs/Web/CSS/Cascade,cc-by-sa,amber,"MDN · CC-BY-SA（相同方式分享，具传染性）"
frontend,cs-c1,cs-c1-s4,"盒模型",1,2026-08-19,低,官方,3,https://developer.mozilla.org/zh-CN/docs/Web/CSS/CSS_box_model,cc-by-sa,amber,"MDN · CC-BY-SA（相同方式分享，具传染性）"
frontend,cs-c1,cs-c1-s5,"值与单位",1,2026-08-19,低,官方,5,https://developer.mozilla.org/zh-CN/docs/Learn/CSS/Building_blocks/Values_and_units,cc-by-sa,amber,"MDN · CC-BY-SA（相同方式分享，具传染性）"
frontend,cs-c2,cs-c2-s1,"Flexbox 核心概念",1,2026-08-19,低,官方,6,https://developer.mozilla.org/zh-CN/docs/Web/CSS/CSS_flexible_box_layout/Basic_concepts_of_flexbox,cc-by-sa,amber,"MDN · CC-BY-SA（相同方式分享，具传染性）"
frontend,cs-c2,cs-c2-s2,"Flexbox 高级特性",1,2026-08-19,低,官方,6,https://developer.mozilla.org/zh-CN/docs/Web/CSS/flex-grow,cc-by-sa,amber,"MDN · CC-BY-SA（相同方式分享，具传染性）"
frontend,cs-c2,cs-c2-s3,"Grid 核心概念",1,2026-08-19,低,官方,7,https://developer.mozilla.org/zh-CN/docs/Web/CSS/CSS_grid_layout/Basic_concepts_of_grid_layout,cc-by-sa,amber,"MDN · CC-BY-SA（相同方式分享，具传染性）"
frontend,cs-c2,cs-c2-s4,"Grid 放置与对齐",1,2026-08-19,低,官方,7,https://developer.mozilla.org/zh-CN/docs/Web/CSS/grid-column,cc-by-sa,amber,"MDN · CC-BY-SA（相同方式分享，具传染性）"
frontend,cs-c2,cs-c2-s5,"Grid 高级模式",1,2026-08-19,低,官方,5,https://developer.mozilla.org/zh-CN/docs/Web/CSS/CSS_grid_layout/Grid_Template_Areas,cc-by-sa,amber,"MDN · CC-BY-SA（相同方式分享，具传染性）"
frontend,cs-c3,cs-c3-s1,"响应式设计原则",1,2026-08-19,低,官方,9,https://developer.mozilla.org/zh-CN/docs/Web/CSS/Viewport_concepts,cc-by-sa,amber,"MDN · CC-BY-SA（相同方式分享，具传染性）"
frontend,cs-c3,cs-c3-s2,"媒体查询",1,2026-08-19,低,官方,5,https://developer.mozilla.org/zh-CN/docs/Web/CSS/CSS_media_queries/Using_media_queries,cc-by-sa,amber,"MDN · CC-BY-SA（相同方式分享，具传染性）"
frontend,cs-c3,cs-c3-s3,"现代响应式特性",1,2026-08-19,低,官方,6,https://developer.mozilla.org/zh-CN/docs/Web/CSS/CSS_containment/Container_queries,cc-by-sa,amber,"MDN · CC-BY-SA（相同方式分享，具传染性）"
frontend,cs-c3,cs-c3-s4,"响应式布局实践",1,2026-08-19,低,官方,7,https://developer.mozilla.org/zh-CN/docs/Web/HTML/Viewport_meta_tag,cc-by-sa,amber,"MDN · CC-BY-SA（相同方式分享，具传染性）"
frontend,cs-c4,cs-c4-s1,"过渡（Transitions）",1,2026-08-19,低,官方,5,https://developer.mozilla.org/zh-CN/docs/Web/CSS/transition-property,cc-by-sa,amber,"MDN · CC-BY-SA（相同方式分享，具传染性）"
frontend,cs-c4,cs-c4-s2,"关键帧动画（Keyframes）",1,2026-08-19,低,官方,8,https://developer.mozilla.org/zh-CN/docs/Web/CSS/@keyframes,cc-by-sa,amber,"MDN · CC-BY-SA（相同方式分享，具传染性）"
frontend,cs-c4,cs-c4-s3,"变换（Transforms）",1,2026-08-19,低,官方,6,https://developer.mozilla.org/zh-CN/docs/Web/CSS/transform,cc-by-sa,amber,"MDN · CC-BY-SA（相同方式分享，具传染性）"
frontend,cs-c4,cs-c4-s4,"动画性能优化",1,2026-08-19,低,官方,6,https://developer.mozilla.org/zh-CN/docs/Web/Performance/CSS_JavaScript_animation_performance,cc-by-sa,amber,"MDN · CC-BY-SA（相同方式分享，具传染性）"
frontend,cs-c5,cs-c5-s1,"CSS 方法论",1,2026-08-19,低,官方,4,https://developer.mozilla.org/zh-CN/docs/Learn/CSS/Building_blocks/Organizing#bem_方法论,cc-by-sa,amber,"MDN · CC-BY-SA（相同方式分享，具传染性）"
frontend,cs-c5,cs-c5-s2,"CSS 预处理器",1,2026-08-19,低,官方,6,https://developer.mozilla.org/zh-CN/docs/Web/CSS/Using_CSS_custom_properties,cc-by-sa,amber,"MDN · CC-BY-SA（相同方式分享，具传染性）"
frontend,cs-c5,cs-c5-s3,"CSS 后处理器与工具",1,2026-08-19,低,官方,7,https://github.com/postcss/postcss,unknown,amber,"其他来源 · 待核实"
frontend,cs-c5,cs-c5-s4,"CSS 架构模式",1,2026-08-19,低,官方,4,https://developer.mozilla.org/zh-CN/docs/Learn/CSS/Building_blocks/Cascade_and_inheritance,cc-by-sa,amber,"MDN · CC-BY-SA（相同方式分享，具传染性）"
frontend,cs-c6,cs-c6-s1,"自定义属性（CSS 变量）",1,2026-08-19,低,官方,4,https://developer.mozilla.org/zh-CN/docs/Web/CSS/--*,cc-by-sa,amber,"MDN · CC-BY-SA（相同方式分享，具传染性）"
frontend,cs-c6,cs-c6-s2,"CSS 函数与数学运算",1,2026-08-19,低,官方,5,https://developer.mozilla.org/zh-CN/docs/Web/CSS/calc,cc-by-sa,amber,"MDN · CC-BY-SA（相同方式分享，具传染性）"
frontend,cs-c6,cs-c6-s3,"高级伪类与伪元素",1,2026-08-19,低,官方,5,https://developer.mozilla.org/zh-CN/docs/Web/CSS/:is,cc-by-sa,amber,"MDN · CC-BY-SA（相同方式分享，具传染性）"
frontend,cs-c6,cs-c6-s4,"CSS 嵌套与原生模块",1,2026-08-19,低,官方,4,https://developer.mozilla.org/zh-CN/docs/Web/CSS/CSS_nesting/Using_CSS_nesting,cc-by-sa,amber,"MDN · CC-BY-SA（相同方式分享，具传染性）"
frontend,cs-c6,cs-c6-s5,"新布局与显示特性",1,2026-08-19,低,官方,3,https://developer.mozilla.org/zh-CN/docs/Web/CSS/CSS_grid_layout/Subgrid,cc-by-sa,amber,"MDN · CC-BY-SA（相同方式分享，具传染性）"
frontend,cs-c7,cs-c7-s1,"CSS 性能优化",1,2026-08-19,低,官方,6,https://developer.mozilla.org/zh-CN/docs/Learn/CSS/Building_blocks/Selectors,cc-by-sa,amber,"MDN · CC-BY-SA（相同方式分享，具传染性）"
frontend,cs-c7,cs-c7-s2,"浏览器开发者工具",1,2026-08-19,低,官方,6,https://developer.mozilla.org/zh-CN/docs/Learn_web_development/Howto/Tools_and_setup/What_are_browser_developer_tools,cc-by-sa,amber,"MDN · CC-BY-SA（相同方式分享，具传染性）"
frontend,cs-c7,cs-c7-s3,"兼容性与降级",1,2026-08-19,低,官方,7,https://developer.mozilla.org/zh-CN/docs/Web/CSS/@supports,cc-by-sa,amber,"MDN · CC-BY-SA（相同方式分享，具传染性）"
frontend,vu-c1,vu-c1-s1,"Vue 3 简介与安装",1,2026-08-19,低,官方,7,https://vuejs.org/guide/introduction.html,unknown,amber,"Vue Docs · 待核实"
frontend,vu-c1,vu-c1-s2,"模板语法与指令",1,2026-08-19,低,官方,6,https://vuejs.org/guide/essentials/template-syntax.html#text-interpolation,unknown,amber,"Vue Docs · 待核实"
frontend,vu-c1,vu-c1-s3,"响应式基础",1,2026-08-19,低,官方,6,https://vuejs.org/guide/essentials/reactivity-fundamentals.html#ref,unknown,amber,"Vue Docs · 待核实"
frontend,vu-c1,vu-c1-s4,"Class 与 Style 绑定",1,2026-08-19,低,官方,6,https://vuejs.org/guide/essentials/class-and-style.html#binding-html-classes,unknown,amber,"Vue Docs · 待核实"
frontend,vu-c1,vu-c1-s5,"表单输入绑定",1,2026-08-19,低,官方,4,https://vuejs.org/guide/essentials/forms.html,unknown,amber,"Vue Docs · 待核实"
frontend,vu-c2,vu-c2-s1,"组件注册与 Props",1,2026-08-19,低,官方,5,https://vuejs.org/guide/components/registration.html#global-registration,unknown,amber,"Vue Docs · 待核实"
frontend,vu-c2,vu-c2-s2,"组件事件与 v-model",1,2026-08-19,低,官方,6,https://vuejs.org/guide/components/events.html#declaring-emitted-events,unknown,amber,"Vue Docs · 待核实"
frontend,vu-c2,vu-c2-s3,"插槽 Slots",1,2026-08-19,低,官方,4,https://vuejs.org/guide/components/slots.html#slot-content-and-outlet,unknown,amber,"Vue Docs · 待核实"
frontend,vu-c2,vu-c2-s4,"组件生命周期",1,2026-08-19,低,官方,6,https://vuejs.org/guide/essentials/lifecycle.html#lifecycle-diagram,unknown,amber,"Vue Docs · 待核实"
frontend,vu-c2,vu-c2-s5,"组件边界情况",1,2026-08-19,低,官方,6,https://vuejs.org/guide/components/advanced.html#dynamic-components,unknown,amber,"Vue Docs · 待核实"
frontend,vu-c3,vu-c3-s1,"setup 函数与 <script setup>",1,2026-08-19,低,官方,5,https://vuejs.org/api/composition-api-setup.html,unknown,amber,"Vue Docs · 待核实"
frontend,vu-c3,vu-c3-s2,"响应式工具函数",1,2026-08-19,低,官方,5,https://vuejs.org/api/reactivity-utilities.html#torefs,unknown,amber,"Vue Docs · 待核实"
frontend,vu-c3,vu-c3-s3,"组合式函数 (Composables)",1,2026-08-19,低,官方,5,https://vuejs.org/guide/reusability/composables.html,unknown,amber,"Vue Docs · 待核实"
frontend,vu-c3,vu-c3-s4,"依赖注入",1,2026-08-19,低,官方,6,https://vuejs.org/guide/components/provide-inject.html,unknown,amber,"Vue Docs · 待核实"
frontend,vu-c4,vu-c4-s1,"内置组件",1,2026-08-19,低,官方,4,https://vuejs.org/guide/built-ins/transition.html,unknown,amber,"Vue Docs · 待核实"
frontend,vu-c4,vu-c4-s2,"过渡动画",1,2026-08-19,低,官方,7,https://vuejs.org/guide/built-ins/transition.html,unknown,amber,"Vue Docs · 待核实"
frontend,vu-c5,vu-c5-s1,"路由基础与安装",1,2026-08-19,低,官方,6,https://router.vuejs.org/installation.html,unknown,amber,"Vue Docs · 待核实"
frontend,vu-c5,vu-c5-s2,"路由导航",1,2026-08-19,低,官方,6,https://router.vuejs.org/guide/#router-link,unknown,amber,"Vue Docs · 待核实"
frontend,vu-c5,vu-c5-s3,"路由参数与查询",1,2026-08-19,低,官方,5,https://router.vuejs.org/guide/essentials/dynamic-matching.html,unknown,amber,"Vue Docs · 待核实"
frontend,vu-c5,vu-c5-s4,"路由守卫",1,2026-08-19,低,官方,6,https://router.vuejs.org/guide/advanced/navigation-guards.html,unknown,amber,"Vue Docs · 待核实"
frontend,vu-c5,vu-c5-s5,"路由进阶",1,2026-08-19,低,官方,4,https://router.vuejs.org/guide/essentials/redirect-and-alias.html,unknown,amber,"Vue Docs · 待核实"
frontend,vu-c6,vu-c6-s1,"Pinia 基础与安装",1,2026-08-19,低,官方,6,https://pinia.vuejs.org/getting-started.html,unknown,amber,"Vue Docs · 待核实"
frontend,vu-c6,vu-c6-s2,"State 与 Getters",1,2026-08-19,低,官方,5,https://pinia.vuejs.org/core-concepts/#defining-a-store,unknown,amber,"Vue Docs · 待核实"
frontend,vu-c6,vu-c6-s3,"Actions",1,2026-08-19,低,官方,3,https://pinia.vuejs.org/core-concepts/actions.html,unknown,amber,"Vue Docs · 待核实"
frontend,vu-c6,vu-c6-s4,"Pinia 插件与持久化",1,2026-08-19,低,官方,4,https://pinia.vuejs.org/core-concepts/plugins.html,unknown,amber,"Vue Docs · 待核实"
frontend,vu-c7,vu-c7-s1,"Vue 3 工具链",1,2026-08-19,低,官方,9,https://vitejs.dev/config/server-options.html,unknown,amber,"其他来源 · 待核实"
frontend,vu-c7,vu-c7-s2,"TypeScript 支持",1,2026-08-19,低,官方,4,https://vuejs.org/guide/typescript/overview.html,unknown,amber,"Vue Docs · 待核实"
frontend,vu-c7,vu-c7-s3,"测试",1,2026-08-19,低,官方,5,https://vuejs.org/guide/scaling-up/testing.html#unit-testing,unknown,amber,"Vue Docs · 待核实"
frontend,vu-c7,vu-c7-s4,"部署与生态",1,2026-08-19,低,官方,6,https://vitejs.dev/guide/build.html,unknown,amber,"其他来源 · 待核实"
frontend,sc-c1,sc-c1-s1,"安全目标与威胁模型",1,2026-08-19,低,官方,4,https://owasp.org/www-community/attacks/,unknown,amber,"OWASP · 待核实"
frontend,sc-c1,sc-c1-s2,"OWASP 与安全资源",1,2026-08-19,低,官方,4,https://owasp.org/www-community/attacks/,unknown,amber,"OWASP · 待核实"
frontend,sc-c1,sc-c1-s3,"Web 攻击分类",1,2026-08-19,低,官方,8,https://owasp.org/www-community/attacks/,unknown,amber,"OWASP · 待核实"
frontend,sc-c2,sc-c2-s1,"XSS 原理与危害",1,2026-08-19,低,官方,5,https://owasp.org/www-community/attacks/xss/,unknown,amber,"OWASP · 待核实"
frontend,sc-c2,sc-c2-s2,"反射型 XSS",1,2026-08-19,低,官方,9,https://owasp.org/www-community/attacks/Reflected_XSS,unknown,amber,"OWASP · 待核实"
frontend,sc-c2,sc-c2-s3,"存储型 XSS",1,2026-08-19,低,官方,6,https://owasp.org/www-community/attacks/xss/,unknown,amber,"OWASP · 待核实"
frontend,sc-c2,sc-c2-s4,"DOM 型 XSS",1,2026-08-19,低,官方,4,https://developer.mozilla.org/zh-CN/docs/Web/Security,cc-by-sa,amber,"MDN · CC-BY-SA（相同方式分享，具传染性）"
frontend,sc-c2,sc-c2-s5,"XSS 防御策略",1,2026-08-19,低,官方,5,https://developer.mozilla.org/zh-CN/docs/Web/Security,cc-by-sa,amber,"MDN · CC-BY-SA（相同方式分享，具传染性）"
frontend,sc-c2,sc-c2-s6,"XSS 检测与测试",1,2026-08-19,低,官方,7,https://developer.mozilla.org/zh-CN/docs/Web/Security,cc-by-sa,amber,"MDN · CC-BY-SA（相同方式分享，具传染性）"
frontend,sc-c3,sc-c3-s1,"CSRF 原理与攻击流程",1,2026-08-19,低,官方,6,https://owasp.org/www-community/attacks/csrf,unknown,amber,"OWASP · 待核实"
frontend,sc-c3,sc-c3-s2,"CSRF 攻击场景",1,2026-08-19,低,官方,7,https://owasp.org/www-community/attacks/csrf,unknown,amber,"OWASP · 待核实"
frontend,sc-c3,sc-c3-s3,"CSRF 防御机制",1,2026-08-19,低,官方,5,https://cheatsheetseries.owasp.org/cheatsheets/Cross-Site_Request_Forgery_Prevention_Cheat_Sheet.html,unknown,amber,"OWASP · 待核实"
frontend,sc-c3,sc-c3-s4,"CSRF 检测与测试",1,2026-08-19,低,官方,3,https://owasp.org/www-community/attacks/csrf,unknown,amber,"OWASP · 待核实"
frontend,sc-c4,sc-c4-s1,"认证基础",1,2026-08-19,低,官方,5,https://cheatsheetseries.owasp.org/cheatsheets/Authentication_Cheat_Sheet.html,unknown,amber,"OWASP · 待核实"
frontend,sc-c4,sc-c4-s2,"会话管理",1,2026-08-19,低,官方,5,https://cheatsheetseries.owasp.org/cheatsheets/Session_Management_Cheat_Sheet.html,unknown,amber,"OWASP · 待核实"
frontend,sc-c4,sc-c4-s3,"授权模型",1,2026-08-19,低,官方,5,https://owasp.org/www-community/access_control,unknown,amber,"OWASP · 待核实"
frontend,sc-c4,sc-c4-s4,"认证与授权漏洞",1,2026-08-19,低,官方,4,https://owasp.org/www-community/attacks/Brute_force_attack,unknown,amber,"OWASP · 待核实"
frontend,sc-c4,sc-c4-s5,"安全认证实践",1,2026-08-19,低,官方,7,https://cheatsheetseries.owasp.org/cheatsheets/Password_Storage_Cheat_Sheet.html,unknown,amber,"OWASP · 待核实"
frontend,sc-c4,sc-c4-s6,"OAuth 与 OpenID Connect",1,2026-08-19,低,官方,14,https://owasp.org/www-community/attacks/,unknown,amber,"OWASP · 待核实"
frontend,sc-c5,sc-c5-s1,"安全响应头",1,2026-08-19,低,官方,8,https://developer.mozilla.org/zh-CN/docs/Web/HTTP/Headers/Content-Security-Policy,cc-by-sa,amber,"MDN · CC-BY-SA（相同方式分享，具传染性）"
frontend,sc-c5,sc-c5-s2,"输入验证与输出编码",1,2026-08-19,低,官方,3,https://cheatsheetseries.owasp.org/cheatsheets/Input_Validation_Cheat_Sheet.html,unknown,amber,"OWASP · 待核实"
frontend,sc-c5,sc-c5-s3,"安全开发生命周期（SDL）",1,2026-08-19,低,官方,7,https://owasp.org/www-community/Threat_Modeling,unknown,amber,"OWASP · 待核实"
frontend,sc-c5,sc-c5-s4,"安全测试与工具",1,2026-08-19,低,官方,6,https://owasp.org/www-community/controls/Static_Code_Analysis,unknown,amber,"OWASP · 待核实"
frontend,sc-c5,sc-c5-s5,"应急响应与漏洞管理",1,2026-08-19,低,官方,5,https://owasp.org/www-community/Vulnerability_Handling,unknown,amber,"OWASP · 待核实"
frontend,pf-c1,pf-c1-s1,"什么是Web性能",1,2026-08-19,低,官方,6,https://developer.mozilla.org/zh-CN/docs/Web/Performance,cc-by-sa,amber,"MDN · CC-BY-SA（相同方式分享，具传染性）"
frontend,pf-c1,pf-c1-s2,"性能指标概览",1,2026-08-19,低,官方,8,https://web.dev/learn/performance#core-web-vitals,unknown,amber,"其他来源 · 待核实"
frontend,pf-c1,pf-c1-s3,"性能工具与测量方法",1,2026-08-19,低,官方,5,https://developer.chrome.com/docs/devtools/performance/,unknown,amber,"其他来源 · 待核实"
frontend,pf-c2,pf-c2-s1,"渲染路径概述",1,2026-08-19,低,官方,7,https://developer.mozilla.org/zh-CN/docs/Web/Performance/Critical_rendering_path,cc-by-sa,amber,"MDN · CC-BY-SA（相同方式分享，具传染性）"
frontend,pf-c2,pf-c2-s2,"优化DOM与CSSOM",1,2026-08-19,低,官方,5,https://developer.mozilla.org/zh-CN/docs/Web/Performance/How_browsers_work,cc-by-sa,amber,"MDN · CC-BY-SA（相同方式分享，具传染性）"
frontend,pf-c2,pf-c2-s3,"JavaScript对渲染的影响",1,2026-08-19,低,官方,5,https://developer.mozilla.org/zh-CN/docs/Web/Performance,cc-by-sa,amber,"MDN · CC-BY-SA（相同方式分享，具传染性）"
frontend,pf-c2,pf-c2-s4,"布局与绘制优化",1,2026-08-19,低,官方,5,https://developer.mozilla.org/zh-CN/docs/Web/Performance/How_browsers_work,cc-by-sa,amber,"MDN · CC-BY-SA（相同方式分享，具传染性）"
frontend,pf-c3,pf-c3-s1,"Largest Contentful Paint (LCP)",1,2026-08-19,低,官方,5,https://web.dev/articles/lcp,unknown,amber,"其他来源 · 待核实"
frontend,pf-c3,pf-c3-s2,"Interaction to Next Paint (INP)",1,2026-08-19,低,官方,4,https://web.dev/articles/inp,unknown,amber,"其他来源 · 待核实"
frontend,pf-c3,pf-c3-s3,"Cumulative Layout Shift (CLS)",1,2026-08-19,低,官方,4,https://web.dev/learn/performance,unknown,amber,"其他来源 · 待核实"
frontend,pf-c3,pf-c3-s4,"其他Web Vitals指标",1,2026-08-19,低,官方,6,https://developer.mozilla.org/zh-CN/docs/Glossary/First_contentful_paint,cc-by-sa,amber,"MDN · CC-BY-SA（相同方式分享，具传染性）"
frontend,pf-c4,pf-c4-s1,"图片优化",1,2026-08-19,低,官方,10,https://developers.google.com/speed/webp,unknown,amber,"其他来源 · 待核实"
frontend,pf-c4,pf-c4-s2,"视频与动画优化",1,2026-08-19,低,官方,7,https://developer.mozilla.org/zh-CN/docs/Learn_web_development/Core/Structuring_content/HTML_video_and_audio,cc-by-sa,amber,"MDN · CC-BY-SA（相同方式分享，具传染性）"
frontend,pf-c4,pf-c4-s3,"字体加载优化",1,2026-08-19,低,官方,4,https://developer.mozilla.org/zh-CN/docs/Web/CSS/@font-face/font-display,cc-by-sa,amber,"MDN · CC-BY-SA（相同方式分享，具传染性）"
frontend,pf-c4,pf-c4-s4,"代码分割与按需加载",1,2026-08-19,低,官方,5,https://developer.mozilla.org/zh-CN/docs/Web/JavaScript/Reference/Operators/import,cc-by-sa,amber,"MDN · CC-BY-SA（相同方式分享，具传染性）"
frontend,pf-c5,pf-c5-s1,"HTTP缓存策略",1,2026-08-19,低,官方,8,https://developer.mozilla.org/zh-CN/docs/Web/HTTP/Headers/Cache-Control,cc-by-sa,amber,"MDN · CC-BY-SA（相同方式分享，具传染性）"
frontend,pf-c5,pf-c5-s2,"压缩与内容编码",1,2026-08-19,低,官方,10,https://developer.mozilla.org/zh-CN/docs/Web/HTTP/Compression,cc-by-sa,amber,"MDN · CC-BY-SA（相同方式分享，具传染性）"
frontend,pf-c5,pf-c5-s3,"预连接与预加载",1,2026-08-19,低,官方,10,https://developer.mozilla.org/zh-CN/docs/Web/HTML/Attributes/rel/preconnect,cc-by-sa,amber,"MDN · CC-BY-SA（相同方式分享，具传染性）"
frontend,pf-c5,pf-c5-s4,"CDN与边缘计算",1,2026-08-19,低,官方,6,https://developer.mozilla.org/zh-CN/docs/Web/Performance/Caching,cc-by-sa,amber,"MDN · CC-BY-SA（相同方式分享，具传染性）"
frontend,pf-c6,pf-c6-s1,"减少主线程工作",1,2026-08-19,低,官方,6,https://developer.mozilla.org/zh-CN/docs/Web/API/PerformanceLongTaskTiming,cc-by-sa,amber,"MDN · CC-BY-SA（相同方式分享，具传染性）"
frontend,pf-c6,pf-c6-s2,"优化事件处理",1,2026-08-19,低,官方,4,https://developer.mozilla.org/zh-CN/docs/Learn/JavaScript/Building_blocks/Events#%E4%BA%8B%E4%BB%B6%E5%A7%94%E6%89%98,cc-by-sa,amber,"MDN · CC-BY-SA（相同方式分享，具传染性）"
frontend,pf-c6,pf-c6-s3,"动画与合成",1,2026-08-19,低,官方,4,https://developer.mozilla.org/zh-CN/docs/Web/Performance/CSS_JavaScript_animation_performance,cc-by-sa,amber,"MDN · CC-BY-SA（相同方式分享，具传染性）"
frontend,pf-c6,pf-c6-s4,"虚拟滚动与列表优化",1,2026-08-19,低,官方,5,https://developer.mozilla.org/zh-CN/docs/Web/Performance,cc-by-sa,amber,"MDN · CC-BY-SA（相同方式分享，具传染性）"
frontend,pf-c7,pf-c7-s1,"性能预算",1,2026-08-19,低,官方,6,https://developer.mozilla.org/zh-CN/docs/Web/Performance/Performance_budgets,cc-by-sa,amber,"MDN · CC-BY-SA（相同方式分享，具传染性）"
frontend,pf-c7,pf-c7-s2,"实验室测试与自动化",1,2026-08-19,低,官方,6,https://github.com/GoogleChrome/lighthouse-ci,unknown,amber,"其他来源 · 待核实"
frontend,pf-c7,pf-c7-s3,"真实用户监控（RUM）",1,2026-08-19,低,官方,5,https://web.dev/learn/performance/,unknown,amber,"其他来源 · 待核实"
frontend,pf-c7,pf-c7-s4,"性能问题诊断与调试",1,2026-08-19,低,官方,5,https://developer.chrome.com/docs/devtools/performance/,unknown,amber,"其他来源 · 待核实"
frontend,pf-c8,pf-c8-s1,"前端框架性能优化",1,2026-08-19,低,官方,6,https://react.dev/reference/react/memo,cc-by-4.0,green,"React Docs · CC-BY-4.0"
frontend,pf-c8,pf-c8-s2,"静态站点与SSR性能",1,2026-08-19,低,官方,4,https://web.dev/learn/performance,unknown,amber,"其他来源 · 待核实"
frontend,pf-c8,pf-c8-s3,"移动端性能优化",1,2026-08-19,低,官方,6,https://developer.mozilla.org/zh-CN/docs/Web/API/Network_Information_API,cc-by-sa,amber,"MDN · CC-BY-SA（相同方式分享，具传染性）"
frontend,pf-c8,pf-c8-s4,"性能优化案例分析",1,2026-08-19,低,官方,4,https://developer.mozilla.org/zh-CN/docs/Web/Performance/Critical_rendering_path,cc-by-sa,amber,"MDN · CC-BY-SA（相同方式分享，具传染性）"
frontend,rx-c1,rx-c1-s1,"创建和嵌套组件",1,2026-08-19,低,官方,4,https://react.dev/learn/your-first-component,cc-by-4.0,green,"React Docs · CC-BY-4.0"
frontend,rx-c1,rx-c1-s2,"使用JSX编写标记",1,2026-08-19,低,官方,6,https://react.dev/learn/writing-markup-with-jsx,cc-by-4.0,green,"React Docs · CC-BY-4.0"
frontend,rx-c1,rx-c1-s3,"添加样式",1,2026-08-19,低,官方,3,https://react.dev/learn#adding-styles,cc-by-4.0,green,"React Docs · CC-BY-4.0"
frontend,rx-c1,rx-c1-s4,"显示数据",1,2026-08-19,低,官方,4,https://react.dev/learn#displaying-data,cc-by-4.0,green,"React Docs · CC-BY-4.0"
frontend,rx-c1,rx-c1-s5,"条件渲染",1,2026-08-19,低,官方,4,https://react.dev/learn/conditional-rendering#conditionally-returning-jsx,cc-by-4.0,green,"React Docs · CC-BY-4.0"
frontend,rx-c1,rx-c1-s6,"渲染列表",1,2026-08-19,低,官方,5,https://react.dev/learn/rendering-lists,cc-by-4.0,green,"React Docs · CC-BY-4.0"
frontend,rx-c2,rx-c2-s1,"添加事件处理器",1,2026-08-19,低,官方,5,https://react.dev/learn/responding-to-events#adding-event-handlers,cc-by-4.0,green,"React Docs · CC-BY-4.0"
frontend,rx-c2,rx-c2-s2,"更新状态",1,2026-08-19,低,官方,4,https://react.dev/reference/react/useState,cc-by-4.0,green,"React Docs · CC-BY-4.0"
frontend,rx-c2,rx-c2-s3,"状态提升",1,2026-08-19,低,官方,5,https://react.dev/learn/sharing-state-between-components,cc-by-4.0,green,"React Docs · CC-BY-4.0"
frontend,rx-c2,rx-c2-s4,"状态管理",1,2026-08-19,低,官方,6,https://react.dev/reference/react/useReducer,cc-by-4.0,green,"React Docs · CC-BY-4.0"
frontend,rx-c3,rx-c3-s1,"状态与UI",1,2026-08-19,低,官方,4,https://react.dev/learn/render-and-commit,cc-by-4.0,green,"React Docs · CC-BY-4.0"
frontend,rx-c3,rx-c3-s2,"状态结构",1,2026-08-19,低,官方,4,https://react.dev/learn/choosing-the-state-structure,cc-by-4.0,green,"React Docs · CC-BY-4.0"
frontend,rx-c3,rx-c3-s3,"状态共享",1,2026-08-19,低,官方,7,https://react.dev/reference/react/createContext,cc-by-4.0,green,"React Docs · CC-BY-4.0"
frontend,rx-c3,rx-c3-s4,"状态持久化",1,2026-08-19,低,官方,5,https://react.dev/reference/react/useReducer,cc-by-4.0,green,"React Docs · CC-BY-4.0"
frontend,rx-c4,rx-c4-s1,"使用Ref",1,2026-08-19,低,官方,5,https://react.dev/reference/react/useRef,cc-by-4.0,green,"React Docs · CC-BY-4.0"
frontend,rx-c4,rx-c4-s2,"Effects",1,2026-08-19,低,官方,7,https://react.dev/reference/react/useEffect,cc-by-4.0,green,"React Docs · CC-BY-4.0"
frontend,rx-c4,rx-c4-s3,"自定义钩子",1,2026-08-19,低,官方,5,https://react.dev/learn/reusing-logic-with-custom-hooks,cc-by-4.0,green,"React Docs · CC-BY-4.0"
frontend,rx-c4,rx-c4-s4,"与外部系统同步",1,2026-08-19,低,官方,5,https://react.dev/learn/synchronizing-with-effects,cc-by-4.0,green,"React Docs · CC-BY-4.0"
frontend,rx-c5,rx-c5-s1,"状态Hooks",1,2026-08-19,低,官方,6,https://react.dev/reference/react/useState,cc-by-4.0,green,"React Docs · CC-BY-4.0"
frontend,rx-c5,rx-c5-s2,"上下文Hooks",1,2026-08-19,低,官方,5,https://react.dev/reference/react/useContext,cc-by-4.0,green,"React Docs · CC-BY-4.0"
frontend,rx-c5,rx-c5-s3,"Ref Hooks",1,2026-08-19,低,官方,5,https://react.dev/reference/react/useRef,cc-by-4.0,green,"React Docs · CC-BY-4.0"
frontend,rx-c5,rx-c5-s4,"Effect Hooks",1,2026-08-19,低,官方,3,https://react.dev/reference/react/useEffect,cc-by-4.0,green,"React Docs · CC-BY-4.0"
frontend,rx-c5,rx-c5-s5,"性能Hooks",1,2026-08-19,低,官方,5,https://react.dev/reference/react/useMemo,cc-by-4.0,green,"React Docs · CC-BY-4.0"
frontend,rx-c5,rx-c5-s6,"其他Hooks",1,2026-08-19,低,官方,3,https://react.dev/reference/react/useDebugValue,cc-by-4.0,green,"React Docs · CC-BY-4.0"
frontend,rx-c6,rx-c6-s1,"内置组件",1,2026-08-19,低,官方,3,https://react.dev/reference/react/Fragment,cc-by-4.0,green,"React Docs · CC-BY-4.0"
frontend,rx-c6,rx-c6-s2,"组件属性",1,2026-08-19,低,官方,8,https://react.dev/learn/rendering-lists#keeping-list-items-in-order-with-key,cc-by-4.0,green,"React Docs · CC-BY-4.0"
frontend,rx-c7,rx-c7-s1,"React API",1,2026-08-19,低,官方,4,https://react.dev/reference/react/createElement,cc-by-4.0,green,"React Docs · CC-BY-4.0"
frontend,rx-c7,rx-c7-s2,"React DOM API",1,2026-08-19,低,官方,5,https://react.dev/reference/react-dom/client/createRoot,cc-by-4.0,green,"React Docs · CC-BY-4.0"
frontend,rx-c8,rx-c8-s1,"挂载阶段",1,2026-08-19,低,官方,4,https://react.dev/reference/react/Component#constructor,cc-by-4.0,green,"React Docs · CC-BY-4.0"
frontend,rx-c8,rx-c8-s2,"更新阶段",1,2026-08-19,低,官方,3,https://react.dev/reference/react/Component#componentdidupdate,cc-by-4.0,green,"React Docs · CC-BY-4.0"
frontend,rx-c8,rx-c8-s3,"卸载阶段",1,2026-08-19,低,官方,4,https://react.dev/reference/react/Component#componentwillunmount,cc-by-4.0,green,"React Docs · CC-BY-4.0"
frontend,ua-c1,ua-c1-s1,"uni-app 简介",1,2026-09-02,低,官方,6,https://zh.uniapp.dcloud.net.cn/intro.html,unknown,amber,"其他来源 · 待核实"
frontend,ua-c1,ua-c1-s2,"环境搭建与创建项目",1,2026-09-02,低,官方,5,https://www.dcloud.io/hbuilderx.html,unknown,amber,"其他来源 · 待核实"
frontend,ua-c1,ua-c1-s3,"项目目录结构与配置",1,2026-09-02,低,官方,4,https://zh.uniapp.dcloud.net.cn/collocation/pages.html,unknown,amber,"其他来源 · 待核实"
frontend,ua-c2,ua-c2-s1,"页面创建与导航",1,2026-09-02,低,官方,6,https://zh.uniapp.dcloud.net.cn/collocation/pages.html#pages,unknown,amber,"其他来源 · 待核实"
frontend,ua-c2,ua-c2-s2,"页面生命周期",1,2026-09-02,低,官方,3,https://zh.uniapp.dcloud.net.cn/tutorial/page.html#lifecycle,unknown,amber,"其他来源 · 待核实"
frontend,ua-c2,ua-c2-s3,"路由拦截与权限",1,2026-09-02,低,官方,3,https://zh.uniapp.dcloud.net.cn/api/interceptor.html,unknown,amber,"其他来源 · 待核实"
frontend,ua-c3,ua-c3-s1,"内置组件",1,2026-09-02,低,官方,13,https://zh.uniapp.dcloud.net.cn/component/,unknown,amber,"其他来源 · 待核实"
frontend,ua-c3,ua-c3-s2,"样式与响应式",1,2026-09-02,低,官方,6,https://zh.uniapp.dcloud.net.cn/tutorial/syntax-css.html#尺寸单位,unknown,amber,"其他来源 · 待核实"
frontend,ua-c3,ua-c3-s3,"样式预处理器与主题",1,2026-09-02,低,官方,4,https://zh.uniapp.dcloud.net.cn/tutorial/style.html#%E6%A0%B7%E5%BC%8F%E9%A2%84%E5%A4%84%E7%90%86%E5%99%A8,unknown,amber,"其他来源 · 待核实"
frontend,ua-c4,ua-c4-s1,"模板语法",1,2026-09-02,低,官方,5,https://zh.uniapp.dcloud.net.cn/tutorial/vue-basics.html#%E6%8F%92%E5%80%BC,unknown,amber,"其他来源 · 待核实"
frontend,ua-c4,ua-c4-s2,"事件处理",1,2026-09-02,低,官方,5,https://zh.uniapp.dcloud.net.cn/tutorial/vue-basics.html#%E4%BA%8B%E4%BB%B6%E5%A4%84%E7%90%86,unknown,amber,"其他来源 · 待核实"
frontend,ua-c4,ua-c4-s3,"计算属性与侦听器",1,2026-09-02,低,官方,4,https://zh.uniapp.dcloud.net.cn/tutorial/vue3-api.html#computed,unknown,amber,"其他来源 · 待核实"
frontend,ua-c5,ua-c5-s1,"自定义组件",1,2026-09-02,低,官方,5,https://uniapp.dcloud.net.cn/tutorial/vue3-components.html#自定义组件,unknown,amber,"其他来源 · 待核实"
frontend,ua-c5,ua-c5-s2,"组件通信",1,2026-09-02,低,官方,4,https://zh.uniapp.dcloud.net.cn/tutorial/vue3-components.html#props,unknown,amber,"其他来源 · 待核实"
frontend,ua-c5,ua-c5-s3,"插槽与复用",1,2026-09-02,低,官方,5,https://zh.uniapp.dcloud.net.cn/tutorial/vue3-components.html#%E6%8F%92%E6%A7%BD-slot,unknown,amber,"其他来源 · 待核实"
frontend,ua-c6,ua-c6-s1,"发起网络请求",1,2026-09-02,低,官方,4,https://zh.uniapp.dcloud.net.cn/api/request/request.html,unknown,amber,"其他来源 · 待核实"
frontend,ua-c6,ua-c6-s2,"封装请求工具",1,2026-09-02,低,官方,5,https://zh.uniapp.dcloud.net.cn/api/request/request.html,unknown,amber,"其他来源 · 待核实"
frontend,ua-c6,ua-c6-s3,"状态管理",1,2026-09-02,低,官方,5,https://zh.uniapp.dcloud.net.cn/tutorial/vue-vuex.html,unknown,amber,"其他来源 · 待核实"
frontend,ua-c7,ua-c7-s1,"同步与异步存储",1,2026-09-02,低,官方,4,https://uniapp.dcloud.net.cn/api/storage/storage.html#setstoragesync-object,unknown,amber,"其他来源 · 待核实"
frontend,ua-c7,ua-c7-s2,"存储应用场景",1,2026-09-02,低,官方,2,https://zh.uniapp.dcloud.net.cn/api/storage/storage.html#setstorage,unknown,amber,"其他来源 · 待核实"
frontend,ua-c8,ua-c8-s1,"条件编译语法",1,2026-09-02,低,官方,3,https://zh.uniapp.dcloud.net.cn/tutorial/platform.html#条件编译,unknown,amber,"其他来源 · 待核实"
frontend,ua-c8,ua-c8-s2,"平台差异处理",1,2026-09-02,低,官方,5,https://zh.uniapp.dcloud.net.cn/api/README.html,unknown,amber,"其他来源 · 待核实"
frontend,ua-c8,ua-c8-s3,"跨端最佳实践",1,2026-09-02,低,官方,5,https://uniapp.dcloud.net.cn/tutorial/migration-to-app.html,unknown,amber,"其他来源 · 待核实"
frontend,ua-c9,ua-c9-s1,"原生 API 调用",1,2026-09-02,低,官方,7,https://zh.uniapp.dcloud.net.cn/api/media/image.html#chooseimage,unknown,amber,"其他来源 · 待核实"
frontend,ua-c9,ua-c9-s2,"原生插件与扩展",1,2026-09-02,低,官方,4,https://ext.dcloud.net.cn/,unknown,amber,"其他来源 · 待核实"
frontend,ua-c10,ua-c10-s1,"调试工具",1,2026-09-02,低,官方,5,https://zh.uniapp.dcloud.net.cn/tutorial/run-and-debug.html#debug,unknown,amber,"其他来源 · 待核实"
frontend,ua-c10,ua-c10-s2,"多端发布",1,2026-09-02,低,官方,6,https://mp.weixin.qq.com/,unknown,amber,"其他来源 · 待核实"
frontend,ua-c10,ua-c10-s3,"性能优化与监控",1,2026-09-02,低,官方,7,https://zh.uniapp.dcloud.net.cn/collocation/pages.html#subpackages,unknown,amber,"其他来源 · 待核实"
frontend,mb-c1,mb-c1-s1,"什么是响应式设计",1,2026-09-02,低,官方,5,https://developer.mozilla.org/zh-CN/docs/Learn/CSS/CSS_layout/Responsive_Design,cc-by-sa,amber,"MDN · CC-BY-SA（相同方式分享，具传染性）"
frontend,mb-c1,mb-c1-s2,"移动优先设计",1,2026-09-02,低,官方,3,https://developer.mozilla.org/zh-CN/docs/Learn/CSS/CSS_layout/Responsive_Design,cc-by-sa,amber,"MDN · CC-BY-SA（相同方式分享，具传染性）"
frontend,mb-c1,mb-c1-s3,"视口与屏幕尺寸",1,2026-09-02,低,官方,4,https://developer.mozilla.org/zh-CN/docs/Learn/CSS/CSS_layout/Responsive_Design,cc-by-sa,amber,"MDN · CC-BY-SA（相同方式分享，具传染性）"
frontend,mb-c2,mb-c2-s1,"媒体查询语法",1,2026-09-02,低,官方,5,https://developer.mozilla.org/zh-CN/docs/Web/CSS/CSS_media_queries/Using_media_queries,cc-by-sa,amber,"MDN · CC-BY-SA（相同方式分享，具传染性）"
frontend,mb-c2,mb-c2-s2,"断点选择策略",1,2026-09-02,低,官方,5,https://developer.mozilla.org/zh-CN/docs/Learn/CSS/CSS_layout/Responsive_Design,cc-by-sa,amber,"MDN · CC-BY-SA（相同方式分享，具传染性）"
frontend,mb-c2,mb-c2-s3,"媒体查询实践",1,2026-09-02,低,官方,3,https://developer.mozilla.org/zh-CN/docs/Web/CSS/CSS_media_queries/Using_media_queries,cc-by-sa,amber,"MDN · CC-BY-SA（相同方式分享，具传染性）"
frontend,mb-c3,mb-c3-s1,"相对单位：em, rem, %",1,2026-09-02,低,官方,5,https://developer.mozilla.org/zh-CN/docs/Web/CSS/font-size,cc-by-sa,amber,"MDN · CC-BY-SA（相同方式分享，具传染性）"
frontend,mb-c3,mb-c3-s2,"流体网格布局",1,2026-09-02,低,官方,4,https://developer.mozilla.org/zh-CN/docs/Learn/CSS/CSS_layout/Responsive_Design,cc-by-sa,amber,"MDN · CC-BY-SA（相同方式分享，具传染性）"
frontend,mb-c3,mb-c3-s3,"弹性图片与媒体",1,2026-09-02,低,官方,5,https://developer.mozilla.org/zh-CN/docs/Learn/CSS/CSS_layout/Responsive_Design,cc-by-sa,amber,"MDN · CC-BY-SA（相同方式分享，具传染性）"
frontend,mb-c4,mb-c4-s1,"多列流动布局",1,2026-09-02,低,官方,5,https://developer.mozilla.org/zh-CN/docs/Learn/CSS/CSS_layout/Responsive_Design,cc-by-sa,amber,"MDN · CC-BY-SA（相同方式分享，具传染性）"
frontend,mb-c4,mb-c4-s2,"网格响应式布局",1,2026-09-02,低,官方,7,https://developer.mozilla.org/zh-CN/docs/Web/CSS/CSS_grid_layout/Basic_concepts_of_grid_layout#repeat_notation,cc-by-sa,amber,"MDN · CC-BY-SA（相同方式分享，具传染性）"
frontend,mb-c4,mb-c4-s3,"圣杯布局与混合模式",1,2026-09-02,低,官方,4,https://developer.mozilla.org/zh-CN/docs/Learn/CSS/CSS_layout/Responsive_Design,cc-by-sa,amber,"MDN · CC-BY-SA（相同方式分享，具传染性）"
frontend,mb-c5,mb-c5-s1,"流式字体大小",1,2026-09-02,低,官方,4,https://developer.mozilla.org/zh-CN/docs/Web/CSS/clamp,cc-by-sa,amber,"MDN · CC-BY-SA（相同方式分享，具传染性）"
frontend,mb-c5,mb-c5-s2,"行高与段落宽度",1,2026-09-02,低,官方,3,https://developer.mozilla.org/zh-CN/docs/Web/CSS/line-height,cc-by-sa,amber,"MDN · CC-BY-SA（相同方式分享，具传染性）"
frontend,mb-c5,mb-c5-s3,"响应式间距系统",1,2026-09-02,低,官方,4,https://developer.mozilla.org/zh-CN/docs/Web/CSS/Using_CSS_custom_properties,cc-by-sa,amber,"MDN · CC-BY-SA（相同方式分享，具传染性）"
frontend,mb-c6,mb-c6-s1,"响应式导航栏",1,2026-09-02,低,官方,3,https://developer.mozilla.org/zh-CN/docs/Learn/CSS/CSS_layout/Responsive_Design,cc-by-sa,amber,"MDN · CC-BY-SA（相同方式分享，具传染性）"
frontend,mb-c6,mb-c6-s2,"卡片与列表切换",1,2026-09-02,低,官方,6,https://developer.mozilla.org/zh-CN/docs/Learn/CSS/CSS_layout/Responsive_Design,cc-by-sa,amber,"MDN · CC-BY-SA（相同方式分享，具传染性）"
frontend,mb-c6,mb-c6-s3,"表格的响应式处理",1,2026-09-02,低,官方,4,https://developer.mozilla.org/zh-CN/docs/Learn/CSS/CSS_layout/Responsive_Design,cc-by-sa,amber,"MDN · CC-BY-SA（相同方式分享，具传染性）"
frontend,mb-c7,mb-c7-s1,"srcset与sizes",1,2026-09-02,低,官方,4,https://developer.mozilla.org/zh-CN/docs/Learn/CSS/CSS_layout/Responsive_Design,cc-by-sa,amber,"MDN · CC-BY-SA（相同方式分享，具传染性）"
frontend,mb-c7,mb-c7-s2,"picture元素与艺术指导",1,2026-09-02,低,官方,3,https://developer.mozilla.org/zh-CN/docs/Learn/CSS/CSS_layout/Responsive_Design,cc-by-sa,amber,"MDN · CC-BY-SA（相同方式分享，具传染性）"
frontend,mb-c7,mb-c7-s3,"视频与iframe的响应式",1,2026-09-02,低,官方,6,https://developer.mozilla.org/zh-CN/docs/Web/CSS/aspect-ratio,cc-by-sa,amber,"MDN · CC-BY-SA（相同方式分享，具传染性）"
frontend,mb-c8,mb-c8-s1,"移动性能优化",1,2026-09-02,低,官方,4,https://developer.mozilla.org/zh-CN/docs/Learn/CSS/CSS_layout/Responsive_Design,cc-by-sa,amber,"MDN · CC-BY-SA（相同方式分享，具传染性）"
frontend,mb-c8,mb-c8-s2,"触控与交互适配",1,2026-09-02,低,官方,3,https://developer.mozilla.org/zh-CN/docs/Learn/CSS/CSS_layout/Responsive_Design,cc-by-sa,amber,"MDN · CC-BY-SA（相同方式分享，具传染性）"
frontend,mb-c8,mb-c8-s3,"可访问性考虑",1,2026-09-02,低,官方,7,https://developer.mozilla.org/zh-CN/docs/Learn/CSS/CSS_layout/Responsive_Design,cc-by-sa,amber,"MDN · CC-BY-SA（相同方式分享，具传染性）"
frontend,mb-c9,mb-c9-s1,"浏览器开发者工具",1,2026-09-02,低,官方,3,https://developer.chrome.com/docs/devtools/device-mode/,unknown,amber,"其他来源 · 待核实"
frontend,mb-c9,mb-c9-s2,"真实设备测试",1,2026-09-02,低,官方,7,https://developer.mozilla.org/zh-CN/docs/Learn/CSS/CSS_layout/Responsive_Design,cc-by-sa,amber,"MDN · CC-BY-SA（相同方式分享，具传染性）"
frontend,mb-c9,mb-c9-s3,"常见问题排查",1,2026-09-02,低,官方,6,https://developer.mozilla.org/zh-CN/docs/Web/CSS/length#视口单位,cc-by-sa,amber,"MDN · CC-BY-SA（相同方式分享，具传染性）"
frontend,mb-c10,mb-c10-s1,"容器查询",1,2026-09-02,低,官方,6,https://developer.mozilla.org/zh-CN/docs/Web/CSS/CSS_containment/Container_queries,cc-by-sa,amber,"MDN · CC-BY-SA（相同方式分享，具传染性）"
frontend,mb-c10,mb-c10-s2,"CSS函数与新特性",1,2026-09-02,低,官方,6,https://developer.mozilla.org/zh-CN/docs/Web/CSS/min,cc-by-sa,amber,"MDN · CC-BY-SA（相同方式分享，具传染性）"
frontend,mb-c10,mb-c10-s3,"响应式设计模式库",1,2026-09-02,低,官方,6,https://developer.mozilla.org/zh-CN/docs/Learn/CSS/CSS_layout/Responsive_Design,cc-by-sa,amber,"MDN · CC-BY-SA（相同方式分享，具传染性）"
frontend,nd-c1,nd-c1-s1,"Node.js 简介与安装",1,2026-09-02,低,官方,7,https://nodejs.org/en/learn/getting-started/introduction-to-nodejs,mit,green,"Node.js Docs · MIT 类"
frontend,nd-c1,nd-c1-s2,"Node.js 全局对象与模块系统",1,2026-09-02,低,官方,6,https://nodejs.org/docs/latest/api/globals.html,mit,green,"Node.js Docs · MIT 类"
frontend,nd-c1,nd-c1-s3,"事件循环与异步编程基础",1,2026-09-02,低,官方,7,https://nodejs.org/en/learn/asynchronous-work/event-loop-timers-and-nexttick,mit,green,"Node.js Docs · MIT 类"
frontend,nd-c1,nd-c1-s4,"核心模块：文件系统与路径",1,2026-09-02,低,官方,6,https://nodejs.org/docs/latest/api/fs.html,mit,green,"Node.js Docs · MIT 类"
frontend,nd-c1,nd-c1-s5,"核心模块：HTTP 与 URL",1,2026-09-02,低,官方,9,https://nodejs.org/docs/latest/api/http.html,mit,green,"Node.js Docs · MIT 类"
frontend,nd-c2,nd-c2-s1,"流（Streams）",1,2026-09-02,低,官方,6,https://nodejs.org/docs/latest/api/stream.html,mit,green,"Node.js Docs · MIT 类"
frontend,nd-c2,nd-c2-s2,"事件模块（Events）",1,2026-09-02,低,官方,6,https://nodejs.org/docs/latest/api/events.html,mit,green,"Node.js Docs · MIT 类"
frontend,nd-c2,nd-c2-s3,"网络模块：TCP 与 UDP",1,2026-09-02,低,官方,7,https://nodejs.org/docs/latest/api/net.html#netcreateserveroptions-connectionlistener,mit,green,"Node.js Docs · MIT 类"
frontend,nd-c2,nd-c2-s4,"子进程与进程管理",1,2026-09-02,低,官方,6,https://nodejs.org/docs/latest/api/child_process.html#child_processexeccommand-options-callback,mit,green,"Node.js Docs · MIT 类"
frontend,nd-c2,nd-c2-s5,"全局对象与工具模块",1,2026-09-02,低,官方,7,https://nodejs.org/docs/latest/api/globals.html,mit,green,"Node.js Docs · MIT 类"
frontend,nd-c3,nd-c3-s1,"HTTP 服务器进阶",1,2026-09-02,低,官方,10,https://nodejs.org/docs/latest/api/http.html,mit,green,"Node.js Docs · MIT 类"
frontend,nd-c3,nd-c3-s2,"Express 框架入门",1,2026-09-02,低,官方,7,https://expressjs.com/en/starter/installing.html,unknown,amber,"其他来源 · 待核实"
frontend,nd-c3,nd-c3-s3,"中间件与错误处理",1,2026-09-02,低,官方,11,https://expressjs.com/en/guide/using-middleware.html,unknown,amber,"其他来源 · 待核实"
frontend,nd-c3,nd-c3-s4,"模板引擎与静态资源",1,2026-09-02,低,官方,7,https://expressjs.com/en/guide/using-template-engines.html,unknown,amber,"其他来源 · 待核实"
frontend,nd-c3,nd-c3-s5,"会话与状态管理",1,2026-09-02,低,官方,5,https://expressjs.com/en/resources/middleware/cookie-parser.html,unknown,amber,"其他来源 · 待核实"
frontend,nd-c4,nd-c4-s1,"连接数据库（SQL）",1,2026-09-02,低,官方,4,https://nodejs.org/en/learn/developing-nodejs-apps-with-sql-databases,mit,green,"Node.js Docs · MIT 类"
frontend,nd-c4,nd-c4-s2,"ORM 与查询构建器",1,2026-09-02,低,官方,8,https://www.prisma.io/docs,unknown,amber,"其他来源 · 待核实"
frontend,nd-c4,nd-c4-s3,"NoSQL 数据库：MongoDB",1,2026-09-02,低,官方,7,https://www.mongodb.com/docs/drivers/node/current/quick-start/,unknown,amber,"其他来源 · 待核实"
frontend,nd-c4,nd-c4-s4,"缓存与 Redis",1,2026-09-02,低,官方,6,https://redis.io/docs/latest/get-started/,unknown,amber,"Redis Docs · 待核实"
frontend,nd-c4,nd-c4-s5,"数据校验与事务",1,2026-09-02,低,官方,4,https://nodejs.org/en/learn/asynchronous-work/event-loop-timers-and-nexttick,mit,green,"Node.js Docs · MIT 类"
frontend,nd-c5,nd-c5-s1,"REST 架构原则",1,2026-09-02,低,官方,6,https://nodejs.org/en/learn/modules/how-to-use-the-node-js-repl,mit,green,"Node.js Docs · MIT 类"
frontend,nd-c5,nd-c5-s2,"API 版本控制与错误处理",1,2026-09-02,低,官方,8,https://nodejs.org/en/learn/modules/anatomy-of-an-http-transaction,mit,green,"Node.js Docs · MIT 类"
frontend,nd-c5,nd-c5-s3,"API 文档与测试",1,2026-09-02,低,官方,4,https://nodejs.org/docs/latest/api/modules.html,mit,green,"Node.js Docs · MIT 类"
frontend,nd-c5,nd-c5-s4,"认证与授权",1,2026-09-02,低,官方,6,https://nodejs.org/docs/latest/api/crypto.html,mit,green,"Node.js Docs · MIT 类"
frontend,nd-c5,nd-c5-s5,"API 安全最佳实践",1,2026-09-02,低,官方,7,https://nodejs.org/docs/latest/api/https.html,mit,green,"Node.js Docs · MIT 类"
frontend,nd-c6,nd-c6-s1,"BFF 概念与架构",1,2026-09-02,低,官方,4,https://samnewman.io/patterns/architectural/bff/,unknown,amber,"其他来源 · 待核实"
frontend,nd-c6,nd-c6-s2,"构建 BFF 层",1,2026-09-02,低,官方,6,https://nodejs.org/en/learn/getting-started/introduction-to-nodejs,mit,green,"Node.js Docs · MIT 类"
frontend,nd-c6,nd-c6-s3,"GraphQL 与 BFF",1,2026-09-02,低,官方,7,https://graphql.org/learn/,unknown,amber,"其他来源 · 待核实"
frontend,nd-c6,nd-c6-s4,"服务间通信",1,2026-09-02,低,官方,10,https://nodejs.org/docs/latest/api/globals.html#fetch,mit,green,"Node.js Docs · MIT 类"
frontend,nd-c6,nd-c6-s5,"BFF 安全与性能",1,2026-09-02,低,官方,9,https://nodejs.org/docs/latest/api/globals.html#fetch,mit,green,"Node.js Docs · MIT 类"
frontend,nd-c7,nd-c7-s1,"单元测试",1,2026-09-02,低,官方,7,https://nodejs.org/docs/latest/api/test.html,mit,green,"Node.js Docs · MIT 类"
frontend,nd-c7,nd-c7-s2,"集成测试",1,2026-09-02,低,官方,7,https://nodejs.org/docs/latest/api/test.html,mit,green,"Node.js Docs · MIT 类"
frontend,nd-c7,nd-c7-s3,"端到端测试",1,2026-09-02,低,官方,8,https://nodejs.org/docs/latest/api/test.html,mit,green,"Node.js Docs · MIT 类"
frontend,nd-c7,nd-c7-s4,"调试技巧",1,2026-09-02,低,官方,6,https://nodejs.org/docs/latest/api/console.html,mit,green,"Node.js Docs · MIT 类"
frontend,nd-c7,nd-c7-s5,"日志与监控",1,2026-09-02,低,官方,4,https://nodejs.org/en/learn/diagnostics/logging,mit,green,"Node.js Docs · MIT 类"
frontend,nd-c8,nd-c8-s1,"环境准备与配置管理",1,2026-09-02,低,官方,3,https://nodejs.org/docs/latest/api/process.html#processenv,mit,green,"Node.js Docs · MIT 类"
frontend,nd-c8,nd-c8-s2,"进程管理（PM2）",1,2026-09-02,低,官方,4,https://nodejs.org/en/learn/getting-started/process-managers,mit,green,"Node.js Docs · MIT 类"
frontend,nd-c8,nd-c8-s3,"容器化部署（Docker）",1,2026-09-02,低,官方,7,https://nodejs.org/en/learn/docker/nodejs-docker-best-practices,mit,green,"Node.js Docs · MIT 类"
frontend,nd-c8,nd-c8-s4,"CI/CD 流水线",1,2026-09-02,低,官方,6,https://nodejs.org/en/learn/getting-started/introduction-to-nodejs,mit,green,"Node.js Docs · MIT 类"
frontend,nd-c8,nd-c8-s5,"性能优化与监控",1,2026-09-02,低,官方,8,https://nodejs.org/en/learn/getting-started/introduction-to-nodejs,mit,green,"Node.js Docs · MIT 类"
frontend,nd-c9,nd-c9-s1,"常见 Web 攻击与防御",1,2026-09-02,低,官方,5,https://nodejs.org/en/learn/getting-started/security-best-practices,mit,green,"Node.js Docs · MIT 类"
frontend,nd-c9,nd-c9-s2,"认证与会话安全",1,2026-09-02,低,官方,4,https://nodejs.org/docs/latest/api/crypto.html#cryptoscryptpassword-salt-keylen-options-callback,mit,green,"Node.js Docs · MIT 类"
frontend,nd-c9,nd-c9-s3,"依赖安全与代码审计",1,2026-09-02,低,官方,6,https://docs.npmjs.com/cli/v10/commands/npm-audit,unknown,amber,"其他来源 · 待核实"
frontend,nd-c9,nd-c9-s4,"传输安全与加密",1,2026-09-02,低,官方,6,https://nodejs.org/docs/latest/api/https.html,mit,green,"Node.js Docs · MIT 类"
frontend,nd-c9,nd-c9-s5,"安全日志与合规",1,2026-09-02,低,官方,10,https://nodejs.org/docs/latest/api/process.html#event-uncaughtexception,mit,green,"Node.js Docs · MIT 类"
frontend,nd-c10,nd-c10-s1,"性能分析工具",1,2026-09-02,低,官方,8,https://nodejs.org/docs/latest/api/cli.html#--prof-process,mit,green,"Node.js Docs · MIT 类"
frontend,nd-c10,nd-c10-s2,"内存管理与泄漏排查",1,2026-09-02,低,官方,5,https://nodejs.org/en/learn/diagnostics/memory-profiling,mit,green,"Node.js Docs · MIT 类"
frontend,nd-c10,nd-c10-s3,"并发与负载均衡",1,2026-09-02,低,官方,6,https://nodejs.org/docs/latest/api/cluster.html,mit,green,"Node.js Docs · MIT 类"
frontend,nd-c10,nd-c10-s4,"缓存策略",1,2026-09-02,低,官方,5,https://nodejs.org/en/learn/asynchronous-work/discover-javascript-timers,mit,green,"Node.js Docs · MIT 类"
frontend,nd-c10,nd-c10-s5,"异步性能优化",1,2026-09-02,低,官方,6,https://nodejs.org/docs/latest/api/util.html#utilpromisifyoriginal,mit,green,"Node.js Docs · MIT 类"
frontend,nd-c11,nd-c11-s1,"包管理器与发布",1,2026-09-02,低,官方,5,https://nodejs.org/en/learn/getting-started/an-introduction-to-the-npm-package-manager#the-package-json-file,mit,green,"Node.js Docs · MIT 类"
frontend,nd-c11,nd-c11-s2,"常用框架与库",1,2026-09-02,低,官方,7,https://expressjs.com/,unknown,amber,"其他来源 · 待核实"
frontend,nd-c11,nd-c11-s3,"TypeScript 与 Node.js",1,2026-09-02,低,官方,5,https://www.typescriptlang.org/docs/,apache-2.0,green,"TypeScript Docs · Apache-2.0"
frontend,nd-c11,nd-c11-s4,"GraphQL 与实时通信",1,2026-09-02,低,官方,6,https://www.apollographql.com/docs/apollo-server/,unknown,amber,"其他来源 · 待核实"
frontend,nd-c11,nd-c11-s5,"微服务与 Serverless",1,2026-09-02,低,官方,6,http://senecajs.org,unknown,amber,"其他来源 · 待核实"
frontend,xp-c1f,xp-c1f-s1,"跨端开发简介",1,2026-08-08,低,官方(可溯源),14,https://reactnative.dev/docs/getting-started,unknown,amber,"其他来源 · 待核实"
frontend,xp-c1f,xp-c1f-s2,"Flutter环境搭建",1,2026-08-08,低,官方(可溯源),12,https://docs.flutter.dev/get-started/install,unknown,amber,"其他来源 · 待核实"
frontend,xp-c1f,xp-c1f-s3,"开发工具与调试",1,2026-08-08,低,官方(可溯源),12,https://docs.flutter.dev/tools/hot-reload,unknown,amber,"其他来源 · 待核实"
frontend,xp-c2f,xp-c2f-s1,"Flutter Widget基础",1,2026-08-08,低,官方(可溯源),21,https://docs.flutter.dev/ui/widgets-intro,unknown,amber,"其他来源 · 待核实"
frontend,xp-c2f,xp-c2f-s2,"Flutter布局与样式",1,2026-08-08,低,官方(可溯源),12,https://docs.flutter.dev/ui/widgets/layout,unknown,amber,"其他来源 · 待核实"
frontend,xp-c2f,xp-c2f-s3,"列表与滚动视图",1,2026-08-08,低,官方(可溯源),10,https://docs.flutter.dev/ui/widgets/lazy-loading,unknown,amber,"其他来源 · 待核实"
frontend,xp-c3f,xp-c3f-s1,"Flutter状态管理基础",1,2026-08-08,低,官方(可溯源),10,https://api.flutter.dev/flutter/widgets/StatefulWidget-class.html,unknown,amber,"其他来源 · 待核实"
frontend,xp-c3f,xp-c3f-s2,"Flutter进阶状态管理",1,2026-08-08,低,官方(可溯源),8,https://docs.flutter.dev/data-and-backend/state-mgmt/simple,unknown,amber,"其他来源 · 待核实"
frontend,xp-c4f,xp-c4f-s1,"Flutter导航基础",1,2026-08-08,低,官方(可溯源),10,https://docs.flutter.dev/ui/navigation,unknown,amber,"其他来源 · 待核实"
frontend,xp-c4f,xp-c4f-s2,"Flutter高级导航",1,2026-08-08,低,官方(可溯源),13,https://docs.flutter.dev/ui/navigation#go_router,unknown,amber,"其他来源 · 待核实"
frontend,xp-c5f,xp-c5f-s1,"Flutter网络请求",1,2026-08-08,低,官方(可溯源),8,https://docs.flutter.dev/cookbook/networking/fetch-data,unknown,amber,"其他来源 · 待核实"
frontend,xp-c5f,xp-c5f-s2,"Flutter数据持久化",1,2026-08-08,低,官方(可溯源),8,https://docs.flutter.dev/data-and-backend/persistence#shared-preferences,unknown,amber,"其他来源 · 待核实"
frontend,xp-c6f,xp-c6f-s1,"Flutter平台通道",1,2026-08-08,低,官方(可溯源),13,https://docs.flutter.dev/platform-integration/platform-channels,unknown,amber,"其他来源 · 待核实"
frontend,xp-c6f,xp-c6f-s2,"Flutter常用插件",1,2026-08-08,低,官方(可溯源),14,https://pub.dev/packages/image_picker,unknown,amber,"其他来源 · 待核实"
frontend,xp-c7f,xp-c7f-s1,"Flutter测试基础",1,2026-08-08,低,官方(可溯源),10,https://docs.flutter.dev/testing/overview,unknown,amber,"其他来源 · 待核实"
frontend,xp-c7f,xp-c7f-s2,"Flutter集成测试与调试",1,2026-08-08,低,官方(可溯源),8,https://docs.flutter.dev/testing/integration-tests,unknown,amber,"其他来源 · 待核实"
frontend,xp-c8f,xp-c8f-s1,"Flutter性能优化",1,2026-08-08,低,官方(可溯源),10,https://docs.flutter.dev/perf/best-practices#repaintboundary,unknown,amber,"其他来源 · 待核实"
frontend,xp-c8f,xp-c8f-s2,"Flutter应用打包与发布",1,2026-08-08,低,官方(可溯源),14,https://docs.flutter.dev/deployment/android,unknown,amber,"其他来源 · 待核实"
frontend,dt-c1e,dt-c1e-s1,"桌面应用开发概述",1,2026-08-08,低,官方(可溯源),10,https://www.electronjs.org/docs/latest/tutorial/process-model,unknown,amber,"其他来源 · 待核实"
frontend,dt-c1e,dt-c1e-s2,"Electron 架构与核心概念",1,2026-08-08,低,官方(可溯源),12,https://www.electronjs.org/docs/latest/tutorial/process-model,unknown,amber,"其他来源 · 待核实"
frontend,dt-c1e,dt-c1e-s3,"开发环境搭建与项目初始化",1,2026-08-08,低,官方(可溯源),16,https://nodejs.org/,mit,green,"Node.js Docs · MIT 类"
frontend,dt-c2,dt-c2-s1,"窗口与界面管理",1,2026-08-08,低,官方(可溯源),9,https://www.electronjs.org/docs/latest/api/browser-window,unknown,amber,"其他来源 · 待核实"
frontend,dt-c2,dt-c2-s2,"进程间通信（IPC）",1,2026-08-08,低,官方(可溯源),15,https://www.electronjs.org/docs/latest/api/ipc-renderer#ipcrenderersendchannel-args,unknown,amber,"其他来源 · 待核实"
frontend,dt-c2,dt-c2-s3,"系统集成与原生能力",1,2026-08-08,低,官方(可溯源),18,https://www.electronjs.org/docs/latest/api/shell,unknown,amber,"其他来源 · 待核实"
frontend,dt-c2,dt-c2-s4,"数据持久化与文件操作",1,2026-08-08,低,官方(可溯源),8,https://nodejs.org/api/fs.html#promises-api,mit,green,"Node.js Docs · MIT 类"
frontend,dt-c2,dt-c2-s5,"菜单、托盘与快捷键",1,2026-08-08,低,官方(可溯源),16,https://www.electronjs.org/docs/latest/api/menu,unknown,amber,"其他来源 · 待核实"
frontend,dt-c4e,dt-c4e-s1,"前端框架集成",1,2026-08-08,低,官方(可溯源),14,https://vitejs.dev/guide/,unknown,amber,"其他来源 · 待核实"
frontend,dt-c4e,dt-c4e-s2,"Electron 打包与分发",1,2026-08-08,低,官方(可溯源),10,https://www.electronjs.org/docs/latest/tutorial/electron-builder-configuration,unknown,amber,"其他来源 · 待核实"
frontend,dt-c4e,dt-c4e-s3,"性能优化与调试",1,2026-08-08,低,官方(可溯源),19,https://www.electronjs.org/docs/latest/tutorial/devtools-extension,unknown,amber,"其他来源 · 待核实"
frontend,dt-c5e,dt-c5e-s1,"安全最佳实践",1,2026-08-08,低,官方(可溯源),14,https://www.electronjs.org/docs/latest/tutorial/security#3-enable-context-isolation,unknown,amber,"其他来源 · 待核实"
frontend,dt-c5e,dt-c5e-s2,"自动化测试",1,2026-08-08,低,官方(可溯源),8,https://playwright.dev/docs/api/class-electron,unknown,amber,"其他来源 · 待核实"
frontend,dt-c5e,dt-c5e-s3,"持续集成与交付（CI/CD）",1,2026-08-08,低,官方(可溯源),13,https://docs.github.com/zh/actions/using-jobs/using-a-matrix-for-your-jobs,unknown,amber,"其他来源 · 待核实"
frontend,dt-c5e,dt-c5e-s4,"应用更新与分发策略",1,2026-08-08,低,官方(可溯源),16,https://www.electronjs.org/docs/latest/tutorial/updates,unknown,amber,"其他来源 · 待核实"
frontend,dt-c1t,dt-c1t-s1,"桌面应用开发概述",1,2026-08-08,低,官方(可溯源),10,https://www.electronjs.org/docs/latest/tutorial/process-model,unknown,amber,"其他来源 · 待核实"
frontend,dt-c1t,dt-c1t-s2,"Tauri 架构与核心概念",1,2026-08-08,低,官方(可溯源),10,https://v2.tauri.app/learn/architecture/,unknown,amber,"其他来源 · 待核实"
frontend,dt-c1t,dt-c1t-s3,"开发环境搭建与项目初始化",1,2026-08-08,低,官方(可溯源),16,https://nodejs.org/,mit,green,"Node.js Docs · MIT 类"
frontend,dt-c3,dt-c3-s1,"命令系统（Commands）",1,2026-08-08,低,官方(可溯源),10,https://v2.tauri.app/develop/calling-rust/,unknown,amber,"其他来源 · 待核实"
frontend,dt-c3,dt-c3-s2,"事件系统（Events）",1,2026-08-08,低,官方(可溯源),7,https://v2.tauri.app/develop/calling-frontend/#emitting-events,unknown,amber,"其他来源 · 待核实"
frontend,dt-c3,dt-c3-s3,"文件系统与路径访问",1,2026-08-08,低,官方(可溯源),10,https://v2.tauri.app/plugin/file-system/,unknown,amber,"其他来源 · 待核实"
frontend,dt-c3,dt-c3-s4,"窗口管理与系统集成",1,2026-08-08,低,官方(可溯源),10,https://v2.tauri.app/reference/javascript/api/namespacewindow/,unknown,amber,"其他来源 · 待核实"
frontend,dt-c3,dt-c3-s5,"Rust 与前端数据交互进阶",1,2026-08-08,低,官方(可溯源),8,https://v2.tauri.app/develop/calling-rust/,unknown,amber,"其他来源 · 待核实"
frontend,dt-c4t,dt-c4t-s1,"前端框架集成",1,2026-08-08,低,官方(可溯源),14,https://vitejs.dev/guide/,unknown,amber,"其他来源 · 待核实"
frontend,dt-c4t,dt-c4t-s2,"Tauri 打包与分发",1,2026-08-08,低,官方(可溯源),10,https://v2.tauri.app/reference/config/#bundleconfig,unknown,amber,"其他来源 · 待核实"
frontend,dt-c4t,dt-c4t-s3,"性能优化与调试",1,2026-08-08,低,官方(可溯源),19,https://www.electronjs.org/docs/latest/tutorial/devtools-extension,unknown,amber,"其他来源 · 待核实"
frontend,dt-c5t,dt-c5t-s1,"安全最佳实践",1,2026-08-08,低,官方(可溯源),14,https://www.electronjs.org/docs/latest/tutorial/security#3-enable-context-isolation,unknown,amber,"其他来源 · 待核实"
frontend,dt-c5t,dt-c5t-s2,"自动化测试",1,2026-08-08,低,官方(可溯源),8,https://playwright.dev/docs/api/class-electron,unknown,amber,"其他来源 · 待核实"
frontend,dt-c5t,dt-c5t-s3,"持续集成与交付（CI/CD）",1,2026-08-08,低,官方(可溯源),13,https://docs.github.com/zh/actions/using-jobs/using-a-matrix-for-your-jobs,unknown,amber,"其他来源 · 待核实"
frontend,dt-c5t,dt-c5t-s4,"应用更新与分发策略",1,2026-08-08,低,官方(可溯源),16,https://www.electronjs.org/docs/latest/tutorial/updates,unknown,amber,"其他来源 · 待核实"
frontend,xp-c1r,xp-c1r-s1,"跨端开发简介",1,2026-08-08,低,官方(可溯源),14,https://reactnative.dev/docs/getting-started,unknown,amber,"其他来源 · 待核实"
frontend,xp-c1r,xp-c1r-s2,"React Native环境搭建",1,2026-08-08,低,官方(可溯源),12,https://reactnative.dev/docs/set-up-your-environment,unknown,amber,"其他来源 · 待核实"
frontend,xp-c1r,xp-c1r-s3,"开发工具与调试",1,2026-08-08,低,官方(可溯源),12,https://docs.flutter.dev/tools/hot-reload,unknown,amber,"其他来源 · 待核实"
frontend,xp-c2r,xp-c2r-s1,"React Native核心组件",1,2026-08-08,低,官方(可溯源),9,https://reactnative.dev/docs/components-and-apis#core-components,unknown,amber,"其他来源 · 待核实"
frontend,xp-c2r,xp-c2r-s2,"React Native布局与样式",1,2026-08-08,低,官方(可溯源),14,https://reactnative.dev/docs/flexbox,unknown,amber,"其他来源 · 待核实"
frontend,xp-c2r,xp-c2r-s3,"列表与滚动视图",1,2026-08-08,低,官方(可溯源),10,https://docs.flutter.dev/ui/widgets/lazy-loading,unknown,amber,"其他来源 · 待核实"
frontend,xp-c3r,xp-c3r-s1,"React Native状态管理基础",1,2026-08-08,低,官方(可溯源),10,https://react.dev/reference/react/useState,cc-by-4.0,green,"React Docs · CC-BY-4.0"
frontend,xp-c3r,xp-c3r-s2,"React Native进阶状态管理",1,2026-08-08,低,官方(可溯源),13,https://reactnative.dev/docs/state#redux,unknown,amber,"其他来源 · 待核实"
frontend,xp-c4r,xp-c4r-s1,"React Native导航基础",1,2026-08-08,低,官方(可溯源),18,https://reactnative.dev/docs/navigation,unknown,amber,"其他来源 · 待核实"
frontend,xp-c4r,xp-c4r-s2,"React Native高级导航",1,2026-08-08,低,官方(可溯源),15,https://reactnavigation.org/docs/nesting-navigators/,unknown,amber,"其他来源 · 待核实"
frontend,xp-c5r,xp-c5r-s1,"React Native网络请求",1,2026-08-08,低,官方(可溯源),10,https://reactnative.dev/docs/network,unknown,amber,"其他来源 · 待核实"
frontend,xp-c5r,xp-c5r-s2,"React Native数据持久化",1,2026-08-08,低,官方(可溯源),8,https://reactnative.dev/docs/asyncstorage,unknown,amber,"其他来源 · 待核实"
frontend,xp-c6r,xp-c6r-s1,"React Native原生模块",1,2026-08-08,低,官方(可溯源),10,https://reactnative.dev/docs/native-modules-intro,unknown,amber,"其他来源 · 待核实"
frontend,xp-c6r,xp-c6r-s2,"React Native常用库",1,2026-08-08,低,官方(可溯源),10,https://github.com/react-native-camera/react-native-camera,unknown,amber,"其他来源 · 待核实"
frontend,xp-c7r,xp-c7r-s1,"React Native测试基础",1,2026-08-08,低,官方(可溯源),18,https://reactnative.dev/docs/testing-overview#jest,unknown,amber,"其他来源 · 待核实"
frontend,xp-c7r,xp-c7r-s2,"React Native集成测试与调试",1,2026-08-08,低,官方(可溯源),5,https://reactnative.dev/docs/testing-overview,unknown,amber,"其他来源 · 待核实"
frontend,xp-c8r,xp-c8r-s1,"React Native性能优化",1,2026-08-08,低,官方(可溯源),8,https://reactnative.dev/docs/flatlist#getitemlayout,unknown,amber,"其他来源 · 待核实"
frontend,xp-c8r,xp-c8r-s2,"React Native应用打包与发布",1,2026-08-08,低,官方(可溯源),12,https://reactnative.dev/docs/signed-apk-android,unknown,amber,"其他来源 · 待核实"
frontend,vz-c1e,vz-c1e-s1,"数据可视化导论",1,2026-08-08,低,官方(可溯源),13,https://echarts.apache.org/handbook/zh/concepts/series/,unknown,amber,"其他来源 · 待核实"
frontend,vz-c1e,vz-c1e-s2,"ECharts 概览",1,2026-08-08,低,官方(可溯源),10,https://echarts.apache.org/zh/index.html,unknown,amber,"其他来源 · 待核实"
frontend,vz-c2,vz-c2-s1,"ECharts 快速上手",1,2026-08-08,低,官方(可溯源),10,https://cdn.jsdelivr.net/npm/echarts@5/dist/echarts.min.js,unknown,amber,"其他来源 · 待核实"
frontend,vz-c2,vz-c2-s2,"折线图与面积图",1,2026-08-08,低,官方(可溯源),11,https://echarts.apache.org/examples/zh/editor.html?c=line-simple,unknown,amber,"其他来源 · 待核实"
frontend,vz-c2,vz-c2-s3,"柱状图与条形图",1,2026-08-08,低,官方(可溯源),14,https://echarts.apache.org/examples/zh/editor.html?c=bar-simple,unknown,amber,"其他来源 · 待核实"
frontend,vz-c2,vz-c2-s4,"饼图与环形图",1,2026-08-08,低,官方(可溯源),11,https://echarts.apache.org/zh/option.html#series-pie,unknown,amber,"其他来源 · 待核实"
frontend,vz-c2,vz-c2-s5,"散点图与气泡图",1,2026-08-08,低,官方(可溯源),10,https://echarts.apache.org/examples/zh/editor.html?c=scatter-simple,unknown,amber,"其他来源 · 待核实"
frontend,vz-c3,vz-c3-s1,"图例与提示框",1,2026-08-08,低,官方(可溯源),8,https://echarts.apache.org/zh/option.html#legend,unknown,amber,"其他来源 · 待核实"
frontend,vz-c3,vz-c3-s2,"数据缩放与区域选择",1,2026-08-08,低,官方(可溯源),9,https://echarts.apache.org/zh/option.html#dataZoom,unknown,amber,"其他来源 · 待核实"
frontend,vz-c3,vz-c3-s3,"动画与过渡",1,2026-08-08,低,官方(可溯源),10,https://echarts.apache.org/zh/option.html#animation,unknown,amber,"其他来源 · 待核实"
frontend,vz-c3,vz-c3-s4,"主题与自定义",1,2026-08-08,低,官方(可溯源),16,https://echarts.apache.org/zh/theme-builder.html,unknown,amber,"其他来源 · 待核实"
frontend,vz-c3,vz-c3-s5,"性能优化与大数据量",1,2026-08-08,低,官方(可溯源),12,https://echarts.apache.org/zh/option.html#series-line.sampling,unknown,amber,"其他来源 · 待核实"
frontend,vz-c1d,vz-c1d-s1,"数据可视化导论",1,2026-08-08,低,官方(可溯源),13,https://echarts.apache.org/handbook/zh/concepts/series/,unknown,amber,"其他来源 · 待核实"
frontend,vz-c1d,vz-c1d-s2,"D3 概览",1,2026-08-08,低,官方(可溯源),11,https://d3js.org/,unknown,amber,"其他来源 · 待核实"
frontend,vz-c4,vz-c4-s1,"选择集与 DOM 操作",1,2026-08-08,低,官方(可溯源),10,https://d3js.org/d3-selection/selecting,unknown,amber,"其他来源 · 待核实"
frontend,vz-c4,vz-c4-s2,"数据绑定与 enter/exit",1,2026-08-08,低,官方(可溯源),11,https://d3js.org/d3-selection/joining#selection_data,unknown,amber,"其他来源 · 待核实"
frontend,vz-c4,vz-c4-s3,"比例尺（Scales）",1,2026-08-08,低,官方(可溯源),11,https://d3js.org/d3-scale/linear,unknown,amber,"其他来源 · 待核实"
frontend,vz-c4,vz-c4-s4,"坐标轴（Axes）",1,2026-08-08,低,官方(可溯源),13,https://d3js.org/d3-axis,unknown,amber,"其他来源 · 待核实"
frontend,vz-c5,vz-c5-s1,"绘制折线图与面积图",1,2026-08-08,低,官方(可溯源),9,https://d3js.org/d3-shape/line,unknown,amber,"其他来源 · 待核实"
frontend,vz-c5,vz-c5-s2,"绘制柱状图与散点图",1,2026-08-08,低,官方(可溯源),11,https://d3js.org/selection/join,unknown,amber,"其他来源 · 待核实"
frontend,vz-c5,vz-c5-s3,"布局（Layouts）",1,2026-08-08,低,官方(可溯源),9,https://d3js.org/d3-shape/pie,unknown,amber,"其他来源 · 待核实"
frontend,vz-c5,vz-c5-s4,"过渡与动画",1,2026-08-08,低,官方(可溯源),9,https://d3js.org/d3-transition,unknown,amber,"其他来源 · 待核实"
frontend,vz-c1w,vz-c1w-s1,"数据可视化导论",1,2026-08-08,低,官方(可溯源),13,https://echarts.apache.org/handbook/zh/concepts/series/,unknown,amber,"其他来源 · 待核实"
frontend,vz-c1w,vz-c1w-s2,"WebGL 与可视化",1,2026-08-08,低,官方(可溯源),10,https://registry.khronos.org/webgl/specs/latest/1.0/,unknown,amber,"其他来源 · 待核实"
frontend,vz-c6,vz-c6-s1,"WebGL 渲染管线",1,2026-08-08,低,官方(可溯源),8,https://developer.mozilla.org/en-US/docs/Web/API/WebGL_API/Shaders,cc-by-sa,amber,"MDN · CC-BY-SA（相同方式分享，具传染性）"
frontend,vz-c6,vz-c6-s2,"绘制基本图形",1,2026-08-08,低,官方(可溯源),6,https://developer.mozilla.org/zh-CN/docs/Web/API/WebGL_API/Shader_Programs,cc-by-sa,amber,"MDN · CC-BY-SA（相同方式分享，具传染性）"
frontend,vz-c6,vz-c6-s3,"变换与矩阵",1,2026-08-08,低,官方(可溯源),10,https://glmatrix.net/docs/module-mat4.html,unknown,amber,"其他来源 · 待核实"
frontend,vz-c6,vz-c6-s4,"颜色与纹理",1,2026-08-08,低,官方(可溯源),6,https://www.khronos.org/registry/OpenGL/specs/es/2.0/GLSL_ES_Specification_1.00.pdf,unknown,amber,"其他来源 · 待核实"
frontend,vz-c7,vz-c7-s1,"光照与材质",1,2026-08-08,低,官方(可溯源),13,https://developer.mozilla.org/en-US/docs/Web/API/WebGL_API/Tutorial/Lighting_in_WebGL,cc-by-sa,amber,"MDN · CC-BY-SA（相同方式分享，具传染性）"
frontend,vz-c7,vz-c7-s2,"大规模数据渲染",1,2026-08-08,低,官方(可溯源),10,https://registry.khronos.org/webgl/specs/latest/1.0/#5.14.11,unknown,amber,"其他来源 · 待核实"
frontend,vz-c7,vz-c7-s3,"与 D3 集成",1,2026-08-08,低,官方(可溯源),13,https://d3js.org/d3-selection/joining,unknown,amber,"其他来源 · 待核实"
frontend,vz-c7,vz-c7-s4,"与 ECharts 集成",1,2026-08-08,低,官方(可溯源),12,https://threejs.org/,unknown,amber,"其他来源 · 待核实"
frontend,fts-c1,fts-c1-s1,"什么是 TypeScript",1,2026-09-06,低,官方,4,https://www.typescriptlang.org/docs/handbook/typescript-from-scratch.html,apache-2.0,green,"TypeScript Docs · Apache-2.0"
frontend,fts-c1,fts-c1-s2,"安装与配置",1,2026-09-06,低,官方,9,https://www.typescriptlang.org/download,apache-2.0,green,"TypeScript Docs · Apache-2.0"
frontend,fts-c1,fts-c1-s3,"第一个 TypeScript 程序",1,2026-09-06,低,官方,5,https://www.typescriptlang.org/docs/handbook/typescript-in-5-minutes.html,apache-2.0,green,"TypeScript Docs · Apache-2.0"
frontend,fts-c2,fts-c2-s1,"原始类型",1,2026-09-06,低,官方,7,https://www.typescriptlang.org/docs/handbook/2/everyday-types.html#strings,apache-2.0,green,"TypeScript Docs · Apache-2.0"
frontend,fts-c2,fts-c2-s2,"数组与元组",1,2026-09-06,低,官方,5,https://www.typescriptlang.org/docs/handbook/2/everyday-types.html#arrays,apache-2.0,green,"TypeScript Docs · Apache-2.0"
frontend,fts-c2,fts-c2-s3,"类型注解与推断",1,2026-09-06,低,官方,4,https://www.typescriptlang.org/docs/handbook/type-inference.html,apache-2.0,green,"TypeScript Docs · Apache-2.0"
frontend,fts-c2,fts-c2-s4,"枚举",1,2026-09-06,低,官方,5,https://www.typescriptlang.org/docs/handbook/enums.html#numeric-enums,apache-2.0,green,"TypeScript Docs · Apache-2.0"
frontend,fts-c2,fts-c2-s5,"any、unknown、never",1,2026-09-06,低,官方,4,https://www.typescriptlang.org/docs/handbook/2/everyday-types.html#any,apache-2.0,green,"TypeScript Docs · Apache-2.0"
frontend,fts-c3,fts-c3-s1,"接口定义",1,2026-09-06,低,官方,6,https://www.typescriptlang.org/docs/handbook/2/objects.html#interfaces-vs-type-aliases,apache-2.0,green,"TypeScript Docs · Apache-2.0"
frontend,fts-c3,fts-c3-s2,"接口扩展",1,2026-09-06,低,官方,3,https://www.typescriptlang.org/docs/handbook/2/everyday-types.html#interfaces,apache-2.0,green,"TypeScript Docs · Apache-2.0"
frontend,fts-c3,fts-c3-s3,"类型别名",1,2026-09-06,低,官方,6,https://www.typescriptlang.org/docs/handbook/2/everyday-types.html#type-aliases,apache-2.0,green,"TypeScript Docs · Apache-2.0"
frontend,fts-c3,fts-c3-s4,"类型断言",1,2026-09-06,低,官方,3,https://www.typescriptlang.org/docs/handbook/2/everyday-types.html#type-assertions,apache-2.0,green,"TypeScript Docs · Apache-2.0"
frontend,fts-c4,fts-c4-s1,"泛型基础",1,2026-09-06,低,官方,7,https://www.typescriptlang.org/docs/handbook/2/generics.html#working-with-generic-type-variables,apache-2.0,green,"TypeScript Docs · Apache-2.0"
frontend,fts-c4,fts-c4-s2,"泛型约束",1,2026-09-06,低,官方,5,https://www.typescriptlang.org/docs/handbook/2/generics.html#using-type-parameters-in-generic-constraints,apache-2.0,green,"TypeScript Docs · Apache-2.0"
frontend,fts-c4,fts-c4-s3,"泛型类与接口",1,2026-09-06,低,官方,4,https://www.typescriptlang.org/docs/handbook/2/generics.html#generic-classes,apache-2.0,green,"TypeScript Docs · Apache-2.0"
frontend,fts-c4,fts-c4-s4,"泛型工具类型",1,2026-09-06,低,官方,9,https://www.typescriptlang.org/docs/handbook/utility-types.html#partialtype,apache-2.0,green,"TypeScript Docs · Apache-2.0"
frontend,fts-c5,fts-c5-s1,"联合类型与交叉类型",1,2026-09-06,低,官方,5,https://www.typescriptlang.org/docs/handbook/2/everyday-types.html#union-types,apache-2.0,green,"TypeScript Docs · Apache-2.0"
frontend,fts-c5,fts-c5-s2,"类型守卫",1,2026-09-06,低,官方,5,https://www.typescriptlang.org/docs/handbook/2/narrowing.html#typeof-type-guards,apache-2.0,green,"TypeScript Docs · Apache-2.0"
frontend,fts-c5,fts-c5-s3,"条件类型",1,2026-09-06,低,官方,3,https://www.typescriptlang.org/docs/handbook/2/conditional-types.html,apache-2.0,green,"TypeScript Docs · Apache-2.0"
frontend,fts-c5,fts-c5-s4,"映射类型",1,2026-09-06,低,官方,5,https://www.typescriptlang.org/docs/handbook/2/mapped-types.html,apache-2.0,green,"TypeScript Docs · Apache-2.0"
frontend,fts-c5,fts-c5-s5,"模板字面量类型",1,2026-09-06,低,官方,4,https://www.typescriptlang.org/docs/handbook/2/template-literal-types.html,apache-2.0,green,"TypeScript Docs · Apache-2.0"
frontend,fts-c6,fts-c6-s1,"类基础",1,2026-09-06,低,官方,4,https://www.typescriptlang.org/docs/handbook/2/classes.html,apache-2.0,green,"TypeScript Docs · Apache-2.0"
frontend,fts-c6,fts-c6-s2,"继承与实现",1,2026-09-06,低,官方,4,https://www.typescriptlang.org/docs/handbook/2/classes.html#extends-clauses,apache-2.0,green,"TypeScript Docs · Apache-2.0"
frontend,fts-c6,fts-c6-s3,"修饰符",1,2026-09-06,低,官方,6,https://www.typescriptlang.org/docs/handbook/2/classes.html#members,apache-2.0,green,"TypeScript Docs · Apache-2.0"
frontend,fts-c6,fts-c6-s4,"抽象类",1,2026-09-06,低,官方,5,https://www.typescriptlang.org/docs/handbook/2/classes.html#abstract-classes-and-members,apache-2.0,green,"TypeScript Docs · Apache-2.0"
backend,be-c1,be-c1-s1,"Java 值传递与类型系统",1,2026-08-02,低,官方(可溯源),1,https://docs.oracle.com/javase/tutorial/java/javaOO/arguments.html,proprietary,red,"Oracle Java Docs · 版权保留，限制再分发"
backend,be-c1,be-c1-s2,"HashMap 原理与并发隐患",1,2026-08-02,低,官方(可溯源),2,https://docs.oracle.com/en/java/javase/17/docs/api/java.base/java/util/HashMap.html,proprietary,red,"Oracle Java Docs · 版权保留，限制再分发"
backend,be-c1,be-c1-s3,"JVM 运行时数据区",1,2026-08-02,低,官方(可溯源),1,https://docs.oracle.com/javase/specs/jvms/se17/html/jvms-2.html,proprietary,red,"Oracle Java Docs · 版权保留，限制再分发"
backend,be-c1,be-c1-s4,"垃圾回收与 G1",1,2026-08-02,低,官方(可溯源),1,https://docs.oracle.com/en/java/javase/17/gctuning/introduction-garbage-collection-tuning.html,proprietary,red,"Oracle Java Docs · 版权保留，限制再分发"
backend,be-c1,be-c1-s5,"线程与 synchronized 内置锁",1,2026-08-02,低,官方(可溯源),1,https://docs.oracle.com/javase/tutorial/essential/concurrency/locksync.html,proprietary,red,"Oracle Java Docs · 版权保留，限制再分发"
backend,be-c1,be-c1-s6,"JMM：happens-before 与 volatile",1,2026-08-02,低,官方(可溯源),1,https://docs.oracle.com/javase/specs/jls/se17/html/jls-17.html,proprietary,red,"Oracle Java Docs · 版权保留，限制再分发"
backend,be-c1,be-c1-s7,"线程池 ThreadPoolExecutor",1,2026-08-02,低,官方(可溯源),1,https://docs.oracle.com/en/java/javase/17/docs/api/java.base/java/util/concurrent/ThreadPoolExecutor.html,proprietary,red,"Oracle Java Docs · 版权保留，限制再分发"
backend,be-c1,be-c1-s8,"ConcurrentHashMap 与并发容器",1,2026-08-02,低,官方(可溯源),1,https://docs.oracle.com/en/java/javase/17/docs/api/java.base/java/util/concurrent/ConcurrentHashMap.html,proprietary,red,"Oracle Java Docs · 版权保留，限制再分发"
backend,be-c1,be-c1-s9,"死锁与并发活跃性问题",1,2026-08-02,低,官方(可溯源),1,https://docs.oracle.com/javase/tutorial/essential/concurrency/deadlock.html,proprietary,red,"Oracle Java Docs · 版权保留，限制再分发"
backend,be-test,be-test-s1,"测试金字塔与分层",1,2026-08-02,低,官方(可溯源),2,https://junit.org/junit5/docs/current/user-guide/,unknown,amber,"其他来源 · 待核实"
backend,be-test,be-test-s2,"JUnit 5 单元测试",1,2026-08-02,低,官方(可溯源),1,https://junit.org/junit5/docs/current/user-guide/,unknown,amber,"其他来源 · 待核实"
backend,be-test,be-test-s3,"Mockito 模拟与隔离",1,2026-08-02,低,官方(可溯源),1,https://site.mockito.org/,unknown,amber,"其他来源 · 待核实"
backend,be-test,be-test-s4,"测试替身：stub/mock/spy/fake",1,2026-08-02,低,官方(可溯源),2,https://site.mockito.org/,unknown,amber,"其他来源 · 待核实"
backend,be-test,be-test-s5,"集成测试与测试容器",1,2026-08-02,低,官方(可溯源),1,https://java.testcontainers.org/,unknown,amber,"其他来源 · 待核实"
backend,be-test,be-test-s6,"契约测试",1,2026-08-02,低,官方(可溯源),1,https://pact.io/,unknown,amber,"其他来源 · 待核实"
backend,be-test,be-test-s7,"TDD 与测试驱动开发",1,2026-08-02,低,官方(可溯源),1,https://junit.org/junit5/docs/current/user-guide/,unknown,amber,"其他来源 · 待核实"
backend,be-test,be-test-s8,"覆盖率与质量门禁",1,2026-08-02,低,官方(可溯源),2,https://junit.org/junit5/docs/current/user-guide/,unknown,amber,"其他来源 · 待核实"
backend,be-test,be-test-s9,"测试数据与夹具",1,2026-08-02,低,官方(可溯源),6,https://junit.org/junit5/docs/current/user-guide/,unknown,amber,"其他来源 · 待核实"
backend,be-api,be-api-s1,"REST 成熟度与资源建模",1,2026-08-02,低,官方(可溯源),1,https://github.com/microsoft/api-guidelines,unknown,amber,"其他来源 · 待核实"
backend,be-api,be-api-s2,"HTTP 语义与状态码",1,2026-08-02,低,官方(可溯源),1,https://developer.mozilla.org/en-US/docs/Web/HTTP/Status,cc-by-sa,amber,"MDN · CC-BY-SA（相同方式分享，具传染性）"
backend,be-api,be-api-s3,"API 版本化策略",1,2026-08-02,低,官方(可溯源),2,https://semver.org/,unknown,amber,"其他来源 · 待核实"
backend,be-api,be-api-s4,"OpenAPI 与文档即契约",1,2026-08-02,低,官方(可溯源),2,https://swagger.io/specification/,unknown,amber,"其他来源 · 待核实"
backend,be-api,be-api-s5,"GraphQL 适用与权衡",1,2026-08-02,低,官方(可溯源),1,https://graphql.org/learn/,unknown,amber,"其他来源 · 待核实"
backend,be-api,be-api-s6,"gRPC 与 Protobuf",1,2026-08-02,低,官方(可溯源),2,https://grpc.io/docs/,unknown,amber,"其他来源 · 待核实"
backend,be-api,be-api-s7,"分页/过滤/排序与幂等",1,2026-08-02,低,官方(可溯源),2,https://github.com/microsoft/api-guidelines,unknown,amber,"其他来源 · 待核实"
backend,be-api,be-api-s8,"API 层认证与授权",1,2026-08-02,低,官方(可溯源),2,https://owasp.org/www-project-api-security/,unknown,amber,"OWASP · 待核实"
backend,be-api,be-api-s9,"API 演进与兼容性",1,2026-08-02,低,官方(可溯源),6,https://github.com/microsoft/api-guidelines,unknown,amber,"其他来源 · 待核实"
backend,dbs-c1,dbs-c1-s1,"MySQL 简介与安装",1,2026-09-03,低,官方,7,https://dev.mysql.com/doc/relnotes/mysql/8.0/en/,proprietary,red,"Oracle MySQL 手册 · 明示禁止复制·再分发"
backend,dbs-c1,dbs-c1-s2,"MySQL 逻辑架构与存储引擎",1,2026-09-03,低,官方,8,https://dev.mysql.com/doc/refman/8.0/en/architecture.html,proprietary,red,"Oracle MySQL 手册 · 明示禁止复制·再分发"
backend,dbs-c1,dbs-c1-s3,"数据库与表的基本操作",1,2026-09-03,低,官方,9,https://dev.mysql.com/doc/refman/8.0/en/create-database.html,proprietary,red,"Oracle MySQL 手册 · 明示禁止复制·再分发"
backend,dbs-c1,dbs-c1-s4,"SQL 基础：查询与过滤",1,2026-09-03,低,官方,6,https://dev.mysql.com/doc/refman/8.0/en/select.html,proprietary,red,"Oracle MySQL 手册 · 明示禁止复制·再分发"
backend,dbs-c1,dbs-c1-s5,"SQL 进阶：连接与子查询",1,2026-09-03,低,官方,8,https://dev.mysql.com/doc/refman/8.0/en/join.html,proprietary,red,"Oracle MySQL 手册 · 明示禁止复制·再分发"
backend,dbs-c2,dbs-c2-s1,"索引基础与类型",1,2026-09-03,低,官方,5,https://dev.mysql.com/doc/refman/8.0/en/mysql-indexes.html,proprietary,red,"Oracle MySQL 手册 · 明示禁止复制·再分发"
backend,dbs-c2,dbs-c2-s2,"创建与管理索引",1,2026-09-03,低,官方,7,https://dev.mysql.com/doc/refman/8.0/en/create-index.html,proprietary,red,"Oracle MySQL 手册 · 明示禁止复制·再分发"
backend,dbs-c2,dbs-c2-s3,"索引失效场景与优化",1,2026-09-03,低,官方,5,https://dev.mysql.com/doc/refman/8.0/en/index-btree-hash.html,proprietary,red,"Oracle MySQL 手册 · 明示禁止复制·再分发"
backend,dbs-c2,dbs-c2-s4,"查询优化器与执行计划",1,2026-09-03,低,官方,4,https://dev.mysql.com/doc/refman/8.0/en/explain-output.html,proprietary,red,"Oracle MySQL 手册 · 明示禁止复制·再分发"
backend,dbs-c2,dbs-c2-s5,"索引设计实践",1,2026-09-03,低,官方,4,https://dev.mysql.com/doc/refman/8.0/en/optimization-indexes.html,proprietary,red,"Oracle MySQL 手册 · 明示禁止复制·再分发"
backend,dbs-c3,dbs-c3-s1,"事务基础与 ACID",1,2026-09-03,低,官方,5,https://dev.mysql.com/doc/refman/8.0/en/commit.html,proprietary,red,"Oracle MySQL 手册 · 明示禁止复制·再分发"
backend,dbs-c3,dbs-c3-s2,"隔离级别",1,2026-09-03,低,官方,4,https://dev.mysql.com/doc/refman/8.0/en/innodb-transaction-isolation-levels.html,proprietary,red,"Oracle MySQL 手册 · 明示禁止复制·再分发"
backend,dbs-c3,dbs-c3-s3,"锁机制",1,2026-09-03,低,官方,5,https://dev.mysql.com/doc/refman/8.0/en/innodb-locking.html,proprietary,red,"Oracle MySQL 手册 · 明示禁止复制·再分发"
backend,dbs-c3,dbs-c3-s4,"MVCC（多版本并发控制）",1,2026-09-03,低,官方,3,https://dev.mysql.com/doc/refman/8.0/en/innodb-row-format.html,proprietary,red,"Oracle MySQL 手册 · 明示禁止复制·再分发"
backend,dbs-c3,dbs-c3-s5,"事务日志与持久性",1,2026-09-03,低,官方,8,https://dev.mysql.com/doc/refman/8.0/en/innodb-redo-log.html,proprietary,red,"Oracle MySQL 手册 · 明示禁止复制·再分发"
backend,dbs-c4,dbs-c4-s1,"PostgreSQL 简介与安装",1,2026-09-03,低,官方,7,https://www.postgresql.org/about/,unknown,amber,"其他来源 · 待核实"
backend,dbs-c4,dbs-c4-s2,"数据库与表管理",1,2026-09-03,低,官方,8,https://www.postgresql.org/docs/current/sql-createdatabase.html,unknown,amber,"其他来源 · 待核实"
backend,dbs-c4,dbs-c4-s3,"高级数据类型",1,2026-09-03,低,官方,8,https://www.postgresql.org/docs/current/datatype-json.html,unknown,amber,"其他来源 · 待核实"
backend,dbs-c4,dbs-c4-s4,"SQL 查询与函数",1,2026-09-03,低,官方,10,https://www.postgresql.org/docs/current/queries-with.html,unknown,amber,"其他来源 · 待核实"
backend,dbs-c4,dbs-c4-s5,"索引与性能",1,2026-09-03,低,官方,7,https://www.postgresql.org/docs/current/btree-intro.html,unknown,amber,"其他来源 · 待核实"
backend,dbs-c5,dbs-c5-s1,"事务与隔离级别",1,2026-09-03,低,官方,4,https://www.postgresql.org/docs/current/tutorial-transactions.html,unknown,amber,"其他来源 · 待核实"
backend,dbs-c5,dbs-c5-s2,"MVCC 实现",1,2026-09-03,低,官方,4,https://www.postgresql.org/docs/current/mvcc.html,unknown,amber,"其他来源 · 待核实"
backend,dbs-c5,dbs-c5-s3,"锁机制",1,2026-09-03,低,官方,4,https://www.postgresql.org/docs/current/explicit-locking.html#LOCKING-TABLES,unknown,amber,"其他来源 · 待核实"
backend,dbs-c5,dbs-c5-s4,"序列与并发控制",1,2026-09-03,低,官方,5,https://www.postgresql.org/docs/current/functions-sequence.html,unknown,amber,"其他来源 · 待核实"
backend,dbs-c5,dbs-c5-s5,"逻辑复制与流复制",1,2026-09-03,低,官方,5,https://www.postgresql.org/docs/current/warm-standby.html#STREAMING-REPLICATION,unknown,amber,"其他来源 · 待核实"
backend,dbs-c6,dbs-c6-s1,"Redis 简介与安装",1,2026-09-03,低,官方,5,https://redis.io/docs/latest/develop/data-types/,unknown,amber,"Redis Docs · 待核实"
backend,dbs-c6,dbs-c6-s2,"字符串与哈希",1,2026-09-03,低,官方,5,https://redis.io/docs/latest/commands/set/,unknown,amber,"Redis Docs · 待核实"
backend,dbs-c6,dbs-c6-s3,"列表与集合",1,2026-09-03,低,官方,5,https://redis.io/docs/latest/commands/lpush/,unknown,amber,"Redis Docs · 待核实"
backend,dbs-c6,dbs-c6-s4,"有序集合与位图",1,2026-09-03,低,官方,8,https://redis.io/docs/latest/commands/zadd/,unknown,amber,"Redis Docs · 待核实"
backend,dbs-c6,dbs-c6-s5,"键管理与过期策略",1,2026-09-03,低,官方,7,https://redis.io/docs/latest/commands/expire/,unknown,amber,"Redis Docs · 待核实"
backend,dbs-c7,dbs-c7-s1,"RDB 持久化",1,2026-09-03,低,官方,5,https://redis.io/docs/latest/commands/save/,unknown,amber,"Redis Docs · 待核实"
backend,dbs-c7,dbs-c7-s2,"AOF 持久化",1,2026-09-03,低,官方,4,https://redis.io/docs/latest/operate/oss_and_stack/management/persistence/#append-only-file,unknown,amber,"Redis Docs · 待核实"
backend,dbs-c7,dbs-c7-s3,"主从复制",1,2026-09-03,低,官方,3,https://redis.io/docs/latest/commands/replicaof/,unknown,amber,"Redis Docs · 待核实"
backend,dbs-c7,dbs-c7-s4,"哨兵模式",1,2026-09-03,低,官方,7,https://redis.io/docs/latest/operate/oss_and_stack/management/sentinel/,unknown,amber,"Redis Docs · 待核实"
backend,dbs-c7,dbs-c7-s5,"集群模式",1,2026-09-03,低,官方,5,https://redis.io/docs/latest/operate/oss_and_stack/management/scaling/,unknown,amber,"Redis Docs · 待核实"
backend,dbs-c8,dbs-c8-s1,"Redis 事务基础",1,2026-09-03,低,官方,4,https://redis.io/docs/latest/develop/use/transactions/,unknown,amber,"Redis Docs · 待核实"
backend,dbs-c8,dbs-c8-s2,"WATCH 与乐观锁",1,2026-09-03,低,官方,4,https://redis.io/docs/latest/commands/watch/,unknown,amber,"Redis Docs · 待核实"
backend,dbs-c8,dbs-c8-s3,"Lua 脚本基础",1,2026-09-03,低,官方,6,https://redis.io/docs/latest/commands/eval/,unknown,amber,"Redis Docs · 待核实"
backend,dbs-c8,dbs-c8-s4,"Lua 脚本进阶",1,2026-09-03,低,官方,5,https://redis.io/docs/latest/commands/eval/,unknown,amber,"Redis Docs · 待核实"
backend,dbs-c8,dbs-c8-s5,"事务与脚本的对比",1,2026-09-03,低,官方,4,https://redis.io/docs/latest/develop/using-commands/transactions/,unknown,amber,"Redis Docs · 待核实"
backend,dbs-c9,dbs-c9-s1,"关系型 vs NoSQL 存储模型",1,2026-09-03,低,官方,10,https://dev.mysql.com/doc/refman/8.0/en/create-table.html,proprietary,red,"Oracle MySQL 手册 · 明示禁止复制·再分发"
backend,dbs-c9,dbs-c9-s2,"索引机制对比",1,2026-09-03,低,官方,6,https://dev.mysql.com/doc/refman/8.0/en/innodb-index-types.html,proprietary,red,"Oracle MySQL 手册 · 明示禁止复制·再分发"
backend,dbs-c9,dbs-c9-s3,"事务与一致性对比",1,2026-09-03,低,官方,8,https://dev.mysql.com/doc/refman/8.0/en/innodb-transaction-isolation-levels.html,proprietary,red,"Oracle MySQL 手册 · 明示禁止复制·再分发"
backend,dbs-c9,dbs-c9-s4,"性能与扩展性",1,2026-09-03,低,官方,6,https://dev.mysql.com/doc/refman/8.0/en/replication.html,proprietary,red,"Oracle MySQL 手册 · 明示禁止复制·再分发"
backend,dbs-c9,dbs-c9-s5,"选型决策指南",1,2026-09-03,低,官方,6,https://dev.mysql.com/doc/refman/8.0/en/innodb-transaction-model.html,proprietary,red,"Oracle MySQL 手册 · 明示禁止复制·再分发"
backend,dbs-c10,dbs-c10-s1,"项目设计：电商系统数据层",1,2026-09-03,低,官方,6,https://dev.mysql.com/doc/refman/8.0/en/glossary.html#glos_normalization,proprietary,red,"Oracle MySQL 手册 · 明示禁止复制·再分发"
backend,dbs-c10,dbs-c10-s2,"事务一致性实现",1,2026-09-03,低,官方,6,https://dev.mysql.com/doc/refman/8.0/en/commit.html,proprietary,red,"Oracle MySQL 手册 · 明示禁止复制·再分发"
backend,dbs-c10,dbs-c10-s3,"缓存与数据库一致性",1,2026-09-03,低,官方,6,https://dev.mysql.com/doc/refman/8.0/en/query-cache.html,proprietary,red,"Oracle MySQL 手册 · 明示禁止复制·再分发"
backend,dbs-c10,dbs-c10-s4,"高可用部署",1,2026-09-03,低,官方,7,https://dev.mysql.com/doc/refman/8.0/en/replication.html,proprietary,red,"Oracle MySQL 手册 · 明示禁止复制·再分发"
backend,dbs-c10,dbs-c10-s5,"性能调优与监控",1,2026-09-03,低,官方,6,https://dev.mysql.com/doc/refman/8.0/en/slow-query-log.html,proprietary,red,"Oracle MySQL 手册 · 明示禁止复制·再分发"
backend,bd-c1,bd-c1-s1,"Spark 概述与架构",1,2026-09-03,低,官方,10,https://spark.apache.org/docs/latest/sql-programming-guide.html,unknown,amber,"其他来源 · 待核实"
backend,bd-c1,bd-c1-s2,"RDD 编程模型",1,2026-09-03,低,官方,7,https://spark.apache.org/docs/latest/rdd-programming-guide.html,unknown,amber,"其他来源 · 待核实"
backend,bd-c1,bd-c1-s3,"DataFrame 与 Spark SQL",1,2026-09-03,低,官方,8,https://spark.apache.org/docs/latest/sql-programming-guide.html#datasets-and-dataframes,unknown,amber,"其他来源 · 待核实"
backend,bd-c1,bd-c1-s4,"Spark 数据源与读写",1,2026-09-03,低,官方,6,https://spark.apache.org/docs/latest/sql-data-sources.html,unknown,amber,"其他来源 · 待核实"
backend,bd-c1,bd-c1-s5,"数据仓库建模与 Hive 实践",1,2026-09-03,低,官方,5,https://cwiki.apache.org/confluence/display/Hive/LanguageManual+DDL,unknown,amber,"其他来源 · 待核实"
backend,bd-c2,bd-c2-s1,"Spark 作业执行原理",1,2026-09-03,低,官方,5,https://spark.apache.org/docs/latest/rdd-programming-guide.html#rdd-operations,unknown,amber,"其他来源 · 待核实"
backend,bd-c2,bd-c2-s2,"性能调优实践",1,2026-09-03,低,官方,4,https://spark.apache.org/docs/latest/tuning.html#memory-management-overview,unknown,amber,"其他来源 · 待核实"
backend,bd-c2,bd-c2-s3,"Structured Streaming 基础",1,2026-09-03,低,官方,6,https://spark.apache.org/docs/latest/structured-streaming-programming-guide.html#overview,unknown,amber,"其他来源 · 待核实"
backend,bd-c2,bd-c2-s4,"Spark 在离线数仓中的应用模式",1,2026-09-03,低,官方,4,https://spark.apache.org/docs/latest/sql-data-sources.html,unknown,amber,"其他来源 · 待核实"
backend,bd-c2,bd-c2-s5,"Spark 性能调优",1,2026-09-03,低,官方,8,https://spark.apache.org/docs/latest/tuning.html#memory-management-overview,unknown,amber,"其他来源 · 待核实"
backend,bd-c3,bd-c3-s1,"Kafka 架构与核心概念",1,2026-09-03,低,官方,6,https://kafka.apache.org/documentation/#intro_brokers,unknown,amber,"其他来源 · 待核实"
backend,bd-c3,bd-c3-s2,"生产者 API 与消息发送",1,2026-09-03,低,官方,7,https://kafka.apache.org/35/javadoc/org/apache/kafka/clients/producer/KafkaProducer.html,unknown,amber,"其他来源 · 待核实"
backend,bd-c3,bd-c3-s3,"消费者 API 与消费组",1,2026-09-03,低,官方,5,https://kafka.apache.org/35/javadoc/org/apache/kafka/clients/consumer/KafkaConsumer.html,unknown,amber,"其他来源 · 待核实"
backend,bd-c3,bd-c3-s4,"Kafka 存储与可靠性",1,2026-09-03,低,官方,7,https://kafka.apache.org/documentation/#design_log,unknown,amber,"其他来源 · 待核实"
backend,bd-c3,bd-c3-s5,"Kafka Connect 与流处理集成",1,2026-09-03,低,官方,7,https://kafka.apache.org/documentation/#connect,unknown,amber,"其他来源 · 待核实"
backend,bd-c3,bd-c3-s6,"Kafka 在实时数仓中的角色",1,2026-09-03,低,官方,6,https://kafka.apache.org/documentation/#intro_concepts_and_terms,unknown,amber,"其他来源 · 待核实"
backend,bd-c4,bd-c4-s1,"Hive 架构与安装部署",1,2026-09-03,低,官方,4,https://hive.apache.org/,unknown,amber,"其他来源 · 待核实"
backend,bd-c4,bd-c4-s2,"Hive 数据模型与 DDL",1,2026-09-03,低,官方,6,https://cwiki.apache.org/confluence/display/Hive/LanguageManual+DDL#LanguageManualDDL-DropTable,unknown,amber,"其他来源 · 待核实"
backend,bd-c4,bd-c4-s3,"HiveQL 查询基础",1,2026-09-03,低,官方,5,https://cwiki.apache.org/confluence/display/Hive/LanguageManual+Select,unknown,amber,"其他来源 · 待核实"
backend,bd-c4,bd-c4-s4,"Hive 数据格式与文件存储",1,2026-09-03,低,官方,4,https://hive.apache.org/javadocs/r3.1.3/api/org/apache/hadoop/hive/ql/io/orc/package-summary.html,unknown,amber,"其他来源 · 待核实"
backend,bd-c4,bd-c4-s5,"Hive 与 Spark 集成",1,2026-09-03,低,官方,6,https://spark.apache.org/docs/latest/sql-data-sources-hive-tables.html,unknown,amber,"其他来源 · 待核实"
backend,bd-c5,bd-c5-s1,"Hive 查询优化",1,2026-09-03,低,官方,6,https://cwiki.apache.org/confluence/display/Hive/LanguageManual+Explain,unknown,amber,"其他来源 · 待核实"
backend,bd-c5,bd-c5-s2,"Hive 事务与 ACID 支持",1,2026-09-03,低,官方,6,https://cwiki.apache.org/confluence/display/Hive/Hive+Transactions#HiveTransactions-CreatingTables,unknown,amber,"其他来源 · 待核实"
backend,bd-c5,bd-c5-s3,"数仓分层架构设计",1,2026-09-03,低,官方,7,https://hive.apache.org//,unknown,amber,"其他来源 · 待核实"
backend,bd-c5,bd-c5-s4,"Hive 数据质量与治理",1,2026-09-03,低,官方,6,https://cwiki.apache.org/confluence/display/Hive/Statistics,unknown,amber,"其他来源 · 待核实"
backend,bd-c6,bd-c6-s1,"离线与实时链路整合",1,2026-09-03,低,官方,6,https://spark.apache.org/docs/latest/,unknown,amber,"其他来源 · 待核实"
backend,bd-c6,bd-c6-s2,"实时数仓分层实现",1,2026-09-03,低,官方,5,https://kafka.apache.org/documentation/#intro_concepts_and_terms,unknown,amber,"其他来源 · 待核实"
backend,bd-c6,bd-c6-s3,"BI 供数架构与数据服务",1,2026-09-03,低,官方,8,https://help.tableau.com/current/pro/desktop/zh-cn/connecting.htm,unknown,amber,"其他来源 · 待核实"
backend,bd-c6,bd-c6-s4,"数据一致性与延迟保障",1,2026-09-03,低,官方,7,https://spark.apache.org/docs/latest/streaming-programming-guide.html,unknown,amber,"其他来源 · 待核实"
backend,bd-c6,bd-c6-s5,"数据安全与权限管控",1,2026-09-03,低,官方,7,https://cwiki.apache.org/confluence/display/Hive/SQL+Standard+Based+Authorization,unknown,amber,"其他来源 · 待核实"
backend,bd-c6,bd-c6-s6,"全链路监控与运维",1,2026-09-03,低,官方,4,https://kafka.apache.org/documentation/#monitoring,unknown,amber,"其他来源 · 待核实"
backend,gm-c1,gm-c1-s1,"Colyseus 简介与安装",1,2026-09-03,低,官方,6,https://colyseus.io/docs/,unknown,amber,"其他来源 · 待核实"
backend,gm-c1,gm-c1-s2,"第一个房间与客户端连接",1,2026-09-03,低,官方,5,https://colyseus.io/docs/api/room/,unknown,amber,"其他来源 · 待核实"
backend,gm-c1,gm-c1-s3,"房间生命周期与状态同步",1,2026-09-03,低,官方,4,https://colyseus.io/docs/room-lifecycle/,unknown,amber,"其他来源 · 待核实"
backend,gm-c1,gm-c1-s4,"Buffer、Stream 与事件发射器",1,2026-09-03,低,官方,6,https://nodejs.org/en/learn/modules/anatomy-of-an-http-transaction,mit,green,"Node.js Docs · MIT 类"
backend,gm-c1,gm-c1-s5,"HTTP 模块与路由基础",1,2026-09-03,低,官方,15,https://nodejs.org/en/learn/modules/anatomy-of-an-http-transaction,mit,green,"Node.js Docs · MIT 类"
backend,gm-c1,gm-c1-s6,"调试与性能监控基础",1,2026-09-03,低,官方,5,https://nodejs.org/en/learn/command-line/nodejs-with-typescript#console,mit,green,"Node.js Docs · MIT 类"
backend,gm-c2,gm-c2-s1,"Schema 定义与类型",1,2026-09-03,低,官方,4,https://colyseus.io/docs/api/schema/,unknown,amber,"其他来源 · 待核实"
backend,gm-c2,gm-c2-s2,"状态变更与补丁同步",1,2026-09-03,低,官方,5,https://colyseus.io/docs/state-synchronization/,unknown,amber,"其他来源 · 待核实"
backend,gm-c2,gm-c2-s3,"房间内消息与广播",1,2026-09-03,低,官方,5,https://colyseus.io/docs/api/room/#onmessage-type-callback,unknown,amber,"其他来源 · 待核实"
backend,gm-c2,gm-c2-s4,"状态验证与授权",1,2026-09-03,低,官方,3,https://colyseus.io/docs/api/room/#onjoin-client-client-options-any-ctx-any,unknown,amber,"其他来源 · 待核实"
backend,gm-c2,gm-c2-s5,"错误处理与健壮性设计",1,2026-09-03,低,官方,6,https://nodejs.org/en/learn/asynchronous-work/error-handling-in-nodejs,mit,green,"Node.js Docs · MIT 类"
backend,gm-c3,gm-c3-s1,"房间匹配与创建",1,2026-09-03,低,官方,3,https://colyseus.io/docs/api/matchmaker/,unknown,amber,"其他来源 · 待核实"
backend,gm-c3,gm-c3-s2,"房间生命周期管理",1,2026-09-03,低,官方,5,https://colyseus.io/docs/api/room/,unknown,amber,"其他来源 · 待核实"
backend,gm-c3,gm-c3-s3,"多房间与进程扩展",1,2026-09-03,低,官方,6,https://colyseus.io/docs/architecture/,unknown,amber,"其他来源 · 待核实"
backend,gm-c3,gm-c3-s4,"性能优化与监控",1,2026-09-03,低,官方,6,https://nodejs.org/en/learn/diagnostics/flame-graphs,mit,green,"Node.js Docs · MIT 类"
backend,gm-c3,gm-c3-s5,"消息处理与通信",1,2026-09-03,低,官方,4,https://docs.colyseus.io/client/client/#send-type-message,unknown,amber,"其他来源 · 待核实"
backend,gm-c4,gm-c4-s1,"Node.js 事件循环与异步模型",1,2026-09-03,低,官方,8,https://nodejs.org/en/learn/asynchronous-work/event-loop-timers-and-nexttick,mit,green,"Node.js Docs · MIT 类"
backend,gm-c4,gm-c4-s2,"Buffer 与流",1,2026-09-03,低,官方,6,https://nodejs.org/en/learn/command-line/nodejs-with-typescript#buffers,mit,green,"Node.js Docs · MIT 类"
backend,gm-c4,gm-c4-s3,"网络编程与 Socket",1,2026-09-03,低,官方,8,https://nodejs.org/en/learn/modules/net-module,mit,green,"Node.js Docs · MIT 类"
backend,gm-c4,gm-c4-s4,"Cluster 模块与多进程",1,2026-09-03,低,官方,7,https://nodejs.org/en/learn/asynchronous-work/understanding-the-cluster-module,mit,green,"Node.js Docs · MIT 类"
backend,gm-c5,gm-c5-s1,"WebSocket 协议与握手",1,2026-09-03,低,官方,6,https://developer.mozilla.org/en-US/docs/Web/API/WebSocket,cc-by-sa,amber,"MDN · CC-BY-SA（相同方式分享，具传染性）"
backend,gm-c5,gm-c5-s2,"WebSocket 客户端与心跳",1,2026-09-03,低,官方,4,https://colyseus.io/docs/client/client/,unknown,amber,"其他来源 · 待核实"
backend,gm-c5,gm-c5-s3,"广播与房间实现",1,2026-09-03,低,官方,7,https://github.com/websockets/ws,unknown,amber,"其他来源 · 待核实"
backend,gm-c5,gm-c5-s4,"与 Colyseus 集成",1,2026-09-03,低,官方,8,https://github.com/websockets/ws,unknown,amber,"其他来源 · 待核实"
backend,gm-c6,gm-c6-s1,"负载均衡与反向代理",1,2026-09-03,低,官方,6,https://nginx.org/en/docs/http/websocket.html,unknown,amber,"Nginx Docs · 待核实（2-clause BSD 类）"
backend,gm-c6,gm-c6-s2,"数据库与缓存优化",1,2026-09-03,低,官方,5,https://colyseus.io/docs/advanced/presence/,unknown,amber,"其他来源 · 待核实"
backend,gm-c6,gm-c6-s3,"内存与垃圾回收调优",1,2026-09-03,低,官方,5,https://nodejs.org/en/learn/diagnostics/memory,mit,green,"Node.js Docs · MIT 类"
backend,gm-c6,gm-c6-s4,"压力测试与基准测试",1,2026-09-03,低,官方,6,https://www.artillery.io/docs,unknown,amber,"其他来源 · 待核实"
backend,gm-c6,gm-c6-s5,"扩展性与负载均衡",1,2026-09-03,低,官方,5,https://colyseus.io/docs/advanced/scale-up/,unknown,amber,"其他来源 · 待核实"
backend,gm-c7,gm-c7-s1,"项目设计与架构",1,2026-09-03,低,官方,5,https://colyseus.io/docs/,unknown,amber,"其他来源 · 待核实"
backend,gm-c7,gm-c7-s2,"实现核心同步逻辑",1,2026-09-03,低,官方,6,https://colyseus.io/docs/api/room/,unknown,amber,"其他来源 · 待核实"
backend,gm-c7,gm-c7-s3,"前端集成与用户体验",1,2026-09-03,低,官方,5,https://colyseus.io/docs/api/client/,unknown,amber,"其他来源 · 待核实"
backend,gm-c7,gm-c7-s4,"部署与运维",1,2026-09-03,低,官方,7,https://colyseus.io/docs/configuration/,unknown,amber,"其他来源 · 待核实"
backend,gm-c7,gm-c7-s5,"性能调优与压力测试",1,2026-09-03,低,官方,7,https://www.artillery.io/docs,unknown,amber,"其他来源 · 待核实"
backend,gm-c8,gm-c8-s1,"项目需求与架构设计",1,2026-09-03,低,官方,6,https://colyseus.io/docs/state-sync/,unknown,amber,"其他来源 · 待核实"
backend,gm-c8,gm-c8-s2,"实现服务器端逻辑",1,2026-09-03,低,官方,6,https://colyseus.io/docs/state-synchronization/,unknown,amber,"其他来源 · 待核实"
backend,gm-c8,gm-c8-s3,"实现客户端交互",1,2026-09-03,低,官方,6,https://colyseus.io/docs/using-the-client-sdk/,unknown,amber,"其他来源 · 待核实"
backend,gm-c8,gm-c8-s4,"测试与优化",1,2026-09-03,低,官方,7,https://colyseus.io/docs/colyseus/room/#testing,unknown,amber,"其他来源 · 待核实"
backend,gm-c8,gm-c8-s5,"部署与运维",1,2026-09-03,低,官方,7,https://colyseus.io/docs/deployment/,unknown,amber,"其他来源 · 待核实"
backend,sd-c1,sd-c1-s1,"自动化测试概述",1,2026-09-03,低,官方,6,https://www.selenium.dev/documentation/overview/,unknown,amber,"其他来源 · 待核实"
backend,sd-c1,sd-c1-s2,"Playwright安装与配置",1,2026-09-03,低,官方,6,https://playwright.dev/docs/intro#system-requirements,unknown,amber,"其他来源 · 待核实"
backend,sd-c1,sd-c1-s3,"Selenium安装与配置",1,2026-09-03,低,官方,7,https://www.selenium.dev/documentation/webdriver/,unknown,amber,"其他来源 · 待核实"
backend,sd-c2,sd-c2-s1,"启动与关闭浏览器",1,2026-09-03,低,官方,9,https://playwright.dev/docs/intro,unknown,amber,"其他来源 · 待核实"
backend,sd-c2,sd-c2-s2,"页面导航与URL处理",1,2026-09-03,低,官方,9,https://playwright.dev/docs/api/class-page#page-goto,unknown,amber,"其他来源 · 待核实"
backend,sd-c2,sd-c2-s3,"定位元素基础",1,2026-09-03,低,官方,6,https://www.selenium.dev/documentation/webdriver/elements/locators/,unknown,amber,"其他来源 · 待核实"
backend,sd-c2,sd-c2-s4,"基础交互操作",1,2026-09-03,低,官方,12,https://playwright.dev/docs/input,unknown,amber,"其他来源 · 待核实"
backend,sd-c3,sd-c3-s1,"等待机制概述",1,2026-09-03,低,官方,6,https://www.selenium.dev/documentation/webdriver/waits/,unknown,amber,"其他来源 · 待核实"
backend,sd-c3,sd-c3-s2,"Playwright中的等待",1,2026-09-03,低,官方,7,https://playwright.dev/docs/actionability,unknown,amber,"其他来源 · 待核实"
backend,sd-c3,sd-c3-s3,"Selenium中的等待",1,2026-09-03,低,官方,6,https://www.selenium.dev/documentation/webdriver/waits/,unknown,amber,"其他来源 · 待核实"
backend,sd-c4,sd-c4-s1,"表单元素操作",1,2026-09-03,低,官方,8,https://playwright.dev/docs/input#checkbox-and-radio-buttons,unknown,amber,"其他来源 · 待核实"
backend,sd-c4,sd-c4-s2,"文件上传与下载",1,2026-09-03,低,官方,4,https://playwright.dev/docs/input#upload-file,unknown,amber,"其他来源 · 待核实"
backend,sd-c4,sd-c4-s3,"鼠标与键盘高级操作",1,2026-09-03,低,官方,8,https://playwright.dev/docs/input/actions#mouse-move,unknown,amber,"其他来源 · 待核实"
backend,sd-c5,sd-c5-s1,"POM设计模式",1,2026-09-03,低,官方,5,https://playwright.dev/docs/pom,unknown,amber,"其他来源 · 待核实"
backend,sd-c5,sd-c5-s2,"实现页面对象",1,2026-09-03,低,官方,3,https://playwright.dev/docs/pom,unknown,amber,"其他来源 · 待核实"
backend,sd-c5,sd-c5-s3,"POM在Playwright与Selenium中的应用",1,2026-09-03,低,官方,3,https://playwright.dev/docs/pom,unknown,amber,"其他来源 · 待核实"
backend,sd-c6,sd-c6-s1,"多标签与多窗口管理",1,2026-09-03,低,官方,6,https://playwright.dev/docs/pages#popups,unknown,amber,"其他来源 · 待核实"
backend,sd-c6,sd-c6-s2,"弹窗与对话框处理",1,2026-09-03,低,官方,3,https://playwright.dev/docs/dialogs,unknown,amber,"其他来源 · 待核实"
backend,sd-c6,sd-c6-s3,"执行JavaScript",1,2026-09-03,低,官方,4,https://playwright.dev/docs/api/class-page#page-evaluate,unknown,amber,"其他来源 · 待核实"
backend,sd-c7,sd-c7-s1,"浏览器上下文与用户会话",1,2026-09-03,低,官方,10,https://playwright.dev/docs/browsers#browser-contexts,unknown,amber,"其他来源 · 待核实"
backend,sd-c7,sd-c7-s2,"网络拦截与模拟",1,2026-09-03,低,官方,5,https://playwright.dev/docs/network,unknown,amber,"其他来源 · 待核实"
backend,sd-c7,sd-c7-s3,"Cookies与存储管理",1,2026-09-03,低,官方,5,https://playwright.dev/docs/api/class-browsercontext#browser-context-cookies,unknown,amber,"其他来源 · 待核实"
backend,sd-c8,sd-c8-s1,"测试框架选择与集成",1,2026-09-03,低,官方,14,https://jestjs.io/docs/getting-started,unknown,amber,"其他来源 · 待核实"
backend,sd-c8,sd-c8-s2,"编写测试用例与断言",1,2026-09-03,低,官方,3,https://playwright.dev/docs/intro,unknown,amber,"其他来源 · 待核实"
backend,sd-c8,sd-c8-s3,"测试组织与运行",1,2026-09-03,低,官方,10,https://playwright.dev/docs/test-annotations#grouping-tests,unknown,amber,"其他来源 · 待核实"
backend,sd-c9,sd-c9-s1,"截图功能",1,2026-09-03,低,官方,6,https://playwright.dev/docs/screenshots,unknown,amber,"其他来源 · 待核实"
backend,sd-c9,sd-c9-s2,"视觉回归测试",1,2026-09-03,低,官方,6,https://playwright.dev/docs/test-snapshots,unknown,amber,"其他来源 · 待核实"
backend,sd-c10,sd-c10-s1,"设备模拟与视口设置",1,2026-09-03,低,官方,6,https://playwright.dev/docs/emulation#devices,unknown,amber,"其他来源 · 待核实"
backend,sd-c10,sd-c10-s2,"触摸与手势模拟",1,2026-09-03,低,官方,6,https://playwright.dev/docs/api/class-touchscreen,unknown,amber,"其他来源 · 待核实"
backend,sd-c11,sd-c11-s1,"CI/CD集成",1,2026-09-03,低,官方,5,https://playwright.dev/docs/ci,unknown,amber,"其他来源 · 待核实"
backend,sd-c11,sd-c11-s2,"云测试平台",1,2026-09-03,低,官方,9,https://www.selenium.dev/documentation/grid/,unknown,amber,"其他来源 · 待核实"
backend,sd-c12,sd-c12-s1,"测试性能优化",1,2026-09-03,低,官方,6,https://playwright.dev/docs/test-parallel,unknown,amber,"其他来源 · 待核实"
backend,sd-c12,sd-c12-s2,"代码质量与可维护性",1,2026-09-03,低,官方,11,https://playwright.dev/docs/test-intro,unknown,amber,"其他来源 · 待核实"
backend,sd-c12,sd-c12-s3,"测试策略与反模式",1,2026-09-03,低,官方,6,https://playwright.dev/docs/writing-tests#auto-waiting,unknown,amber,"其他来源 · 待核实"
backend,sd-c13,sd-c13-s1,"API测试与集成",1,2026-09-03,低,官方,8,https://playwright.dev/docs/api-testing,unknown,amber,"其他来源 · 待核实"
backend,sd-c13,sd-c13-s2,"并行测试执行",1,2026-09-03,低,官方,9,https://playwright.dev/docs/test-parallel,unknown,amber,"其他来源 · 待核实"
backend,sd-c13,sd-c13-s3,"处理动态内容与SPA",1,2026-09-03,低,官方,6,https://playwright.dev/docs/intro#auto-waiting,unknown,amber,"其他来源 · 待核实"
backend,sd-c14,sd-c14-s1,"调试工具与技巧",1,2026-09-03,低,官方,6,https://playwright.dev/docs/debug,unknown,amber,"其他来源 · 待核实"
backend,sd-c14,sd-c14-s2,"日志与报告分析",1,2026-09-03,低,官方,7,https://playwright.dev/docs/debug,unknown,amber,"其他来源 · 待核实"
backend,bw-c1,bw-c1-s1,"Java 语言入门与开发环境",1,2026-09-03,低,官方,6,https://docs.oracle.com/en/java/javase/21/install/overview-jdk-installation.html,proprietary,red,"Oracle Java Docs · 版权保留，限制再分发"
backend,bw-c1,bw-c1-s2,"面向对象编程（OOP）",1,2026-09-03,低,官方,11,https://docs.oracle.com/javase/tutorial/java/javaOO/classes.html,proprietary,red,"Oracle Java Docs · 版权保留，限制再分发"
backend,bw-c1,bw-c1-s3,"异常处理与断言",1,2026-09-03,低,官方,6,https://docs.oracle.com/javase/tutorial/essential/exceptions/index.html,proprietary,red,"Oracle Java Docs · 版权保留，限制再分发"
backend,bw-c1,bw-c1-s4,"泛型与集合框架",1,2026-09-03,低,官方,7,https://docs.oracle.com/javase/tutorial/java/generics/types.html,proprietary,red,"Oracle Java Docs · 版权保留，限制再分发"
backend,bw-c1,bw-c1-s5,"Lambda 表达式与流式编程",1,2026-09-03,低,官方,5,https://docs.oracle.com/javase/tutorial/java/javaOO/lambdaexpressions.html,proprietary,red,"Oracle Java Docs · 版权保留，限制再分发"
backend,bw-c2,bw-c2-s1,"JVM 内存区域与对象访问",1,2026-09-03,低,官方,7,https://docs.oracle.com/javase/specs/jvms/se17/html/jvms-2.html#jvms-2.5.1,proprietary,red,"Oracle Java Docs · 版权保留，限制再分发"
backend,bw-c2,bw-c2-s2,"垃圾回收（GC）机制",1,2026-09-03,低,官方,5,https://docs.oracle.com/en/java/javase/17/gctuning/introduction-garbage-collection-tuning.html,proprietary,red,"Oracle Java Docs · 版权保留，限制再分发"
backend,bw-c2,bw-c2-s3,"类加载机制与字节码",1,2026-09-03,低,官方,6,https://docs.oracle.com/javase/specs/jls/se21/html/jls-12.html#jls-12.4.1,proprietary,red,"Oracle Java Docs · 版权保留，限制再分发"
backend,bw-c2,bw-c2-s4,"JVM 调优与故障排查",1,2026-09-03,低,官方,8,https://docs.oracle.com/en/java/javase/17/docs/specs/man/java.html,proprietary,red,"Oracle Java Docs · 版权保留，限制再分发"
backend,bw-c3,bw-c3-s1,"线程基础与生命周期",1,2026-09-03,低,官方,3,https://docs.oracle.com/javase/tutorial/essential/concurrency/runthread.html,proprietary,red,"Oracle Java Docs · 版权保留，限制再分发"
backend,bw-c3,bw-c3-s2,"线程安全与同步机制",1,2026-09-03,低,官方,6,https://docs.oracle.com/javase/tutorial/essential/concurrency/sync.html,proprietary,red,"Oracle Java Docs · 版权保留，限制再分发"
backend,bw-c3,bw-c3-s3,"并发工具类与原子类",1,2026-09-03,低,官方,6,https://docs.oracle.com/en/java/javase/17/docs/api/java.base/java/util/concurrent/CountDownLatch.html,proprietary,red,"Oracle Java Docs · 版权保留，限制再分发"
backend,bw-c3,bw-c3-s4,"线程池与异步编程",1,2026-09-03,低,官方,6,https://docs.oracle.com/javase/tutorial/essential/concurrency/executors.html,proprietary,red,"Oracle Java Docs · 版权保留，限制再分发"
backend,bw-c4,bw-c4-s1,"Spring 概述与 IoC 容器",1,2026-09-03,低,官方,6,https://docs.spring.io/spring-framework/docs/current/reference/html/overview.html#spring-introduction,apache-2.0,green,"Spring Docs · Apache-2.0"
backend,bw-c4,bw-c4-s2,"依赖注入（DI）与 Bean 生命周期",1,2026-09-03,低,官方,5,https://docs.spring.io/spring-framework/reference/core/beans/dependencies/factory-collaborators.html,apache-2.0,green,"Spring Docs · Apache-2.0"
backend,bw-c4,bw-c4-s3,"面向切面编程（AOP）",1,2026-09-03,低,官方,5,https://docs.spring.io/spring-framework/docs/current/reference/html/core.html#aop-introduction-defn,apache-2.0,green,"Spring Docs · Apache-2.0"
backend,bw-c4,bw-c4-s4,"Spring 事务管理",1,2026-09-03,低,官方,5,https://docs.spring.io/spring-framework/docs/current/reference/html/data-access.html#transaction,apache-2.0,green,"Spring Docs · Apache-2.0"
backend,bw-c4,bw-c4-s5,"Spring 测试与 Web 集成",1,2026-09-03,低,官方,6,https://docs.spring.io/spring-framework/docs/current/reference/html/testing.html#testing-introduction,apache-2.0,green,"Spring Docs · Apache-2.0"
backend,bw-c5,bw-c5-s1,"Spring Boot 入门与自动配置",1,2026-09-03,低,官方,6,https://docs.spring.io/spring-boot/docs/current/reference/html/,apache-2.0,green,"Spring Docs · Apache-2.0"
backend,bw-c5,bw-c5-s2,"Spring Boot Starter 与 Web 开发",1,2026-09-03,低,官方,6,https://docs.spring.io/spring-boot/docs/current/reference/html/using.html#using.build-systems.starter,apache-2.0,green,"Spring Docs · Apache-2.0"
backend,bw-c5,bw-c5-s3,"Spring Boot Actuator 与监控",1,2026-09-03,低,官方,4,https://docs.spring.io/spring-boot/docs/current/reference/html/actuator.html,apache-2.0,green,"Spring Docs · Apache-2.0"
backend,bw-c5,bw-c5-s4,"微服务架构与 Spring Cloud",1,2026-09-03,低,官方,6,https://spring.io/guides,apache-2.0,green,"Spring Docs · Apache-2.0"
backend,bw-c5,bw-c5-s5,"Spring Cloud 配置中心与消息驱动",1,2026-09-03,低,官方,7,https://docs.spring.io/spring-cloud-config/docs/current/reference/html/,apache-2.0,green,"Spring Docs · Apache-2.0"
backend,bw-c6,bw-c6-s1,"Spring JDBC 与 JdbcTemplate",1,2026-09-03,低,官方,5,https://docs.spring.io/spring-boot/docs/current/reference/html/data.html#data.sql.datasource.production,apache-2.0,green,"Spring Docs · Apache-2.0"
backend,bw-c6,bw-c6-s2,"JPA 与 Hibernate",1,2026-09-03,低,官方,5,https://jakarta.ee/specifications/persistence/3.1/jakarta-persistence-spec-3.1.html#a10882,unknown,amber,"其他来源 · 待核实"
backend,bw-c6,bw-c6-s3,"MyBatis 集成",1,2026-09-03,低,官方,5,https://mybatis.org/mybatis-3/getting-started.html,unknown,amber,"其他来源 · 待核实"
backend,bw-c6,bw-c6-s4,"事务与数据一致性",1,2026-09-03,低,官方,6,https://docs.spring.io/spring-framework/docs/current/reference/html/data-access.html#transaction,apache-2.0,green,"Spring Docs · Apache-2.0"
backend,bw-c6,bw-c6-s5,"数据库性能优化",1,2026-09-03,低,官方,7,https://dev.mysql.com/doc/refman/8.0/en/mysql-indexes.html,proprietary,red,"Oracle MySQL 手册 · 明示禁止复制·再分发"
backend,bw-c7,bw-c7-s1,"Spring Security 基础",1,2026-09-03,低,官方,7,https://docs.spring.io/spring-security/reference/servlet/architecture.html#servlet-securityfilterchain,apache-2.0,green,"Spring Docs · Apache-2.0"
backend,bw-c7,bw-c7-s2,"认证与授权进阶",1,2026-09-03,低,官方,5,https://docs.spring.io/spring-security/site/docs/current/api/org/springframework/security/core/GrantedAuthority.html,apache-2.0,green,"Spring Docs · Apache-2.0"
backend,bw-c7,bw-c7-s3,"OAuth2 与 JWT",1,2026-09-03,低,官方,9,https://datatracker.ietf.org/doc/html/rfc6749#section-1.1,unknown,amber,"其他来源 · 待核实"
backend,bw-c7,bw-c7-s4,"安全防护与最佳实践",1,2026-09-03,低,官方,6,https://docs.spring.io/spring-security/reference/features/exploits/csrf.html,apache-2.0,green,"Spring Docs · Apache-2.0"
backend,bw-c8,bw-c8-s1,"Spring Cloud 高级组件",1,2026-09-03,低,官方,5,https://spring.io/guides/spring-cloud-circuit-breaker,apache-2.0,green,"Spring Docs · Apache-2.0"
backend,bw-c8,bw-c8-s2,"Spring Cloud Data Flow",1,2026-09-03,低,官方,7,https://docs.spring.io/spring-cloud-dataflow/docs/current/reference/htmlsingle/#spring-cloud-dataflow-stream-processing,apache-2.0,green,"Spring Docs · Apache-2.0"
backend,bw-c8,bw-c8-s3,"Spring Native 与 GraalVM",1,2026-09-03,低,官方,5,https://www.graalvm.org/latest/reference-manual/native-image/,unknown,amber,"其他来源 · 待核实"
backend,bw-c8,bw-c8-s4,"云原生部署与容器化",1,2026-09-03,低,官方,7,https://docs.spring.io/spring-boot/docs/current/reference/html/container-images.html,apache-2.0,green,"Spring Docs · Apache-2.0"
backend,bm-c1,bm-c1-s1,"微服务架构的动机与定义",1,2026-09-03,低,官方,7,https://microservices.io/patterns/index.html,cc-by-sa,amber,"microservices.io · CC-BY-SA 类"
backend,bm-c1,bm-c1-s2,"微服务架构模式分类",1,2026-09-03,低,官方,8,https://microservices.io/patterns/index.html,cc-by-sa,amber,"microservices.io · CC-BY-SA 类"
backend,bm-c1,bm-c1-s3,"微服务分解模式",1,2026-09-03,低,官方,5,https://microservices.io/patterns/decomposition/decompose-by-business-capability.html,cc-by-sa,amber,"microservices.io · CC-BY-SA 类"
backend,bm-c2,bm-c2-s1,"同步通信模式",1,2026-09-03,低,官方,7,https://microservices.io/patterns/utility/restful-service.html,cc-by-sa,amber,"microservices.io · CC-BY-SA 类"
backend,bm-c2,bm-c2-s2,"异步通信模式",1,2026-09-03,低,官方,3,https://microservices.io/patterns/index.html,cc-by-sa,amber,"microservices.io · CC-BY-SA 类"
backend,bm-c2,bm-c2-s3,"服务发现与路由",1,2026-09-03,低,官方,9,https://microservices.io/patterns/service-registry.html,cc-by-sa,amber,"microservices.io · CC-BY-SA 类"
backend,bm-c3,bm-c3-s1,"服务注册与发现",1,2026-09-03,低,官方,7,https://microservices.io/patterns/service-registry.html,cc-by-sa,amber,"microservices.io · CC-BY-SA 类"
backend,bm-c3,bm-c3-s2,"客户端负载均衡",1,2026-09-03,低,官方,7,https://microservices.io/patterns/client-side-discovery.html,cc-by-sa,amber,"microservices.io · CC-BY-SA 类"
backend,bm-c3,bm-c3-s3,"容错模式：熔断与隔离",1,2026-09-03,低,官方,4,https://microservices.io/patterns/reliability/circuit-breaker.html,cc-by-sa,amber,"microservices.io · CC-BY-SA 类"
backend,bm-c3,bm-c3-s4,"配置管理",1,2026-09-03,低,官方,10,https://docs.spring.io/spring-cloud-config/docs/current/reference/html/,apache-2.0,green,"Spring Docs · Apache-2.0"
backend,bm-c4,bm-c4-s1,"API网关模式",1,2026-09-03,低,官方,4,https://microservices.io/patterns/apigateway.html,cc-by-sa,amber,"microservices.io · CC-BY-SA 类"
backend,bm-c4,bm-c4-s2,"Spring Cloud Gateway",1,2026-09-03,低,官方,5,https://docs.spring.io/spring-cloud-commons/docs/current/reference/html/#gateway-starter,apache-2.0,green,"Spring Docs · Apache-2.0"
backend,bm-c4,bm-c4-s3,"网关与前端模式",1,2026-09-03,低,官方,4,https://microservices.io/patterns/apigateway.html,cc-by-sa,amber,"microservices.io · CC-BY-SA 类"
backend,bm-c5,bm-c5-s1,"数据库 per 服务模式",1,2026-09-03,低,官方,5,https://microservices.io/patterns/data/database-per-service.html,cc-by-sa,amber,"microservices.io · CC-BY-SA 类"
backend,bm-c5,bm-c5-s2,"Saga 分布式事务模式",1,2026-09-03,低,官方,4,https://microservices.io/patterns/data/saga.html,cc-by-sa,amber,"microservices.io · CC-BY-SA 类"
backend,bm-c5,bm-c5-s3,"CQRS 与事件溯源",1,2026-09-03,低,官方,4,https://microservices.io/patterns/data/cqrs.html,cc-by-sa,amber,"microservices.io · CC-BY-SA 类"
backend,bm-c6,bm-c6-s1,"日志聚合",1,2026-09-03,低,官方,3,https://docs.spring.io/spring-cloud-commons/docs/current/reference/html/#traceid-and-spanid,apache-2.0,green,"Spring Docs · Apache-2.0"
backend,bm-c6,bm-c6-s2,"指标监控",1,2026-09-03,低,官方,6,https://docs.spring.io/spring-cloud-commons/docs/current/reference/html/,apache-2.0,green,"Spring Docs · Apache-2.0"
backend,bm-c6,bm-c6-s3,"分布式追踪",1,2026-09-03,低,官方,8,https://microservices.io/patterns/observability/distributed-tracing.html,cc-by-sa,amber,"microservices.io · CC-BY-SA 类"
backend,bm-c7,bm-c7-s1,"身份认证与授权",1,2026-09-03,低,官方,5,https://microservices.io/patterns/security/security.html,cc-by-sa,amber,"microservices.io · CC-BY-SA 类"
backend,bm-c7,bm-c7-s2,"安全通信",1,2026-09-03,低,官方,4,https://microservices.io/patterns/security.html,cc-by-sa,amber,"microservices.io · CC-BY-SA 类"
backend,bm-c7,bm-c7-s3,"弹性模式与自愈",1,2026-09-03,低,官方,6,https://docs.spring.io/spring-cloud-commons/docs/current/reference/html/#spring-cloud-feign-circuit-breaker,apache-2.0,green,"Spring Docs · Apache-2.0"
backend,bm-c8,bm-c8-s1,"容器化部署",1,2026-09-03,低,官方,7,https://docs.docker.com/develop/develop-images/dockerfile_best-practices/,unknown,amber,"Docker Docs · 待核实"
backend,bm-c8,bm-c8-s2,"容器编排",1,2026-09-03,低,官方,9,https://kubernetes.io/docs/concepts/workloads/pods/,cc-by-4.0,green,"Kubernetes Docs · CC-BY-4.0 / Apache-2.0"
backend,bm-c8,bm-c8-s3,"持续集成与持续部署（CI/CD）",1,2026-09-03,低,官方,6,https://microservices.io/patterns/testing.html,cc-by-sa,amber,"microservices.io · CC-BY-SA 类"
backend,bm-c9,bm-c9-s1,"服务网格基础",1,2026-09-03,低,官方,5,https://microservices.io/patterns/sidecar.html,cc-by-sa,amber,"microservices.io · CC-BY-SA 类"
backend,bm-c9,bm-c9-s2,"流量管理",1,2026-09-03,低,官方,7,https://istio.io/latest/docs/concepts/traffic-management/,unknown,amber,"其他来源 · 待核实"
backend,bm-c9,bm-c9-s3,"安全与可观测性增强",1,2026-09-03,低,官方,7,https://microservices.io/patterns/security.html,cc-by-sa,amber,"microservices.io · CC-BY-SA 类"
backend,bm-c10,bm-c10-s1,"微服务测试策略",1,2026-09-03,低,官方,4,https://microservices.io/patterns/testing.html,cc-by-sa,amber,"microservices.io · CC-BY-SA 类"
backend,bm-c10,bm-c10-s2,"部署与发布策略",1,2026-09-03,低,官方,7,https://microservices.io/patterns/deployment/blue-green-deployment.html,cc-by-sa,amber,"microservices.io · CC-BY-SA 类"
backend,bm-c10,bm-c10-s3,"架构演进与重构",1,2026-09-03,低,官方,8,https://microservices.io/patterns/refactoring/strangler-fig.html,cc-by-sa,amber,"microservices.io · CC-BY-SA 类"
backend,bg-c1,bg-c1-s1,"Spark 概述与架构",1,2026-09-03,低,官方,5,https://spark.apache.org/docs/latest/,unknown,amber,"其他来源 · 待核实"
backend,bg-c1,bg-c1-s2,"Spark SQL 与 DataFrame API",1,2026-09-03,低,官方,9,https://spark.apache.org/docs/latest/api/scala/org/apache/spark/sql/Dataset.html,unknown,amber,"其他来源 · 待核实"
backend,bg-c1,bg-c1-s3,"Structured Streaming 基础",1,2026-09-03,低,官方,7,https://spark.apache.org/docs/latest/structured-streaming-programming-guide.html#overview,unknown,amber,"其他来源 · 待核实"
backend,bg-c1,bg-c1-s4,"Structured Streaming 进阶",1,2026-09-03,低,官方,5,https://spark.apache.org/docs/latest/structured-streaming-programming-guide.html#fault-tolerance-semantics,unknown,amber,"其他来源 · 待核实"
backend,bg-c1,bg-c1-s5,"Spark 性能调优与生产化",1,2026-09-03,低,官方,9,https://spark.apache.org/docs/latest/rdd-programming-guide.html#parallelized-collections,unknown,amber,"其他来源 · 待核实"
backend,bg-c2,bg-c2-s1,"Kafka 核心概念与架构",1,2026-09-03,低,官方,9,https://kafka.apache.org/documentation/#intro_topics,unknown,amber,"其他来源 · 待核实"
backend,bg-c2,bg-c2-s2,"生产者与消费者API",1,2026-09-03,低,官方,6,https://kafka.apache.org/documentation/#producerconfigs,unknown,amber,"其他来源 · 待核实"
backend,bg-c2,bg-c2-s3,"Kafka 存储与可靠性",1,2026-09-03,低,官方,5,https://kafka.apache.org/documentation/#design_log,unknown,amber,"其他来源 · 待核实"
backend,bg-c2,bg-c2-s4,"Kafka Connect 与流处理集成",1,2026-09-03,低,官方,5,https://kafka.apache.org/documentation/#connect,unknown,amber,"其他来源 · 待核实"
backend,bg-c2,bg-c2-s5,"Kafka 运维与监控",1,2026-09-03,低,官方,6,https://kafka.apache.org/documentation/#brokerconfigs,unknown,amber,"其他来源 · 待核实"
backend,bg-c3,bg-c3-s1,"Flink 架构与执行模型",1,2026-09-03,低,官方,8,https://nightlies.apache.org/flink/flink-docs-stable/docs/concepts/flink-architecture/,unknown,amber,"其他来源 · 待核实"
backend,bg-c3,bg-c3-s2,"Flink 状态管理与容错",1,2026-09-03,低,官方,6,https://nightlies.apache.org/flink/flink-docs-stable/docs/dev/datastream/fault-tolerance/state/,unknown,amber,"其他来源 · 待核实"
backend,bg-c3,bg-c3-s3,"Flink SQL 与 Table API",1,2026-09-03,低,官方,6,https://nightlies.apache.org/flink/flink-docs-stable/docs/dev/table/concepts/dynamic_tables/,unknown,amber,"其他来源 · 待核实"
backend,bg-c3,bg-c3-s4,"Flink 连接器与数据集成",1,2026-09-03,低,官方,7,https://nightlies.apache.org/flink/flink-docs-stable/docs/connectors/datastream/kafka/,unknown,amber,"其他来源 · 待核实"
backend,bg-c3,bg-c3-s5,"Flink 高级特性与调优",1,2026-09-03,低,官方,4,https://nightlies.apache.org/flink/flink-docs-stable/docs/ops/state/backpressure/,unknown,amber,"其他来源 · 待核实"
backend,bg-c4,bg-c4-s1,"实时数仓分层设计",1,2026-09-03,低,官方,7,https://kafka.apache.org/documentation/#intro_concepts_and_terms,unknown,amber,"其他来源 · 待核实"
backend,bg-c4,bg-c4-s2,"实时数据管道搭建",1,2026-09-03,低,官方,7,https://nightlies.apache.org/flink/flink-docs-stable/docs/connectors/datastream/kafka/,unknown,amber,"其他来源 · 待核实"
backend,bg-c4,bg-c4-s3,"BI供数接口与OLAP存储",1,2026-09-03,低,官方,7,https://doris.apache.org/docs/2.0/getting-started/overview/,unknown,amber,"其他来源 · 待核实"
backend,bg-c4,bg-c4-s4,"实时指标计算与窗口聚合",1,2026-09-03,低,官方,5,https://nightlies.apache.org/flink/flink-docs-stable/docs/dev/table/sql/queries/group-agg/,unknown,amber,"其他来源 · 待核实"
backend,bg-c4,bg-c4-s5,"案例实战与性能优化",1,2026-09-03,低,官方,5,https://nightlies.apache.org/flink/flink-docs-stable/docs/concepts/flink-architecture/,unknown,amber,"其他来源 · 待核实"
backend,be-jvm,be-jvm-s1,"JVM 运行时数据区：线程私有 vs 共享",1,2026-08-02,中,官方(可溯源),1,https://docs.oracle.com/javase/specs/jvms/se17/html/jvms-2.html#jvms-2.5,proprietary,red,"Oracle Java Docs · 版权保留，限制再分发"
backend,be-jvm,be-jvm-s2,"类加载机制：双亲委派与初始化时机",1,2026-08-02,中,官方(可溯源),1,https://docs.oracle.com/javase/specs/jls/se17/html/jls-12.html,proprietary,red,"Oracle Java Docs · 版权保留，限制再分发"
backend,be-jvm,be-jvm-s3,"对象创建与内存布局（对象头/对齐/压缩指针）",1,2026-08-02,中,官方(可溯源),1,https://docs.oracle.com/javase/specs/jvms/se17/html/jvms-2.html#jvms-2.7,proprietary,red,"Oracle Java Docs · 版权保留，限制再分发"
backend,be-jvm,be-jvm-s4,"垃圾回收基础：可达性分析与四种引用",1,2026-08-02,中,官方(可溯源),1,https://docs.oracle.com/en/java/javase/17/docs/api/java.base/java/lang/ref/package-summary.html,proprietary,red,"Oracle Java Docs · 版权保留，限制再分发"
backend,be-jvm,be-jvm-s5,"经典 GC 算法与收集器（Serial/Parallel/CMS/G1/ZGC）",1,2026-08-02,中,官方(可溯源),1,https://docs.oracle.com/en/java/javase/17/gctuning/,proprietary,red,"Oracle Java Docs · 版权保留，限制再分发"
backend,be-jvm,be-jvm-s6,"G1 收集器深入：Region/混合回收/Remember Set",1,2026-08-02,中,官方(可溯源),1,https://docs.oracle.com/en/java/javase/17/gctuning/garbage-first-g1.html,proprietary,red,"Oracle Java Docs · 版权保留，限制再分发"
backend,be-jvm,be-jvm-s7,"JVM 调优与排查工具链（OOM/jstack/jmap/JFR/Arthas）",1,2026-08-02,中,官方(可溯源),1,https://docs.oracle.com/en/java/javase/17/troubleshoot/,proprietary,red,"Oracle Java Docs · 版权保留，限制再分发"
backend,be-dsa,be-dsa-s1,"复杂度分析与大 O 记号",1,2026-08-02,低,官方(可溯源),2,https://docs.oracle.com/en/java/javase/21/docs/api/java.base/java/util/package-summary.html,proprietary,red,"Oracle Java Docs · 版权保留，限制再分发"
backend,be-dsa,be-dsa-s2,"数组与动态数组(ArrayList)",1,2026-08-02,低,官方(可溯源),2,https://docs.python.org/3/library/stdtypes.html,unknown,amber,"其他来源 · 待核实"
backend,be-dsa,be-dsa-s3,"链表(单向/双向/循环)",1,2026-08-02,低,官方(可溯源),2,https://docs.oracle.com/en/java/javase/21/docs/api/java.base/java/util/package-summary.html,proprietary,red,"Oracle Java Docs · 版权保留，限制再分发"
backend,be-dsa,be-dsa-s4,"栈与队列(含 Deque 与阻塞队列)",1,2026-08-02,低,官方(可溯源),3,https://docs.python.org/3/library/queue.html,unknown,amber,"其他来源 · 待核实"
backend,be-dsa,be-dsa-s5,"哈希表(HashMap 原理)",1,2026-08-02,低,官方(可溯源),2,https://docs.python.org/3/library/stdtypes.html,unknown,amber,"其他来源 · 待核实"
backend,be-dsa,be-dsa-s6,"树、堆与平衡树",1,2026-08-02,低,官方(可溯源),2,https://docs.oracle.com/en/java/javase/21/docs/api/java.base/java/util/package-summary.html,proprietary,red,"Oracle Java Docs · 版权保留，限制再分发"
backend,be-dsa,be-dsa-s7,"图与常见算法(BFS/DFS/拓扑/最短路/并查集)",1,2026-08-02,低,官方(可溯源),2,https://neo4j.com/docs/,unknown,amber,"其他来源 · 待核实"
backend,be-dsa,be-dsa-s8,"排序、查找与算法范式",1,2026-08-02,低,官方(可溯源),7,https://docs.oracle.com/en/java/javase/21/docs/api/java.base/java/util/package-summary.html,proprietary,red,"Oracle Java Docs · 版权保留，限制再分发"
backend,be-net,be-net-s1,"网络分层与协议栈(OSI/TCP-IP)",1,2026-08-02,低,官方(可溯源),1,https://man7.org/linux/man-pages/man7/tcp.7.html,proprietary,red,"Linux man-pages · GPL 系 / 版权保留"
backend,be-net,be-net-s2,"TCP 可靠传输与连接管理",1,2026-08-02,低,官方(可溯源),1,https://man7.org/linux/man-pages/man7/tcp.7.html,proprietary,red,"Linux man-pages · GPL 系 / 版权保留"
backend,be-net,be-net-s3,"UDP 与传输层选择",1,2026-08-02,低,官方(可溯源),2,https://man7.org/linux/man-pages/man7/udp.7.html,proprietary,red,"Linux man-pages · GPL 系 / 版权保留"
backend,be-net,be-net-s4,"HTTP 协议与状态码/缓存",1,2026-08-02,低,官方(可溯源),2,https://httpbin.org/get`,unknown,amber,"其他来源 · 待核实"
backend,be-net,be-net-s5,"HTTPS 与 TLS 握手",1,2026-08-02,低,官方(可溯源),2,https://example.com`,unknown,amber,"其他来源 · 待核实"
backend,be-net,be-net-s6,"DNS 与域名解析",1,2026-08-02,低,官方(可溯源),2,https://man7.org/linux/man-pages/man5/resolv.conf.5.html,proprietary,red,"Linux man-pages · GPL 系 / 版权保留"
backend,be-net,be-net-s7,"IO 模型(阻塞/非阻塞/多路复用/异步)",1,2026-08-02,低,官方(可溯源),2,https://man7.org/linux/man-pages/man7/epoll.7.html,proprietary,red,"Linux man-pages · GPL 系 / 版权保留"
backend,be-net,be-net-s8,"网络编程与高性能 IO(Socket/NIO/零拷贝)",1,2026-08-02,低,官方(可溯源),5,https://man7.org/linux/man-pages/man7/tcp.7.html,proprietary,red,"Linux man-pages · GPL 系 / 版权保留"
backend,be-os,be-os-s1,"进程、线程与调度",1,2026-08-02,低,官方(可溯源),3,https://man7.org/linux/man-pages/man2/fork.2.html,proprietary,red,"Linux man-pages · GPL 系 / 版权保留"
backend,be-os,be-os-s2,"进程间通信 IPC",1,2026-08-02,低,官方(可溯源),2,https://man7.org/linux/man-pages/man7/svipc.7.html,proprietary,red,"Linux man-pages · GPL 系 / 版权保留"
backend,be-os,be-os-s3,"虚拟内存与内存管理",1,2026-08-02,低,官方(可溯源),2,https://man7.org/linux/man-pages/man2/mmap.2.html,proprietary,red,"Linux man-pages · GPL 系 / 版权保留"
backend,be-os,be-os-s4,"文件系统与磁盘 IO",1,2026-08-02,低,官方(可溯源),2,https://man7.org/linux/man-pages/man5/filesystems.5.html,proprietary,red,"Linux man-pages · GPL 系 / 版权保留"
backend,be-os,be-os-s5,"Linux 常用命令与排查",1,2026-08-02,低,官方(可溯源),1,https://www.gnu.org/software/coreutils/manual/coreutils.html,unknown,amber,"其他来源 · 待核实"
backend,be-os,be-os-s6,"Shell 与脚本基础",1,2026-08-02,低,官方(可溯源),1,https://www.gnu.org/software/bash/manual/bash.html,unknown,amber,"其他来源 · 待核实"
backend,be-os,be-os-s7,"信号与同步原语",1,2026-08-02,低,官方(可溯源),1,https://man7.org/linux/man-pages/man7/signal.7.html,proprietary,red,"Linux man-pages · GPL 系 / 版权保留"
backend,be-os,be-os-s8,"容器底层：namespace 与 cgroups",1,2026-08-02,低,官方(可溯源),6,https://man7.org/linux/man-pages/man2/fork.2.html,proprietary,red,"Linux man-pages · GPL 系 / 版权保留"
backend,be-c3,be-c3-s1,"Spring IoC 与 DI 容器",1,2026-08-02,高,官方(可溯源),2,https://docs.spring.io/spring-framework/reference/core/beans/introduction.html,apache-2.0,green,"Spring Docs · Apache-2.0"
backend,be-c3,be-c3-s2,"Bean 作用域与生命周期",1,2026-08-02,高,官方(可溯源),1,https://docs.spring.io/spring-boot/docs/current/reference/htmlsingle/,apache-2.0,green,"Spring Docs · Apache-2.0"
backend,be-c3,be-c3-s3,"Spring AOP 与代理机制",1,2026-08-02,高,官方(可溯源),2,https://docs.spring.io/spring-framework/reference/core/aop.html,apache-2.0,green,"Spring Docs · Apache-2.0"
backend,be-c3,be-c3-s4,"Spring 声明式事务",1,2026-08-02,高,官方(可溯源),2,https://docs.spring.io/spring-framework/reference/data-access/transaction.html,apache-2.0,green,"Spring Docs · Apache-2.0"
backend,be-c3,be-c3-s5,"Spring Boot 自动装配原理",1,2026-08-02,高,官方(可溯源),2,https://docs.spring.io/spring-boot/docs/current/reference/htmlsingle/#features.developing-auto-configuration,apache-2.0,green,"Spring Docs · Apache-2.0"
backend,be-c3,be-c3-s6,"Spring Boot 启动流程与 starter",1,2026-08-02,高,官方(可溯源),1,https://docs.spring.io/spring-boot/docs/current/reference/htmlsingle/,apache-2.0,green,"Spring Docs · Apache-2.0"
backend,be-c3,be-c3-s7,"Spring MVC 请求处理流程",1,2026-08-02,高,官方(可溯源),2,https://docs.spring.io/spring-framework/reference/web/webmvc.html,apache-2.0,green,"Spring Docs · Apache-2.0"
backend,be-c3,be-c3-s8,"常用注解与条件化配置",1,2026-08-02,高,官方(可溯源),1,https://docs.spring.io/spring-boot/docs/current/reference/htmlsingle/,apache-2.0,green,"Spring Docs · Apache-2.0"
backend,be-c3,be-c3-s9,"事件机制与发布订阅",1,2026-08-02,高,官方(可溯源),1,https://docs.spring.io/spring-boot/docs/current/reference/htmlsingle/,apache-2.0,green,"Spring Docs · Apache-2.0"
backend,be-c3,be-c3-s10,"循环依赖与三级缓存",1,2026-08-02,高,官方(可溯源),3,https://docs.spring.io/spring-boot/docs/current/reference/htmlsingle/,apache-2.0,green,"Spring Docs · Apache-2.0"
backend,be-msa,be-msa-s1,"微服务是什么：从单体到微服务的权衡",1,2026-08-02,低,官方(可溯源),2,https://microservices.io/,cc-by-sa,amber,"microservices.io · CC-BY-SA 类"
backend,be-msa,be-msa-s2,"服务拆分原则：限界上下文与单一职责",1,2026-08-02,低,官方(可溯源),1,https://learn.microsoft.com/azure/architecture/guide/architecture-styles/microservices,unknown,amber,"其他来源 · 待核实"
backend,be-msa,be-msa-s3,"服务注册与发现：DiscoveryClient 与负载均衡",1,2026-08-02,低,官方(可溯源),2,http://stores/...,unknown,amber,"其他来源 · 待核实"
backend,be-msa,be-msa-s4,"配置中心：外部化配置与动态刷新",1,2026-08-02,低,官方(可溯源),1,https://docs.spring.io/spring-cloud-config/docs/current/reference/html/,apache-2.0,green,"Spring Docs · Apache-2.0"
backend,be-msa,be-msa-s5,"API 网关：Gateway 的路由模型与边缘职责",1,2026-08-02,低,官方(可溯源),1,https://learn.microsoft.com/azure/architecture/guide/architecture-styles/microservices,unknown,amber,"其他来源 · 待核实"
backend,be-msa,be-msa-s6,"熔断、限流与容错：Resilience4j 状态机",1,2026-08-02,低,官方(可溯源),2,https://learn.microsoft.com/en-us/azure/architecture/patterns/,unknown,amber,"其他来源 · 待核实"
backend,be-msa,be-msa-s7,"服务间通信：REST/OpenFeign 与异步消息",1,2026-08-02,低,官方(可溯源),1,https://learn.microsoft.com/azure/architecture/guide/architecture-styles/microservices,unknown,amber,"其他来源 · 待核实"
backend,be-msa,be-msa-s8,"分布式事务：2PC、Saga 与 TCC 的取舍",1,2026-08-02,低,官方(可溯源),2,https://microservices.io/patterns/,cc-by-sa,amber,"microservices.io · CC-BY-SA 类"
backend,be-msa,be-msa-s9,"可观测性：日志、指标与链路追踪三件套",1,2026-08-02,低,官方(可溯源),6,https://microservices.io/,cc-by-sa,amber,"microservices.io · CC-BY-SA 类"
backend,be-dist,be-dist-s1,"CAP 定理与一致性/可用性/分区权衡",1,2026-08-02,低,官方(可溯源),2,https://learn.microsoft.com/en-us/azure/architecture/,unknown,amber,"其他来源 · 待核实"
backend,be-dist,be-dist-s2,"一致性模型：线性一致、因果一致与最终一致",1,2026-08-02,低,官方(可溯源),2,https://docs.aws.amazon.com/amazondynamodb/latest/developerguide/HowItWorks.ReadConsistency.html,unknown,amber,"其他来源 · 待核实"
backend,be-dist,be-dist-s3,"分布式共识：Raft 与 Paxos",1,2026-08-02,低,官方(可溯源),2,https://hbase.apache.org/book.html,unknown,amber,"其他来源 · 待核实"
backend,be-dist,be-dist-s4,"分布式锁：Redlock 的坑与 fencing token",1,2026-08-02,低,官方(可溯源),2,https://redis.io/docs/latest/operate/oss_and_stack/management/replication/,unknown,amber,"Redis Docs · 待核实"
backend,be-dist,be-dist-s5,"分布式 ID：Snowflake 与变种",1,2026-08-02,低,官方(可溯源),2,https://www.mongodb.com/docs/manual/,unknown,amber,"其他来源 · 待核实"
backend,be-dist,be-dist-s6,"分布式限流与熔断的分布式形态",1,2026-08-02,低,官方(可溯源),2,https://learn.microsoft.com/en-us/azure/architecture/patterns/,unknown,amber,"其他来源 · 待核实"
backend,be-dist,be-dist-s7,"数据分片与一致性哈希",1,2026-08-02,低,官方(可溯源),2,https://www.mongodb.com/docs/manual/,unknown,amber,"其他来源 · 待核实"
backend,be-dist,be-dist-s8,"副本与法定人数 Quorum",1,2026-08-02,低,官方(可溯源),2,https://hbase.apache.org/book.html,unknown,amber,"其他来源 · 待核实"
backend,be-dist,be-dist-s9,"时钟与时间：墙上时钟 vs 单调时钟与逻辑时钟",1,2026-08-02,低,官方(可溯源),6,https://learn.microsoft.com/en-us/azure/architecture/,unknown,amber,"其他来源 · 待核实"
backend,be-c4,be-c4-s1,"系统设计方法论:从需求到权衡",1,2026-08-02,低,官方(可溯源),2,https://learn.microsoft.com/en-us/azure/architecture/patterns/,unknown,amber,"其他来源 · 待核实"
backend,be-c4,be-c4-s2,"短链系统设计",1,2026-08-02,低,官方(可溯源),1,https://redis.io/docs/latest/develop/data-types/,unknown,amber,"Redis Docs · 待核实"
backend,be-c4,be-c4-s3,"Feed 流设计:推拉模型",1,2026-08-02,低,官方(可溯源),1,https://www.w3.org/TR/activitypub/,unknown,amber,"其他来源 · 待核实"
backend,be-c4,be-c4-s4,"秒杀/抢购高并发",1,2026-08-02,低,官方(可溯源),2,https://redis.io/docs/latest/develop/data-types/,unknown,amber,"Redis Docs · 待核实"
backend,be-c4,be-c4-s5,"缓存架构:穿透/击穿/雪崩",1,2026-08-02,低,官方(可溯源),2,https://redis.io/docs/latest/develop/data-types/,unknown,amber,"Redis Docs · 待核实"
backend,be-c4,be-c4-s6,"缓存一致性",1,2026-08-02,低,官方(可溯源),2,https://redis.io/docs/latest/operate/oss_and_stack/management/replication/,unknown,amber,"Redis Docs · 待核实"
backend,be-c4,be-c4-s7,"读写分离与分库分表",1,2026-08-02,低,官方(可溯源),2,https://dev.mysql.com/doc/refman/8.4/en/,proprietary,red,"Oracle MySQL 手册 · 明示禁止复制·再分发"
backend,be-c4,be-c4-s8,"限流算法落地:令牌桶/漏桶/滑动窗口",1,2026-08-02,低,官方(可溯源),2,https://learn.microsoft.com/en-us/azure/architecture/patterns/,unknown,amber,"其他来源 · 待核实"
backend,be-c4,be-c4-s9,"CDN 与静态资源优化",1,2026-08-02,低,官方(可溯源),2,https://docs.aws.amazon.com/AmazonCloudFront/latest/DeveloperGuide/Introduction.html,unknown,amber,"其他来源 · 待核实"
backend,be-c4,be-c4-s10,"高可用与容灾:降级/熔断/限流/异地多活",1,2026-08-02,低,官方(可溯源),6,https://learn.microsoft.com/en-us/azure/architecture/patterns/,unknown,amber,"其他来源 · 待核实"
backend,be-c5,be-c5-s1,"设计模式全景：GoF 三大分类与价值",1,2026-08-02,低,官方(可溯源),2,https://docs.oracle.com/en/java/javase/21/docs/api/java.base/java/util/package-summary.html,proprietary,red,"Oracle Java Docs · 版权保留，限制再分发"
backend,be-c5,be-c5-s2,"创建型：单例与工厂方法/抽象工厂",1,2026-08-02,低,官方(可溯源),2,https://docs.oracle.com/en/java/javase/21/docs/api/java.base/java/util/package-summary.html,proprietary,red,"Oracle Java Docs · 版权保留，限制再分发"
backend,be-c5,be-c5-s3,"结构型：适配器、装饰器、代理",1,2026-08-02,低,官方(可溯源),2,https://docs.oracle.com/en/java/javase/21/docs/api/java.base/java/io/FilterInputStream.html,proprietary,red,"Oracle Java Docs · 版权保留，限制再分发"
backend,be-c5,be-c5-s4,"行为型：策略与观察者",1,2026-08-02,低,官方(可溯源),2,https://docs.oracle.com/en/java/javase/21/docs/api/java.base/java/util/Iterator.html,proprietary,red,"Oracle Java Docs · 版权保留，限制再分发"
backend,be-c5,be-c5-s5,"行为型：模板方法与命令",1,2026-08-02,低,官方(可溯源),2,https://docs.oracle.com/en/java/javase/21/docs/api/java.base/java/util/package-summary.html,proprietary,red,"Oracle Java Docs · 版权保留，限制再分发"
backend,be-c5,be-c5-s6,"依赖注入与 IoC",1,2026-08-02,低,官方(可溯源),2,https://jakarta.ee/specifications/cdi/4.0/jakarta-cdi-spec-4.0.html,unknown,amber,"其他来源 · 待核实"
backend,be-c5,be-c5-s7,"SOLID 五大原则",1,2026-08-02,低,官方(可溯源),2,https://jakarta.ee/specifications/cdi/4.0/jakarta-cdi-spec-4.0.html,unknown,amber,"其他来源 · 待核实"
backend,be-c5,be-c5-s8,"DDD 战术：实体/值对象/聚合/仓储",1,2026-08-02,低,官方(可溯源),2,https://learn.microsoft.com/en-us/azure/architecture/patterns/,unknown,amber,"其他来源 · 待核实"
backend,be-c5,be-c5-s9,"架构风格：Clean/Hexagonal 与分层",1,2026-08-02,低,官方(可溯源),1,https://learn.microsoft.com/en-us/azure/architecture/patterns/,unknown,amber,"其他来源 · 待核实"
backend,be-c5,be-c5-s10,"设计反模式与演进",1,2026-08-02,低,官方(可溯源),6,https://docs.oracle.com/en/java/javase/21/docs/api/java.base/java/util/package-summary.html,proprietary,red,"Oracle Java Docs · 版权保留，限制再分发"
backend,be-sec,be-sec-s1,"认证与授权:AAA 基础",1,2026-08-02,低,官方(可溯源),2,https://owasp.org/www-project-top-ten/,unknown,amber,"OWASP · 待核实"
backend,be-sec,be-sec-s2,"会话管理:Cookie/Session 与 JWT",1,2026-08-02,低,官方(可溯源),2,https://jwt.io/introduction,unknown,amber,"其他来源 · 待核实"
backend,be-sec,be-sec-s3,"OAuth 2.0 授权框架",1,2026-08-02,低,官方(可溯源),1,https://oauth.net/2/,unknown,amber,"其他来源 · 待核实"
backend,be-sec,be-sec-s4,"JWT 结构与安全",1,2026-08-02,低,官方(可溯源),1,https://jwt.io/introduction,unknown,amber,"其他来源 · 待核实"
backend,be-sec,be-sec-s5,"密码存储:加盐哈希",1,2026-08-02,低,官方(可溯源),1,https://owasp.org/www-project-cheat-sheets/cheatsheets/Password_Storage_Cheat_Sheet.html,unknown,amber,"OWASP · 待核实"
backend,be-sec,be-sec-s6,"加密基础:对称、非对称与哈希",1,2026-08-02,低,官方(可溯源),2,https://developer.mozilla.org/en-US/docs/Web/Security,cc-by-sa,amber,"MDN · CC-BY-SA（相同方式分享，具传染性）"
backend,be-sec,be-sec-s7,"SQL 注入与防护",1,2026-08-02,低,官方(可溯源),1,https://developer.mozilla.org/en-US/docs/Web/Security,cc-by-sa,amber,"MDN · CC-BY-SA（相同方式分享，具传染性）"
backend,be-sec,be-sec-s8,"XSS 与 CSRF",1,2026-08-02,低,官方(可溯源),1,https://developer.mozilla.org/en-US/docs/Web/Security,cc-by-sa,amber,"MDN · CC-BY-SA（相同方式分享，具传染性）"
backend,be-sec,be-sec-s9,"权限模型:RBAC 与 ABAC",1,2026-08-02,低,官方(可溯源),2,https://owasp.org/www-project-api-security/,unknown,amber,"OWASP · 待核实"
backend,be-sec,be-sec-s10,"纵深防御与安全响应头",1,2026-08-02,低,官方(可溯源),8,https://developer.mozilla.org/en-US/docs/Web/Security,cc-by-sa,amber,"MDN · CC-BY-SA（相同方式分享，具传染性）"
backend,sr-c1,sr-c1-s1,"Elasticsearch 简介",1,2026-09-02,低,官方,7,https://www.elastic.co/guide/en/elasticsearch/reference/current/elasticsearch-intro.html,unknown,amber,"其他来源 · 待核实"
backend,sr-c1,sr-c1-s2,"安装与配置",1,2026-09-02,低,官方,9,https://www.elastic.co/downloads/elasticsearch,unknown,amber,"其他来源 · 待核实"
backend,sr-c1,sr-c1-s3,"索引与文档操作",1,2026-09-02,低,官方,7,https://www.elastic.co/guide/en/elasticsearch/reference/current/indices-create-index.html,unknown,amber,"其他来源 · 待核实"
backend,sr-c1,sr-c1-s4,"基础搜索",1,2026-09-02,低,官方,6,https://www.elastic.co/guide/en/elasticsearch/reference/current/search-uri-request.html,unknown,amber,"其他来源 · 待核实"
backend,sr-c2,sr-c2-s1,"字段映射",1,2026-09-02,低,官方,6,https://www.elastic.co/guide/en/elasticsearch/reference/current/dynamic-field-mapping.html,unknown,amber,"其他来源 · 待核实"
backend,sr-c2,sr-c2-s2,"分析器",1,2026-09-02,低,官方,5,https://www.elastic.co/guide/en/elasticsearch/reference/current/analyzer-anatomy.html,unknown,amber,"其他来源 · 待核实"
backend,sr-c2,sr-c2-s3,"分词器与过滤器",1,2026-09-02,低,官方,7,https://www.elastic.co/guide/en/elasticsearch/reference/current/analysis-standard-tokenizer.html,unknown,amber,"其他来源 · 待核实"
backend,sr-c3,sr-c3-s1,"全文查询",1,2026-09-02,低,官方,7,https://www.elastic.co/guide/en/elasticsearch/reference/current/query-dsl-match-query.html,unknown,amber,"其他来源 · 待核实"
backend,sr-c3,sr-c3-s2,"词项级查询",1,2026-09-02,低,官方,6,https://www.elastic.co/guide/en/elasticsearch/reference/current/query-dsl-term-query.html,unknown,amber,"其他来源 · 待核实"
backend,sr-c3,sr-c3-s3,"复合查询",1,2026-09-02,低,官方,3,https://www.elastic.co/guide/en/elasticsearch/reference/current/query-dsl-bool-query.html,unknown,amber,"其他来源 · 待核实"
backend,sr-c3,sr-c3-s4,"过滤与排序",1,2026-09-02,低,官方,4,https://www.elastic.co/guide/en/elasticsearch/reference/current/query-filter-context.html,unknown,amber,"其他来源 · 待核实"
backend,sr-c4,sr-c4-s1,"聚合基础",1,2026-09-02,低,官方,5,https://www.elastic.co/guide/en/elasticsearch/reference/current/search-aggregations.html,unknown,amber,"其他来源 · 待核实"
backend,sr-c4,sr-c4-s2,"嵌套聚合",1,2026-09-02,低,官方,5,https://www.elastic.co/guide/en/elasticsearch/reference/current/search-aggregations-bucket.html,unknown,amber,"其他来源 · 待核实"
backend,sr-c4,sr-c4-s3,"管道聚合",1,2026-09-02,低,官方,9,https://www.elastic.co/guide/en/elasticsearch/reference/current/search-aggregations-pipeline.html,unknown,amber,"其他来源 · 待核实"
backend,sr-c5,sr-c5-s1,"节点与集群",1,2026-09-02,低,官方,3,https://www.elastic.co/guide/en/elasticsearch/reference/current/modules-node.html,unknown,amber,"其他来源 · 待核实"
backend,sr-c5,sr-c5-s2,"分片与副本",1,2026-09-02,低,官方,5,https://www.elastic.co/guide/en/elasticsearch/reference/current/index-modules.html,unknown,amber,"其他来源 · 待核实"
backend,sr-c5,sr-c5-s3,"集群监控与调优",1,2026-09-02,低,官方,7,https://www.elastic.co/guide/en/elasticsearch/reference/current/cluster-health.html,unknown,amber,"其他来源 · 待核实"
backend,sr-c6,sr-c6-s1,"Redis 简介与安装",1,2026-09-02,低,官方,5,https://redis.io/docs/latest/get-started/,unknown,amber,"Redis Docs · 待核实"
backend,sr-c6,sr-c6-s2,"通用命令与配置",1,2026-09-02,低,官方,4,https://redis.io/docs/latest/commands/,unknown,amber,"Redis Docs · 待核实"
backend,sr-c6,sr-c6-s3,"字符串与哈希",1,2026-09-02,低,官方,11,https://redis.io/docs/latest/commands/set/,unknown,amber,"Redis Docs · 待核实"
backend,sr-c6,sr-c6-s4,"列表与集合",1,2026-09-02,低,官方,12,https://redis.io/docs/latest/develop/data-types/lists/,unknown,amber,"Redis Docs · 待核实"
backend,sr-c6,sr-c6-s5,"有序集合与流",1,2026-09-02,低,官方,5,https://redis.io/docs/latest/commands/?group=sorted-set,unknown,amber,"Redis Docs · 待核实"
backend,sr-c7,sr-c7-s1,"RDB 持久化",1,2026-09-02,低,官方,6,https://redis.io/docs/latest/operate/oss_and_stack/management/persistence/#rdb-advantages,unknown,amber,"Redis Docs · 待核实"
backend,sr-c7,sr-c7-s2,"AOF 持久化",1,2026-09-02,低,官方,4,https://redis.io/docs/latest/operate/oss_and_stack/management/persistence/#append-only-file,unknown,amber,"Redis Docs · 待核实"
backend,sr-c7,sr-c7-s3,"主从复制",1,2026-09-02,低,官方,4,https://redis.io/docs/latest/operate/oss_and_stack/management/replication/,unknown,amber,"Redis Docs · 待核实"
backend,sr-c7,sr-c7-s4,"集群模式",1,2026-09-02,低,官方,6,https://redis.io/docs/latest/operate/oss_and_stack/management/scaling/,unknown,amber,"Redis Docs · 待核实"
backend,sr-c8,sr-c8-s1,"缓存策略",1,2026-09-02,低,官方,5,https://redis.io/docs/latest/develop/use/patterns/,unknown,amber,"Redis Docs · 待核实"
backend,sr-c8,sr-c8-s2,"事务与 Lua 脚本",1,2026-09-02,低,官方,5,https://redis.io/docs/latest/develop/using-commands/transactions/,unknown,amber,"Redis Docs · 待核实"
backend,sr-c8,sr-c8-s3,"性能优化",1,2026-09-02,低,官方,7,https://redis.io/docs/latest/develop/use/pipelining/,unknown,amber,"Redis Docs · 待核实"
backend,go-c1,go-c1-s1,"语言入门与开发环境",1,2026-09-05,低,官方,6,https://go.dev/dl/,unknown,amber,"其他来源 · 待核实"
backend,go-c1,go-c1-s2,"变量、类型与零值",1,2026-09-05,低,官方,4,https://go.dev/ref/spec#Variable_declarations,unknown,amber,"其他来源 · 待核实"
backend,go-c1,go-c1-s3,"结构体与方法",1,2026-09-05,低,官方,4,https://go.dev/ref/spec#Struct_types,unknown,amber,"其他来源 · 待核实"
backend,go-c1,go-c1-s4,"Goroutine 与 Channel",1,2026-09-05,中,官方,4,https://go.dev/doc/tutorial/golang-with-google,unknown,amber,"其他来源 · 待核实"
backend,go-c1,go-c1-s5,"并发安全与同步机制",1,2026-09-06,低,官方,6,https://go.dev/doc/ref/spec#Memory_model,unknown,amber,"其他来源 · 待核实"
backend,go-c1,go-c1-s6,"Channel 高级模式",1,2026-09-06,低,官方,7,https://go.dev/effective_go#channels,unknown,amber,"其他来源 · 待核实"
backend,go-c1,go-c1-s7,"并发设计与性能调优",1,2026-09-06,低,官方,10,https://go.dev/blog/go1.22,unknown,amber,"其他来源 · 待核实"
backend,go-c2,go-c2-s1,"路由与请求处理",1,2026-09-05,低,官方,4,https://github.com/gin-gonic/gin,unknown,amber,"其他来源 · 待核实"
backend,go-c2,go-c2-s2,"中间件机制",1,2026-09-05,低,官方,2,https://gin-gonic.com/docs/examples/using-middleware/,unknown,amber,"其他来源 · 待核实"
backend,go-c2,go-c2-s3,"参数绑定与校验",1,2026-09-05,低,官方,2,https://gin-gonic.com/docs/examples/binding-and-validation/,unknown,amber,"其他来源 · 待核实"
backend,go-c2,go-c2-s4,"统一错误处理与响应",1,2026-09-05,中,官方,1,https://gin-gonic.com/docs/examples/json-rendering/,unknown,amber,"其他来源 · 待核实"
backend,go-c2,go-c2-s5,"请求生命周期与上下文管理",1,2026-09-06,低,官方,6,https://gin-gonic.com/docs/examples/custom-middleware/,unknown,amber,"其他来源 · 待核实"
backend,go-c2,go-c2-s6,"路由分组与版本控制",1,2026-09-06,低,官方,5,https://gin-gonic.com/docs/routing/grouping-routes/,unknown,amber,"其他来源 · 待核实"
backend,go-c2,go-c2-s7,"文件上传与静态资源服务",1,2026-09-06,低,官方,5,https://gin-gonic.com/docs/examples/upload-file/single-file/,unknown,amber,"其他来源 · 待核实"
backend,py-c1,py-c1-s1,"环境管理与虚拟环境",1,2026-09-05,低,官方,3,https://docs.python.org/3/library/venv.html,unknown,amber,"其他来源 · 待核实"
backend,py-c1,py-c1-s2,"类型标注与 dataclass",1,2026-09-05,低,官方,3,https://docs.python.org/3/library/typing.html,unknown,amber,"其他来源 · 待核实"
backend,py-c1,py-c1-s3,"asyncio 异步模型",1,2026-09-05,中,官方,1,https://docs.python.org/3/library/asyncio.html,unknown,amber,"其他来源 · 待核实"
backend,py-c1,py-c1-s4,"项目结构与模块组织",1,2026-09-05,低,官方,2,https://docs.python.org/3/reference/import.html,unknown,amber,"其他来源 · 待核实"
backend,py-c1,py-c1-s5,"异步调试与性能分析",1,2026-09-06,低,官方,6,https://docs.python.org/3/library/asyncio-task.html#asyncio.run,unknown,amber,"其他来源 · 待核实"
backend,py-c1,py-c1-s6,"异步与同步代码的桥接",1,2026-09-06,低,官方,6,https://docs.python.org/3/library/asyncio-task.html#asyncio.to_thread,unknown,amber,"其他来源 · 待核实"
backend,py-c1,py-c1-s7,"异步测试与错误处理",1,2026-09-06,低,官方,7,https://pytest-asyncio.readthedocs.io/en/latest/,unknown,amber,"其他来源 · 待核实"
backend,py-c2,py-c2-s1,"路由与请求处理",1,2026-09-05,低,官方,3,https://fastapi.tiangolo.com/tutorial/first-steps/,unknown,amber,"其他来源 · 待核实"
backend,py-c2,py-c2-s2,"依赖注入系统",1,2026-09-05,中,官方,2,https://fastapi.tiangolo.com/tutorial/dependencies/,unknown,amber,"其他来源 · 待核实"
backend,py-c2,py-c2-s3,"Pydantic 数据校验",1,2026-09-05,低,官方,1,https://docs.pydantic.dev/latest/,unknown,amber,"其他来源 · 待核实"
backend,py-c2,py-c2-s4,"中间件与异常处理",1,2026-09-05,中,官方,5,https://fastapi.tiangolo.com/tutorial/middleware/,unknown,amber,"其他来源 · 待核实"
backend,py-c2,py-c2-s5,"异步数据库集成与事务管理",1,2026-09-06,低,官方,5,https://docs.sqlalchemy.org/en/20/orm/extensions/asyncio.html,unknown,amber,"其他来源 · 待核实"
backend,py-c2,py-c2-s6,"认证与授权机制",1,2026-09-06,低,官方,8,https://fastapi.tiangolo.com/tutorial/security/first-steps/,unknown,amber,"其他来源 · 待核实"
backend,py-c2,py-c2-s7,"WebSocket 实时通信",1,2026-09-06,低,官方,5,https://fastapi.tiangolo.com/advanced/websockets/,unknown,amber,"其他来源 · 待核实"
backend,go-c3,go-c3-s1,"Context 与取消传播",1,2026-09-05,低,官方,2,https://pkg.go.dev/context,unknown,amber,"其他来源 · 待核实"
backend,go-c3,go-c3-s2,"sync 同步原语",1,2026-09-05,中,官方,5,https://pkg.go.dev/sync,unknown,amber,"其他来源 · 待核实"
backend,go-c3,go-c3-s3,"并发模式",1,2026-09-05,中,官方,2,https://go.dev/blog/pipelines,unknown,amber,"其他来源 · 待核实"
backend,go-c3,go-c3-s4,"并发安全与竞态检测",1,2026-09-05,高,官方,2,https://go.dev/ref/mem,unknown,amber,"其他来源 · 待核实"
backend,go-c3,go-c3-s5,"错误处理与恢复机制",1,2026-09-06,低,官方,6,https://go.dev/effective_go#errors,unknown,amber,"其他来源 · 待核实"
backend,go-c3,go-c3-s6,"工作池与任务调度",1,2026-09-06,低,官方,5,https://go.dev/blog/concurrency-timeouts,unknown,amber,"其他来源 · 待核实"
backend,go-c3,go-c3-s7,"并发性能调优与基准测试",1,2026-09-06,低,官方,7,http://localhost:6060/debug/pprof/goroutine`,unknown,amber,"其他来源 · 待核实"
backend,go-c4,go-c4-s1,"连接与连接池",1,2026-09-05,中,官方,2,https://gorm.io/docs/connecting_to_the_database.html,unknown,amber,"其他来源 · 待核实"
backend,go-c4,go-c4-s2,"模型定义与自动迁移",1,2026-09-05,低,官方,2,https://gorm.io/docs/models.html,unknown,amber,"其他来源 · 待核实"
backend,go-c4,go-c4-s3,"CRUD 与查询",1,2026-09-05,低,官方,5,https://gorm.io/docs/create.html,unknown,amber,"其他来源 · 待核实"
backend,go-c4,go-c4-s4,"事务与关联",1,2026-09-05,高,官方,2,https://gorm.io/docs/transactions.html,unknown,amber,"其他来源 · 待核实"
backend,go-c4,go-c4-s5,"高级查询与性能优化",1,2026-09-06,低,官方,7,https://gorm.io/docs/method_chaining.html,unknown,amber,"其他来源 · 待核实"
backend,go-c4,go-c4-s6,"钩子与自定义数据类型",1,2026-09-06,低,官方,6,https://gorm.io/docs/hooks.html,unknown,amber,"其他来源 · 待核实"
backend,go-c4,go-c4-s7,"测试与迁移策略",1,2026-09-06,低,官方,8,https://github.com/DATA-DOG/go-sqlmock,unknown,amber,"其他来源 · 待核实"
backend,go-c5,go-c5-s1,"JWT 认证中间件",1,2026-09-05,高,官方,1,https://pkg.go.dev/github.com/golang-jwt/jwt/v5,unknown,amber,"其他来源 · 待核实"
backend,go-c5,go-c5-s2,"密码哈希与登录",1,2026-09-05,高,官方,1,https://pkg.go.dev/golang.org/x/crypto/bcrypt,unknown,amber,"其他来源 · 待核实"
backend,go-c5,go-c5-s3,"CORS 与基础防护",1,2026-09-05,中,官方,7,https://app.example.com,unknown,amber,"其他来源 · 待核实"
backend,go-c5,go-c5-s4,"限流与输入防护",1,2026-09-05,中,官方,0,,unknown,unknown,"无 URL"
backend,go-c5,go-c5-s5,"安全响应头与点击劫持防护",1,2026-09-06,低,官方,9,https://developer.mozilla.org/en-US/docs/Web/HTTP/Headers/X-Frame-Options,cc-by-sa,amber,"MDN · CC-BY-SA（相同方式分享，具传染性）"
backend,go-c5,go-c5-s6,"基于角色的访问控制（RBAC）",1,2026-09-06,低,官方,7,https://github.com/golang-jwt/jwt,unknown,amber,"其他来源 · 待核实"
backend,go-c5,go-c5-s7,"安全日志与审计追踪",1,2026-09-06,低,官方,5,https://go.dev/doc/effective_go#slog,unknown,amber,"其他来源 · 待核实"
backend,py-c3,py-c3-s1,"asyncio 进阶：任务与超时",1,2026-09-05,中,官方,1,https://docs.python.org/3/library/asyncio-task.html,unknown,amber,"其他来源 · 待核实"
backend,py-c3,py-c3-s2,"异步 HTTP 与数据库",1,2026-09-05,中,官方,3,https://docs.aiohttp.org/en/stable/,unknown,amber,"其他来源 · 待核实"
backend,py-c3,py-c3-s3,"线程池与多进程",1,2026-09-05,中,官方,3,https://wiki.python.org/moin/GlobalInterpreterLock,unknown,amber,"其他来源 · 待核实"
backend,py-c3,py-c3-s4,"并发安全与队列",1,2026-09-05,中,官方,2,https://docs.python.org/3/library/asyncio-sync.html,unknown,amber,"其他来源 · 待核实"
backend,py-c3,py-c3-s5,"协程间通信与信号传播",1,2026-09-06,低,官方,5,https://docs.python.org/3/library/asyncio-sync.html#asyncio.Event,unknown,amber,"其他来源 · 待核实"
backend,py-c3,py-c3-s6,"背压控制与限流模式",1,2026-09-06,低,官方,5,https://docs.python.org/3/library/asyncio-sync.html,unknown,amber,"其他来源 · 待核实"
backend,py-c3,py-c3-s7,"多进程与事件循环的融合实践",1,2026-09-06,低,官方,8,https://docs.python.org/3/library/asyncio-eventloop.html#asyncio.loop.run_in_executor,unknown,amber,"其他来源 · 待核实"
backend,py-c4,py-c4-s1,"引擎与会话",1,2026-09-05,中,官方,2,https://docs.sqlalchemy.org/en/20/core/engines.html,unknown,amber,"其他来源 · 待核实"
backend,py-c4,py-c4-s2,"模型与映射",1,2026-09-05,低,官方,2,https://docs.sqlalchemy.org/en/20/orm/declarative_config.html,unknown,amber,"其他来源 · 待核实"
backend,py-c4,py-c4-s3,"CRUD 与查询",1,2026-09-05,低,官方,1,https://docs.sqlalchemy.org/en/20/orm/queryguide.html,unknown,amber,"其他来源 · 待核实"
backend,py-c4,py-c4-s4,"关系与事务",1,2026-09-05,高,官方,1,https://docs.sqlalchemy.org/en/20/orm/relationship_api.html,unknown,amber,"其他来源 · 待核实"
backend,py-c4,py-c4-s5,"高级查询技巧",1,2026-09-06,低,官方,8,https://docs.sqlalchemy.org/en/20/core/tutorial.html#aggregate-functions,unknown,amber,"其他来源 · 待核实"
backend,py-c4,py-c4-s6,"异步 ORM 与生产实践",1,2026-09-06,低,官方,6,https://docs.sqlalchemy.org/en/20/orm/extensions/asyncio.html,unknown,amber,"其他来源 · 待核实"
backend,py-c4,py-c4-s7,"数据迁移与 Schema 管理",1,2026-09-06,低,官方,5,https://alembic.sqlalchemy.org/en/latest/tutorial.html,unknown,amber,"其他来源 · 待核实"
backend,py-c5,py-c5-s1,"OAuth2 密码流",1,2026-09-05,中,官方,2,https://fastapi.tiangolo.com/tutorial/security/simple-oauth2/,unknown,amber,"其他来源 · 待核实"
backend,py-c5,py-c5-s2,"JWT 签发与校验",1,2026-09-05,高,官方,1,https://fastapi.tiangolo.com/tutorial/security/oauth2-jwt/,unknown,amber,"其他来源 · 待核实"
backend,py-c5,py-c5-s3,"密码哈希与登录",1,2026-09-05,高,官方,1,https://passlib.readthedocs.io/en/stable/,unknown,amber,"其他来源 · 待核实"
backend,py-c5,py-c5-s4,"权限与作用域",1,2026-09-05,中,官方,1,https://fastapi.tiangolo.com/advanced/security/scopes/,unknown,amber,"其他来源 · 待核实"
backend,py-c5,py-c5-s5,"OAuth2 隐式流与授权码流对比",1,2026-09-06,低,官方,10,https://datatracker.ietf.org/doc/html/rfc6749#section-4.2,unknown,amber,"其他来源 · 待核实"
backend,py-c5,py-c5-s6,"依赖注入实现全局认证与用户上下文",1,2026-09-06,低,官方,9,https://fastapi.tiangolo.com/tutorial/dependencies/,unknown,amber,"其他来源 · 待核实"
backend,py-c5,py-c5-s7,"JWT 刷新令牌与令牌撤销",1,2026-09-06,低,官方,4,https://fastapi.tiangolo.com/tutorial/security/first-steps/,unknown,amber,"其他来源 · 待核实"
backend,go-c6,go-c6-s1,"表驱动测试",1,2026-09-05,低,官方,2,https://pkg.go.dev/testing,unknown,amber,"其他来源 · 待核实"
backend,go-c6,go-c6-s2,"基准与覆盖率",1,2026-09-05,低,官方,1,https://go.dev/doc/tutorial/add-a-test,unknown,amber,"其他来源 · 待核实"
backend,go-c6,go-c6-s3,"testify 与 mock",1,2026-09-05,低,官方,1,https://github.com/stretchr/testify,unknown,amber,"其他来源 · 待核实"
backend,go-c6,go-c6-s4,"集成与 CI 测试策略",1,2026-09-05,中,官方,1,https://pkg.go.dev/cmd/go#hdr-Build_constraints,unknown,amber,"其他来源 · 待核实"
backend,go-c6,go-c6-s5,"测试代码的组织与可维护性",1,2026-09-06,低,官方,7,https://go.dev/doc/tutorial/add-a-test,unknown,amber,"其他来源 · 待核实"
backend,go-c6,go-c6-s6,"模糊测试与随机测试",1,2026-09-06,低,官方,6,https://go.dev/doc/fuzz/,unknown,amber,"其他来源 · 待核实"
backend,go-c6,go-c6-s7,"测试中的依赖注入与接口隔离",1,2026-09-06,低,官方,5,https://go.dev/effective_go#interfaces,unknown,amber,"其他来源 · 待核实"
backend,go-c7,go-c7-s1,"多阶段 Docker 构建",1,2026-09-05,中,官方,1,https://docs.docker.com/build/building/multi-stage/,unknown,amber,"Docker Docs · 待核实"
backend,go-c7,go-c7-s2,"配置与优雅退出",1,2026-09-05,中,官方,1,https://pkg.go.dev/os/signal,unknown,amber,"其他来源 · 待核实"
backend,go-c7,go-c7-s3,"Kubernetes 基础编排",1,2026-09-05,高,官方,1,https://kubernetes.io/docs/concepts/workloads/controllers/deployment/,cc-by-4.0,green,"Kubernetes Docs · CC-BY-4.0 / Apache-2.0"
backend,go-c7,go-c7-s4,"可观测性入门",1,2026-09-05,中,官方,1,https://pkg.go.dev/log/slog,unknown,amber,"其他来源 · 待核实"
backend,go-c7,go-c7-s5,"镜像安全与供应链加固",1,2026-09-06,低,官方,8,https://docs.docker.com/develop/develop-images/dockerfile_best-practices/,unknown,amber,"Docker Docs · 待核实"
backend,go-c7,go-c7-s6,"蓝绿发布与金丝雀发布实战",1,2026-09-06,低,官方,7,https://kubernetes.io/docs/concepts/workloads/controllers/deployment/#rolling-update-deployment,cc-by-4.0,green,"Kubernetes Docs · CC-BY-4.0 / Apache-2.0"
backend,go-c7,go-c7-s7,"容器网络与服务发现",1,2026-09-06,低,官方,7,https://kubernetes.io/docs/concepts/services-networking/,cc-by-4.0,green,"Kubernetes Docs · CC-BY-4.0 / Apache-2.0"
backend,go-c8,go-c8-s1,"Protobuf 契约定义",1,2026-09-05,中,官方,1,https://protobuf.dev/getting-started/,unknown,amber,"其他来源 · 待核实"
backend,go-c8,go-c8-s2,"gRPC 服务端与客户端",1,2026-09-05,中,官方,1,https://grpc.io/docs/languages/go/quickstart/,unknown,amber,"其他来源 · 待核实"
backend,go-c8,go-c8-s3,"错误处理与状态码",1,2026-09-05,中,官方,1,https://pkg.go.dev/google.golang.org/grpc/status,unknown,amber,"其他来源 · 待核实"
backend,go-c8,go-c8-s4,"微服务边界与通信",1,2026-09-05,高,官方,0,,unknown,unknown,"无 URL"
backend,go-c8,go-c8-s5,"gRPC 流式通信模式",1,2026-09-06,低,官方,6,https://protobuf.dev/programming-guides/proto3/,unknown,amber,"其他来源 · 待核实"
backend,go-c8,go-c8-s6,"拦截器与认证",1,2026-09-06,低,官方,5,https://grpc.io/docs/guides/interceptors/,unknown,amber,"其他来源 · 待核实"
backend,go-c8,go-c8-s7,"gRPC-Gateway 与 REST 集成",1,2026-09-06,低,官方,5,https://github.com/grpc-ecosystem/grpc-gateway,unknown,amber,"其他来源 · 待核实"
backend,py-c6,py-c6-s1,"pytest 基础",1,2026-09-05,低,官方,1,https://docs.pytest.org/en/stable/getting-started.html,unknown,amber,"其他来源 · 待核实"
backend,py-c6,py-c6-s2,"fixture 与依赖管理",1,2026-09-05,低,官方,1,https://docs.pytest.org/en/stable/how-to/fixtures.html,unknown,amber,"其他来源 · 待核实"
backend,py-c6,py-c6-s3,"mock 与异步测试",1,2026-09-05,中,官方,1,https://docs.python.org/3/library/unittest.mock.html,unknown,amber,"其他来源 · 待核实"
backend,py-c6,py-c6-s4,"覆盖率与 CI",1,2026-09-05,中,官方,1,https://pytest-cov.readthedocs.io/,unknown,amber,"其他来源 · 待核实"
backend,py-c6,py-c6-s5,"测试数据驱动与参数化",1,2026-09-06,低,官方,5,https://docs.pytest.org/en/stable/how-to/parametrize.html,unknown,amber,"其他来源 · 待核实"
backend,py-c6,py-c6-s6,"测试分层与用例组织策略",1,2026-09-06,低,官方,5,https://fastapi.tiangolo.com/tutorial/testing/,unknown,amber,"其他来源 · 待核实"
backend,py-c6,py-c6-s7,"测试替身进阶：桩、伪对象与间谍",1,2026-09-06,低,官方,5,https://docs.python.org/3/library/unittest.mock.html,unknown,amber,"其他来源 · 待核实"
backend,py-c7,py-c7-s1,"Python 镜像构建",1,2026-09-05,中,官方,1,https://hub.docker.com/_/python,unknown,amber,"其他来源 · 待核实"
backend,py-c7,py-c7-s2,"WSGI 与 ASGI 服务器",1,2026-09-05,中,官方,1,https://docs.gunicorn.org/,unknown,amber,"其他来源 · 待核实"
backend,py-c7,py-c7-s3,"优雅退出与信号",1,2026-09-05,中,官方,0,,unknown,unknown,"无 URL"
backend,py-c7,py-c7-s4,"K8s 部署与探针",1,2026-09-05,高,官方,1,https://kubernetes.io/docs/concepts/workloads/controllers/deployment/,cc-by-4.0,green,"Kubernetes Docs · CC-BY-4.0 / Apache-2.0"
backend,py-c7,py-c7-s5,"多阶段构建与镜像优化",1,2026-09-06,低,官方,5,https://docs.docker.com/build/building/multi-stage/,unknown,amber,"Docker Docs · 待核实"
backend,py-c7,py-c7-s6,"容器编排基础",1,2026-09-06,低,官方,6,https://docs.docker.com/compose/compose-file/,unknown,amber,"Docker Docs · 待核实"
backend,py-c7,py-c7-s7,"镜像安全与依赖锁定",1,2026-09-06,低,官方,10,https://docs.docker.com/engine/reference/builder/#user,unknown,amber,"Docker Docs · 待核实"
backend,py-c8,py-c8-s1,"异步任务队列",1,2026-09-05,中,官方,1,https://docs.celeryq.dev/,unknown,amber,"其他来源 · 待核实"
backend,py-c8,py-c8-s2,"消息队列解耦",1,2026-09-05,中,官方,1,https://www.rabbitmq.com/tutorials,unknown,amber,"RabbitMQ Docs · 待核实"
backend,py-c8,py-c8-s3,"服务间 HTTP 通信",1,2026-09-05,中,官方,2,https://www.python-httpx.org/,unknown,amber,"其他来源 · 待核实"
backend,py-c8,py-c8-s4,"微服务边界与数据自治",1,2026-09-05,高,官方,0,,unknown,unknown,"无 URL"
backend,py-c8,py-c8-s5,"任务状态追踪与结果存储",1,2026-09-06,低,官方,9,https://docs.celeryq.dev/en/stable/getting-started/first-steps-with-celery.html#keeping-results,unknown,amber,"其他来源 · 待核实"
backend,py-c8,py-c8-s6,"异步任务编排与工作流",1,2026-09-06,低,官方,5,https://docs.celeryq.dev/en/stable/userguide/canvas.html,unknown,amber,"其他来源 · 待核实"
backend,py-c8,py-c8-s7,"任务重试与失败处理策略",1,2026-09-06,低,官方,6,https://docs.celeryq.dev/en/stable/userguide/tasks.html#retrying,unknown,amber,"其他来源 · 待核实"
backend,go-c9,go-c9-s1,"内存分配与逃逸分析",1,2026-09-05,中,官方,1,https://go.dev/doc/faq#stack_or_heap,unknown,amber,"其他来源 · 待核实"
backend,go-c9,go-c9-s2,"垃圾回收与 GC 调优",1,2026-09-05,中,官方,1,https://tip.golang.org/doc/gc-guide,unknown,amber,"其他来源 · 待核实"
backend,go-c9,go-c9-s3,"GMP 调度模型",1,2026-09-05,高,官方,1,https://go.dev/src/runtime/proc.go,unknown,amber,"其他来源 · 待核实"
backend,go-c9,go-c9-s4,"pprof 性能剖析",1,2026-09-05,中,官方,4,https://go.dev/doc/diagnostics,unknown,amber,"其他来源 · 待核实"
backend,go-c9,go-c9-s5,"内存模型与同步原语",1,2026-09-06,低,官方,3,https://go.dev/ref/mem,unknown,amber,"其他来源 · 待核实"
backend,go-c9,go-c9-s6,"编译器优化与内联",1,2026-09-06,低,官方,5,https://go.dev/wiki/CompilerOptimizations,unknown,amber,"其他来源 · 待核实"
backend,go-c9,go-c9-s7,"性能剖析与优化实战",1,2026-09-06,低,官方,7,https://pkg.go.dev/runtime/pprof,unknown,amber,"其他来源 · 待核实"
backend,go-c10,go-c10-s1,"复杂度分析与切片底层",1,2026-09-05,低,官方,1,https://go.dev/blog/slices-intro,unknown,amber,"其他来源 · 待核实"
backend,go-c10,go-c10-s2,"线性结构：栈、队列与链表",1,2026-09-05,低,官方,1,https://pkg.go.dev/container/list,unknown,amber,"其他来源 · 待核实"
backend,go-c10,go-c10-s3,"映射与集合：map 原理",1,2026-09-05,中,官方,1,https://go.dev/blog/maps,unknown,amber,"其他来源 · 待核实"
backend,go-c10,go-c10-s4,"排序、查找与算法范式",1,2026-09-05,低,官方,2,https://pkg.go.dev/sort,unknown,amber,"其他来源 · 待核实"
backend,go-c10,go-c10-s5,"树与二叉树：遍历、堆与优先队列",1,2026-09-06,低,官方,5,https://go.dev/effective_go#data,unknown,amber,"其他来源 · 待核实"
backend,go-c10,go-c10-s6,"图：表示、遍历与最短路径",1,2026-09-06,低,官方,5,https://go.dev/tour/moretypes/1,unknown,amber,"其他来源 · 待核实"
backend,go-c10,go-c10-s7,"字符串匹配与动态规划入门",1,2026-09-06,低,官方,3,https://pkg.go.dev/strings,unknown,amber,"其他来源 · 待核实"
backend,go-c11,go-c11-s1,"TCP/IP 与 Socket 编程",1,2026-09-05,中,官方,1,https://pkg.go.dev/net,unknown,amber,"其他来源 · 待核实"
backend,go-c11,go-c11-s2,"IO 多路复用与 netpoller",1,2026-09-05,高,官方,1,https://go.dev/src/runtime/netpoll.go,unknown,amber,"其他来源 · 待核实"
backend,go-c11,go-c11-s3,"HTTP 协议与 net/http 服务端",1,2026-09-05,中,官方,1,https://pkg.go.dev/net/http,unknown,amber,"其他来源 · 待核实"
backend,go-c11,go-c11-s4,"高性能网络实践",1,2026-09-05,高,官方,1,https://pkg.go.dev/net/http#Transport,unknown,amber,"其他来源 · 待核实"
backend,go-c11,go-c11-s5,"UDP 与面向消息的 Socket 编程",1,2026-09-06,低,官方,4,https://go.dev/pkg/net/,unknown,amber,"其他来源 · 待核实"
backend,go-c11,go-c11-s6,"TLS/SSL 与安全网络通信",1,2026-09-06,低,官方,6,https://go.dev/pkg/crypto/tls/,unknown,amber,"其他来源 · 待核实"
backend,go-c11,go-c11-s7,"网络超时与上下文控制",1,2026-09-06,低,官方,5,https://go.dev/pkg/net/#Dialer,unknown,amber,"其他来源 · 待核实"
backend,py-c9,py-c9-s1,"对象模型与内存管理",1,2026-09-05,中,官方,1,https://docs.python.org/3/library/gc.html,unknown,amber,"其他来源 · 待核实"
backend,py-c9,py-c9-s2,"GIL 与并发模型选择",1,2026-09-05,高,官方,1,https://docs.python.org/3/glossary.html#term-global-interpreter-lock,unknown,amber,"其他来源 · 待核实"
backend,py-c9,py-c9-s3,"性能剖析与测量",1,2026-09-05,低,官方,2,https://docs.python.org/3/library/timeit.html,unknown,amber,"其他来源 · 待核实"
backend,py-c9,py-c9-s4,"优化策略与常见陷阱",1,2026-09-05,中,官方,1,https://docs.python.org/3/tutorial/classes.html#generators,unknown,amber,"其他来源 · 待核实"
backend,py-c9,py-c9-s5,"内存剖析与泄漏检测",1,2026-09-06,低,官方,4,https://docs.python.org/3/library/tracemalloc.html,unknown,amber,"其他来源 · 待核实"
backend,py-c9,py-c9-s6,"JIT 编译器与加速库",1,2026-09-06,低,官方,5,https://docs.python.org/3/faq/programming.html#why-is-python-slow,unknown,amber,"其他来源 · 待核实"
backend,py-c9,py-c9-s7,"异步编程与运行时调度",1,2026-09-06,低,官方,6,https://docs.python.org/3/library/asyncio.html#running-an-asyncio-program,unknown,amber,"其他来源 · 待核实"
backend,py-c10,py-c10-s1,"复杂度与容器时间开销",1,2026-09-05,低,官方,1,https://wiki.python.org/moin/TimeComplexity,unknown,amber,"其他来源 · 待核实"
backend,py-c10,py-c10-s2,"线性结构与 collections",1,2026-09-05,低,官方,1,https://docs.python.org/3/library/collections.html,unknown,amber,"其他来源 · 待核实"
backend,py-c10,py-c10-s3,"哈希结构：dict 与 set 原理",1,2026-09-05,中,官方,1,https://docs.python.org/3/faq/design.html#how-are-dictionaries-implemented,unknown,amber,"其他来源 · 待核实"
backend,py-c10,py-c10-s4,"排序、堆与二分",1,2026-09-05,低,官方,2,https://docs.python.org/3/howto/sorting.html,unknown,amber,"其他来源 · 待核实"
backend,py-c10,py-c10-s5,"链式结构：链表、双向链表与跳表",1,2026-09-06,低,官方,4,https://docs.python.org/3/library/collections.html#collections.deque,unknown,amber,"其他来源 · 待核实"
backend,py-c10,py-c10-s6,"树结构基础：二叉树、BST与平衡树",1,2026-09-06,低,官方,5,https://docs.python.org/3/library/collections.html#collections.deque,unknown,amber,"其他来源 · 待核实"
backend,py-c10,py-c10-s7,"图结构入门与遍历",1,2026-09-06,低,官方,5,https://docs.python.org/3/library/collections.html#collections.defaultdict,unknown,amber,"其他来源 · 待核实"
backend,py-c11,py-c11-s1,"Socket 编程与 TCP 基础",1,2026-09-05,中,官方,1,https://docs.python.org/3/howto/sockets.html,unknown,amber,"其他来源 · 待核实"
backend,py-c11,py-c11-s2,"IO 多路复用与 selectors",1,2026-09-05,高,官方,1,https://docs.python.org/3/library/selectors.html,unknown,amber,"其他来源 · 待核实"
backend,py-c11,py-c11-s3,"asyncio 事件循环",1,2026-09-05,中,官方,1,https://docs.python.org/3/library/asyncio.html,unknown,amber,"其他来源 · 待核实"
backend,py-c11,py-c11-s4,"HTTP 客户端与连接池",1,2026-09-05,中,官方,2,https://www.python-httpx.org/advanced/,unknown,amber,"其他来源 · 待核实"
backend,py-c11,py-c11-s5,"非阻塞 IO 与协程调度原理",1,2026-09-06,低,官方,0,,unknown,unknown,"无 URL"
backend,py-c11,py-c11-s6,"高级协议实现：自定义协议与流式处理",1,2026-09-06,低,官方,4,https://docs.python.org/3/library/asyncio-protocol.html,unknown,amber,"其他来源 · 待核实"
backend,py-c11,py-c11-s7,"异步安全与并发控制",1,2026-09-06,低,官方,7,https://docs.python.org/3/faq/library.html#id3,unknown,amber,"其他来源 · 待核实"
backend,bmq-c1,bmq-c1-s1,"RabbitMQ 核心概念",1,2026-09-06,低,官方,4,https://www.rabbitmq.com/tutorials/amqp-concepts.html,unknown,amber,"RabbitMQ Docs · 待核实"
backend,bmq-c1,bmq-c1-s2,"交换器类型与路由机制",1,2026-09-06,低,官方,5,https://www.rabbitmq.com/docs/tutorials/amqp-concepts#exchange-direct,unknown,amber,"RabbitMQ Docs · 待核实"
backend,bmq-c1,bmq-c1-s3,"队列与消息属性",1,2026-09-06,低,官方,7,https://www.rabbitmq.com/docs/queues#durability,unknown,amber,"RabbitMQ Docs · 待核实"
backend,bmq-c1,bmq-c1-s4,"发布确认与消费确认",1,2026-09-06,低,官方,5,https://www.rabbitmq.com/docs/confirms,unknown,amber,"RabbitMQ Docs · 待核实"
backend,bmq-c1,bmq-c1-s5,"RabbitMQ 高级特性：死信队列与延迟队列",1,2026-09-06,低,官方,6,https://www.rabbitmq.com/docs/dlx,unknown,amber,"RabbitMQ Docs · 待核实"
backend,bmq-c2,bmq-c2-s1,"集群架构与节点类型",1,2026-09-06,低,官方,5,https://www.rabbitmq.com/docs/clustering#node-types,unknown,amber,"RabbitMQ Docs · 待核实"
backend,bmq-c2,bmq-c2-s2,"镜像队列与仲裁队列",1,2026-09-06,低,官方,6,https://www.rabbitmq.com/docs/quorum-queues,unknown,amber,"RabbitMQ Docs · 待核实"
backend,bmq-c2,bmq-c2-s3,"持久化与消息可靠性保障",1,2026-09-06,低,官方,6,https://www.rabbitmq.com/docs/confirms,unknown,amber,"RabbitMQ Docs · 待核实"
backend,bmq-c2,bmq-c2-s4,"集群故障处理与网络分区",1,2026-09-06,低,官方,6,https://www.rabbitmq.com/docs/partitions,unknown,amber,"RabbitMQ Docs · 待核实"
backend,bmq-c3,bmq-c3-s1,"Kafka 基本概念与设计哲学",1,2026-09-06,低,官方,5,https://kafka.apache.org/documentation/#intro,unknown,amber,"其他来源 · 待核实"
backend,bmq-c3,bmq-c3-s2,"生产者（Producer）与分区策略",1,2026-09-06,低,官方,6,https://kafka.apache.org/documentation/#design_producer,unknown,amber,"其他来源 · 待核实"
backend,bmq-c3,bmq-c3-s3,"消费者（Consumer）与消费组",1,2026-09-06,低,官方,6,https://kafka.apache.org/documentation/#intro_consumers,unknown,amber,"其他来源 · 待核实"
backend,bmq-c3,bmq-c3-s4,"Kafka 存储机制与日志管理",1,2026-09-06,低,官方,5,https://kafka.apache.org/documentation/#log,unknown,amber,"其他来源 · 待核实"
backend,bmq-c3,bmq-c3-s5,"副本机制与 ISR",1,2026-09-06,低,官方,6,https://kafka.apache.org/documentation/#replication,unknown,amber,"其他来源 · 待核实"
backend,bmq-c4,bmq-c4-s1,"消息投递语义与可靠性配置",1,2026-09-06,低,官方,6,https://kafka.apache.org/24/documentation.html#semantics,unknown,amber,"其他来源 · 待核实"
backend,bmq-c4,bmq-c4-s2,"Kafka 事务与 Exactly-Once",1,2026-09-06,低,官方,6,https://kafka.apache.org/documentation/#transactions,unknown,amber,"其他来源 · 待核实"
backend,bmq-c4,bmq-c4-s3,"Kafka 副本同步与故障恢复",1,2026-09-06,低,官方,4,https://kafka.apache.org/documentation/#replication,unknown,amber,"其他来源 · 待核实"
backend,bmq-c4,bmq-c4-s4,"Kafka 集群扩展与分区重分配",1,2026-09-06,低,官方,6,https://kafka.apache.org/documentation/#basic_ops_cluster_expansion,unknown,amber,"其他来源 · 待核实"
backend,bmq-c5,bmq-c5-s1,"NATS 核心概念与通信模式",1,2026-09-06,低,官方,6,https://docs.nats.io/reference/reference-protocols/nats-protocol#connect,unknown,amber,"其他来源 · 待核实"
backend,bmq-c5,bmq-c5-s2,"NATS 服务质量与消息投递",1,2026-09-06,低,官方,5,https://docs.nats.io/nats-concepts/core-nats,unknown,amber,"其他来源 · 待核实"
backend,bmq-c5,bmq-c5-s3,"JetStream 持久化与流模型",1,2026-09-06,低,官方,6,https://docs.nats.io/nats-concepts/jetstream,unknown,amber,"其他来源 · 待核实"
backend,bmq-c5,bmq-c5-s4,"JetStream 消费者与消息确认",1,2026-09-06,低,官方,7,https://docs.nats.io/nats-concepts/jetstream/consumers,unknown,amber,"其他来源 · 待核实"
backend,bmq-c5,bmq-c5-s5,"NATS 可靠性：持久化与高可用",1,2026-09-06,低,官方,5,https://docs.nats.io/nats-concepts/jetstream/streams,unknown,amber,"其他来源 · 待核实"
backend,bmq-c6,bmq-c6-s1,"NATS 认证与授权",1,2026-09-06,低,官方,6,https://docs.nats.io/running-a-nats-service/configuration/securing_nats/auth_intro,unknown,amber,"其他来源 · 待核实"
backend,bmq-c6,bmq-c6-s2,"TLS 加密与安全连接",1,2026-09-06,低,官方,5,https://docs.nats.io/running-a-nats-service/configuration/securing_nats/tls,unknown,amber,"其他来源 · 待核实"
backend,bmq-c6,bmq-c6-s3,"NATS 监控与系统管理",1,2026-09-06,低,官方,6,http://localhost:8222`,unknown,amber,"其他来源 · 待核实"
backend,dbp-c1,dbp-c1-s1,"数据模型与表结构",1,2026-09-06,低,官方,7,https://www.postgresql.org/docs/current/ddl-basics.html,unknown,amber,"其他来源 · 待核实"
backend,dbp-c1,dbp-c1-s2,"索引与存储结构",1,2026-09-06,低,官方,12,https://www.postgresql.org/docs/current/storage-page-layout.html,unknown,amber,"其他来源 · 待核实"
backend,dbp-c1,dbp-c1-s3,"表分区与分片",1,2026-09-06,低,官方,5,https://www.postgresql.org/docs/current/ddl-partitioning.html,unknown,amber,"其他来源 · 待核实"
backend,dbp-c1,dbp-c1-s4,"事务与ACID特性",1,2026-09-06,低,官方,10,https://www.postgresql.org/docs/current/transaction-iso.html,unknown,amber,"其他来源 · 待核实"
backend,dbp-c1,dbp-c1-s5,"数据完整性约束",1,2026-09-06,低,官方,7,https://www.postgresql.org/docs/current/ddl-constraints.html#DDL-CONSTRAINTS-PRIMARY-KEYS,unknown,amber,"其他来源 · 待核实"
backend,dbp-c2,dbp-c2-s1,"枚举与复合类型",1,2026-09-06,低,官方,6,https://www.postgresql.org/docs/current/datatype-enum.html,unknown,amber,"其他来源 · 待核实"
backend,dbp-c2,dbp-c2-s2,"范围类型与多范围类型",1,2026-09-06,低,官方,5,https://www.postgresql.org/docs/current/rangetypes.html,unknown,amber,"其他来源 · 待核实"
backend,dbp-c2,dbp-c2-s3,"JSON与JSONB类型",1,2026-09-06,低,官方,5,https://www.postgresql.org/docs/current/datatype-json.html,unknown,amber,"其他来源 · 待核实"
backend,dbp-c2,dbp-c2-s4,"数组与用户自定义类型",1,2026-09-06,低,官方,6,https://www.postgresql.org/docs/current/arrays.html,unknown,amber,"其他来源 · 待核实"
backend,dbp-c2,dbp-c2-s5,"类型转换与函数",1,2026-09-06,低,官方,8,https://www.postgresql.org/docs/current/typeconv-overview.html,unknown,amber,"其他来源 · 待核实"
backend,dbp-c3,dbp-c3-s1,"MVCC基本概念",1,2026-09-06,低,官方,4,https://www.postgresql.org/docs/current/transaction-iso.html,unknown,amber,"其他来源 · 待核实"
backend,dbp-c3,dbp-c3-s2,"事务隔离级别",1,2026-09-06,低,官方,3,https://www.postgresql.org/docs/current/transaction-iso.html,unknown,amber,"其他来源 · 待核实"
backend,dbp-c3,dbp-c3-s3,"快照与可见性规则",1,2026-09-06,低,官方,6,https://www.postgresql.org/docs/current/transaction-iso.html,unknown,amber,"其他来源 · 待核实"
backend,dbp-c3,dbp-c3-s4,"清理（VACUUM）与死元组",1,2026-09-06,低,官方,5,https://www.postgresql.org/docs/current/sql-vacuum.html,unknown,amber,"其他来源 · 待核实"
backend,dbp-c3,dbp-c3-s5,"锁与并发控制机制",1,2026-09-06,低,官方,5,https://www.postgresql.org/docs/current/explicit-locking.html#LOCKING-TABLES,unknown,amber,"其他来源 · 待核实"
backend,dbp-c3,dbp-c3-s6,"MVCC与性能优化",1,2026-09-06,低,官方,4,https://www.postgresql.org/docs/current/sql-createtable.html#SQL-CREATETABLE-STORAGE-PARAMETERS,unknown,amber,"其他来源 · 待核实"
backend,dbn-c1,dbn-c1-s1,"文档数据库基础",1,2026-09-06,低,官方,7,https://www.mongodb.com/docs/manual/core/databases-and-collections/,unknown,amber,"其他来源 · 待核实"
backend,dbn-c1,dbn-c1-s2,"CRUD 操作与查询语言",1,2026-09-06,低,官方,10,https://www.mongodb.com/docs/manual/tutorial/insert-documents/,unknown,amber,"其他来源 · 待核实"
backend,dbn-c1,dbn-c1-s3,"索引与查询性能",1,2026-09-06,低,官方,6,https://www.mongodb.com/docs/manual/core/indexes/index-types/index-single/,unknown,amber,"其他来源 · 待核实"
backend,dbn-c1,dbn-c1-s4,"聚合框架",1,2026-09-06,低,官方,8,https://www.mongodb.com/docs/manual/core/aggregation-pipeline/,unknown,amber,"其他来源 · 待核实"
backend,dbn-c1,dbn-c1-s5,"数据模型设计模式",1,2026-09-06,低,官方,8,https://www.mongodb.com/docs/manual/core/data-model-design/,unknown,amber,"其他来源 · 待核实"
backend,dbn-c2,dbn-c2-s1,"复制集架构",1,2026-09-06,低,官方,8,https://www.mongodb.com/docs/manual/replication/#primary,unknown,amber,"其他来源 · 待核实"
backend,dbn-c2,dbn-c2-s2,"故障转移与选举",1,2026-09-06,低,官方,5,https://www.mongodb.com/docs/manual/core/replica-set-elections/,unknown,amber,"其他来源 · 待核实"
backend,dbn-c2,dbn-c2-s3,"读写关注与一致性",1,2026-09-06,低,官方,5,https://www.mongodb.com/docs/manual/reference/read-concern/,unknown,amber,"其他来源 · 待核实"
backend,dbn-c2,dbn-c2-s4,"复制集运维",1,2026-09-06,低,官方,6,https://www.mongodb.com/docs/manual/tutorial/add-member-to-replica-set/,unknown,amber,"其他来源 · 待核实"
backend,dbn-c3,dbn-c3-s1,"分片集群组件",1,2026-09-06,低,官方,5,https://www.mongodb.com/docs/manual/core/sharded-cluster-shards/,unknown,amber,"其他来源 · 待核实"
backend,dbn-c3,dbn-c3-s2,"分片策略",1,2026-09-06,低,官方,7,https://www.mongodb.com/docs/manual/core/ranged-sharding/,unknown,amber,"其他来源 · 待核实"
backend,dbn-c3,dbn-c3-s3,"分片集群管理",1,2026-09-06,低,官方,5,https://www.mongodb.com/docs/manual/tutorial/add-shards-to-cluster/,unknown,amber,"其他来源 · 待核实"
backend,dbn-c3,dbn-c3-s4,"分片与高可用结合",1,2026-09-06,低,官方,6,https://www.mongodb.com/docs/manual/sharding/#shards,unknown,amber,"其他来源 · 待核实"
backend,dbn-c4,dbn-c4-s1,"多文档事务",1,2026-09-06,低,官方,6,https://www.mongodb.com/docs/manual/core/transactions/,unknown,amber,"其他来源 · 待核实"
backend,dbn-c4,dbn-c4-s2,"最终一致性场景",1,2026-09-06,低,官方,6,https://www.mongodb.com/docs/manual/replication/,unknown,amber,"其他来源 · 待核实"
backend,dbn-c4,dbn-c4-s3,"变更流（Change Streams）",1,2026-09-06,低,官方,7,https://www.mongodb.com/docs/manual/changeStreams/,unknown,amber,"其他来源 · 待核实"
backend,dbn-c4,dbn-c4-s4,"一致性权衡实践",1,2026-09-06,低,官方,6,https://www.mongodb.com/docs/manual/reference/read-concern/,unknown,amber,"其他来源 · 待核实"
backend,dbn-c5,dbn-c5-s1,"宽列存储架构",1,2026-09-06,低,官方,7,https://cassandra.apache.org/doc/latest/cassandra/architecture/overview.html,unknown,amber,"其他来源 · 待核实"
backend,dbn-c5,dbn-c5-s2,"CQL 基础",1,2026-09-06,低,官方,8,https://cassandra.apache.org/doc/latest/cassandra/cql/ddl.html#create-keyspace,unknown,amber,"其他来源 · 待核实"
backend,dbn-c5,dbn-c5-s3,"主键与数据分布",1,2026-09-06,低,官方,6,https://cassandra.apache.org/doc/latest/cassandra/data_modeling/data_distribution.html,unknown,amber,"其他来源 · 待核实"
backend,dbn-c5,dbn-c5-s4,"查询与索引",1,2026-09-06,低,官方,5,https://cassandra.apache.org/doc/latest/cassandra/data_modeling/data_modeling_rdbms.html,unknown,amber,"其他来源 · 待核实"
backend,dbn-c5,dbn-c5-s5,"数据类型与集合",1,2026-09-06,低,官方,5,https://cassandra.apache.org/doc/latest/cassandra/cql/types.html,unknown,amber,"其他来源 · 待核实"
devops,op-c1,op-c1-s1,"Linux 文件系统层级与 FHS",1,2026-08-02,低,官方(可溯源),2,https://refspecs.linuxfoundation.org/FHS_3.0/fhs/index.html,unknown,amber,"其他来源 · 待核实"
devops,op-c1,op-c1-s2,"文件与目录操作",1,2026-08-02,低,官方(可溯源),1,https://www.gnu.org/software/coreutils/manual/coreutils.html,unknown,amber,"其他来源 · 待核实"
devops,op-c1,op-c1-s3,"文本处理三剑客 grep / sed / awk",1,2026-08-02,低,官方(可溯源),1,https://pubs.opengroup.org/onlinepubs/9699919799/utilities/contents.html,unknown,amber,"其他来源 · 待核实"
devops,op-c1,op-c1-s4,"权限模型 rwx / chmod / 特殊权限",1,2026-08-02,低,官方(可溯源),1,https://pubs.opengroup.org/onlinepubs/9699919799/,unknown,amber,"其他来源 · 待核实"
devops,op-c1,op-c1-s5,"进程管理与信号",1,2026-08-02,低,官方(可溯源),2,https://man7.org/linux/man-pages/man7/signal.7.html,proprietary,red,"Linux man-pages · GPL 系 / 版权保留"
devops,op-c1,op-c1-s6,"软件包管理",1,2026-08-02,低,官方(可溯源),2,https://manpages.debian.org/apt,unknown,amber,"其他来源 · 待核实"
devops,op-c1,op-c1-s7,"Shell 变量、引号与展开",1,2026-08-02,低,官方(可溯源),2,https://www.gnu.org/software/bash/manual/,unknown,amber,"其他来源 · 待核实"
devops,op-c1,op-c1-s8,"Shell 控制流与函数",1,2026-08-02,低,官方(可溯源),2,https://www.gnu.org/software/bash/manual/,unknown,amber,"其他来源 · 待核实"
devops,op-c1,op-c1-s9,"定时任务与日志轮转",1,2026-08-02,低,官方(可溯源),2,https://man7.org/linux/man-pages/man5/crontab.5.html,proprietary,red,"Linux man-pages · GPL 系 / 版权保留"
devops,op-c2,op-c2-s1,"TCP/IP 协议栈与连接管理",1,2026-08-02,低,官方(可溯源),3,https://www.rfc-editor.org/rfc/rfc9293,unknown,amber,"其他来源 · 待核实"
devops,op-c2,op-c2-s2,"DNS 解析全流程",1,2026-08-02,低,官方(可溯源),3,https://www.rfc-editor.org/rfc/rfc1035,unknown,amber,"其他来源 · 待核实"
devops,op-c2,op-c2-s3,"HTTP 语义与请求/响应",1,2026-08-02,低,官方(可溯源),7,https://example.com,unknown,amber,"其他来源 · 待核实"
devops,op-c2,op-c2-s4,"TLS/HTTPS 与证书体系",1,2026-08-02,低,官方(可溯源),4,https://example.com,unknown,amber,"其他来源 · 待核实"
devops,op-c2,op-c2-s5,"Nginx 架构与配置骨架",1,2026-08-02,低,官方(可溯源),2,https://nginx.org/en/docs/,unknown,amber,"Nginx Docs · 待核实（2-clause BSD 类）"
devops,op-c2,op-c2-s6,"反向代理与负载均衡",1,2026-08-02,低,官方(可溯源),3,http://backend;`,unknown,amber,"其他来源 · 待核实"
devops,op-c2,op-c2-s7,"静态资源、缓存与压缩",1,2026-08-02,低,官方(可溯源),2,https://nginx.org/en/docs/http/ngx_http_gzip_module.html,unknown,amber,"Nginx Docs · 待核实（2-clause BSD 类）"
devops,op-c2,op-c2-s8,"限流、安全头与防盗链",1,2026-08-02,低,官方(可溯源),2,https://nginx.org/en/docs/http/ngx_http_limit_req_module.html,unknown,amber,"Nginx Docs · 待核实（2-clause BSD 类）"
devops,op-c2,op-c2-s9,"网络排障工具链",1,2026-08-02,低,官方(可溯源),1,https://wiki.linuxfoundation.org/networking/iproute2,unknown,amber,"其他来源 · 待核实"
devops,op-c3,op-c3-s1,"容器原理与镜像概念",1,2026-08-02,高,官方(可溯源),3,https://man7.org/linux/man-pages/man7/namespaces.7.html,proprietary,red,"Linux man-pages · GPL 系 / 版权保留"
devops,op-c3,op-c3-s2,"Dockerfile 与镜像优化",1,2026-08-02,高,官方(可溯源),2,https://docs.docker.com/reference/dockerfile/,unknown,amber,"Docker Docs · 待核实"
devops,op-c3,op-c3-s3,"Docker 网络与存储卷",1,2026-08-02,高,官方(可溯源),3,https://docs.docker.com/network/,unknown,amber,"Docker Docs · 待核实"
devops,op-c3,op-c3-s4,"Kubernetes 架构与核心组件",1,2026-08-02,高,官方(可溯源),4,https://kubernetes.io/docs/concepts/architecture/,cc-by-4.0,green,"Kubernetes Docs · CC-BY-4.0 / Apache-2.0"
devops,op-c3,op-c3-s5,"Pod 与 Workload 控制器",1,2026-08-02,高,官方(可溯源),2,https://kubernetes.io/docs/concepts/workloads/pods/,cc-by-4.0,green,"Kubernetes Docs · CC-BY-4.0 / Apache-2.0"
devops,op-c3,op-c3-s6,"Service 与网络模型",1,2026-08-02,高,官方(可溯源),4,http://web:80,unknown,amber,"其他来源 · 待核实"
devops,op-c3,op-c3-s7,"配置与密钥管理",1,2026-08-02,高,官方(可溯源),3,https://kubernetes.io/docs/concepts/configuration/configmap/,cc-by-4.0,green,"Kubernetes Docs · CC-BY-4.0 / Apache-2.0"
devops,op-c3,op-c3-s8,"健康检查、滚动更新与回滚",1,2026-08-02,高,官方(可溯源),2,https://kubernetes.io/docs/concepts/workloads/pods/pod-lifecycle/#container-probes,cc-by-4.0,green,"Kubernetes Docs · CC-BY-4.0 / Apache-2.0"
devops,op-c3,op-c3-s9,"资源限制、调度与排障",1,2026-08-02,高,官方(可溯源),3,https://kubernetes.io/docs/concepts/configuration/manage-resources-containers/,cc-by-4.0,green,"Kubernetes Docs · CC-BY-4.0 / Apache-2.0"
devops,op-c4,op-c4-s1,"CI/CD 流水线设计",1,2026-08-02,中,官方(可溯源),3,https://dora.dev/,unknown,amber,"其他来源 · 待核实"
devops,op-c4,op-c4-s2,"Git 分支策略与语义化版本",1,2026-08-02,中,官方(可溯源),3,https://semver.org/,unknown,amber,"其他来源 · 待核实"
devops,op-c4,op-c4-s3,"制品管理与镜像仓库",1,2026-08-02,中,官方(可溯源),3,https://github.com/opencontainers/distribution-spec,unknown,amber,"其他来源 · 待核实"
devops,op-c4,op-c4-s4,"发布策略",1,2026-08-02,中,官方(可溯源),3,https://kubernetes.io/docs/concepts/workloads/controllers/deployment/,cc-by-4.0,green,"Kubernetes Docs · CC-BY-4.0 / Apache-2.0"
devops,op-c4,op-c4-s5,"监控指标体系（Prometheus）",1,2026-08-02,中,官方(可溯源),3,https://prometheus.io/docs/concepts/data_model/,apache-2.0,green,"Prometheus Docs · Apache-2.0"
devops,op-c4,op-c4-s6,"可视化与告警",1,2026-08-02,中,官方(可溯源),4,https://wiki/runbook/api,unknown,amber,"其他来源 · 待核实"
devops,op-c4,op-c4-s7,"日志体系",1,2026-08-02,中,官方(可溯源),4,https://www.elastic.co/guide/index.html,unknown,amber,"其他来源 · 待核实"
devops,op-c4,op-c4-s8,"分布式追踪",1,2026-08-02,中,官方(可溯源),3,https://opentelemetry.io/docs/,unknown,amber,"其他来源 · 待核实"
devops,op-c4,op-c4-s9,"可观测性三位一体与 OnCall",1,2026-08-02,中,官方(可溯源),3,https://sre.google/sre-book/,unknown,amber,"其他来源 · 待核实"
devops,op-c5,op-c5-s1,"安全运维与最小权限原则",1,2026-08-02,低,官方(可溯源),1,https://docs.aws.amazon.com/wellarchitected/latest/security-pillar/welcome.html,unknown,amber,"其他来源 · 待核实"
devops,op-c5,op-c5-s2,"密钥与凭证管理",1,2026-08-02,低,官方(可溯源),1,https://docs.aws.amazon.com/wellarchitected/latest/security-pillar/welcome.html,unknown,amber,"其他来源 · 待核实"
devops,op-c5,op-c5-s3,"等保与合规基线",1,2026-08-02,低,官方(可溯源),1,https://docs.aws.amazon.com/wellarchitected/latest/security-pillar/welcome.html,unknown,amber,"其他来源 · 待核实"
devops,op-c5,op-c5-s4,"SRE 与 SLO/SLI/Error Budget",1,2026-08-02,低,官方(可溯源),1,https://docs.aws.amazon.com/wellarchitected/latest/reliability-pillar/welcome.html,unknown,amber,"其他来源 · 待核实"
devops,op-c5,op-c5-s5,"容量规划与性能压测",1,2026-08-02,低,官方(可溯源),1,https://docs.aws.amazon.com/wellarchitected/latest/reliability-pillar/welcome.html,unknown,amber,"其他来源 · 待核实"
devops,op-c5,op-c5-s6,"成本治理 FinOps",1,2026-08-02,低,官方(可溯源),1,https://docs.aws.amazon.com/wellarchitected/latest/cost-optimization-pillar/welcome.html,unknown,amber,"其他来源 · 待核实"
devops,op-c5,op-c5-s7,"故障演练与混沌工程",1,2026-08-02,低,官方(可溯源),1,https://docs.aws.amazon.com/wellarchitected/latest/reliability-pillar/welcome.html,unknown,amber,"其他来源 · 待核实"
devops,op-c5,op-c5-s8,"监控驱动的稳定性文化",1,2026-08-02,低,官方(可溯源),1,https://docs.aws.amazon.com/wellarchitected/latest/reliability-pillar/welcome.html,unknown,amber,"其他来源 · 待核实"
devops,op-c5,op-c5-s9,"OnCall 与事故响应",1,2026-08-02,低,官方(可溯源),1,https://docs.aws.amazon.com/wellarchitected/latest/reliability-pillar/welcome.html,unknown,amber,"其他来源 · 待核实"
devops,op-c5,op-c5-s10,"DevSecOps 与安全左移",1,2026-08-02,低,官方(可溯源),6,https://kubernetes.io/docs/concepts/security/overview/,cc-by-4.0,green,"Kubernetes Docs · CC-BY-4.0 / Apache-2.0"
devops,op-c6,op-c6-s1,"MySQL 备份与恢复",1,2026-08-02,中,官方(可溯源),2,https://dev.mysql.com/doc/refman/8.4/en/,proprietary,red,"Oracle MySQL 手册 · 明示禁止复制·再分发"
devops,op-c6,op-c6-s2,"MySQL 主从复制运维",1,2026-08-02,中,官方(可溯源),2,https://dev.mysql.com/doc/refman/8.4/en/,proprietary,red,"Oracle MySQL 手册 · 明示禁止复制·再分发"
devops,op-c6,op-c6-s3,"Redis 持久化与高可用",1,2026-08-02,中,官方(可溯源),2,https://redis.io/docs/latest/operate/oss_and_stack/management/persistence/,unknown,amber,"Redis Docs · 待核实"
devops,op-c6,op-c6-s4,"慢查询治理与索引优化",1,2026-08-02,中,官方(可溯源),2,https://dev.mysql.com/doc/refman/8.4/en/,proprietary,red,"Oracle MySQL 手册 · 明示禁止复制·再分发"
devops,op-c6,op-c6-s5,"参数调优",1,2026-08-02,中,官方(可溯源),2,https://dev.mysql.com/doc/refman/8.4/en/,proprietary,red,"Oracle MySQL 手册 · 明示禁止复制·再分发"
devops,op-c6,op-c6-s6,"高可用架构",1,2026-08-02,中,官方(可溯源),2,https://dev.mysql.com/doc/refman/8.4/en/,proprietary,red,"Oracle MySQL 手册 · 明示禁止复制·再分发"
devops,op-c6,op-c6-s7,"在线 schema 变更",1,2026-08-02,中,官方(可溯源),2,https://dev.mysql.com/doc/refman/8.4/en/,proprietary,red,"Oracle MySQL 手册 · 明示禁止复制·再分发"
devops,op-c6,op-c6-s8,"容量规划与监控",1,2026-08-02,中,官方(可溯源),2,https://dev.mysql.com/doc/refman/8.4/en/,proprietary,red,"Oracle MySQL 手册 · 明示禁止复制·再分发"
devops,op-c6,op-c6-s9,"容灾与恢复演练",1,2026-08-02,中,官方(可溯源),6,https://www.postgresql.org/docs/current/,unknown,amber,"其他来源 · 待核实"
devops,op-c7,op-c7-s1,"IaC 理念与价值",1,2026-08-02,高,官方(可溯源),2,https://developer.hashicorp.com/terraform/docs,unknown,amber,"其他来源 · 待核实"
devops,op-c7,op-c7-s2,"Terraform 核心：HCL 与生命周期",1,2026-08-02,高,官方(可溯源),1,https://developer.hashicorp.com/terraform/docs,unknown,amber,"其他来源 · 待核实"
devops,op-c7,op-c7-s3,"Terraform 状态与后端",1,2026-08-02,高,官方(可溯源),1,https://developer.hashicorp.com/terraform/docs,unknown,amber,"其他来源 · 待核实"
devops,op-c7,op-c7-s4,"模块化与可复用",1,2026-08-02,高,官方(可溯源),2,https://developer.hashicorp.com/terraform/docs,unknown,amber,"其他来源 · 待核实"
devops,op-c7,op-c7-s5,"公有云计算与网络",1,2026-08-02,高,官方(可溯源),1,https://learn.microsoft.com/en-us/azure/architecture/,unknown,amber,"其他来源 · 待核实"
devops,op-c7,op-c7-s6,"对象存储与 CDN",1,2026-08-02,高,官方(可溯源),1,https://learn.microsoft.com/en-us/azure/architecture/,unknown,amber,"其他来源 · 待核实"
devops,op-c7,op-c7-s7,"Serverless 与函数计算",1,2026-08-02,高,官方(可溯源),1,https://learn.microsoft.com/en-us/azure/architecture/,unknown,amber,"其他来源 · 待核实"
devops,op-c7,op-c7-s8,"GitOps 与 IaC 的 CI/CD",1,2026-08-02,高,官方(可溯源),2,https://developer.hashicorp.com/terraform/docs,unknown,amber,"其他来源 · 待核实"
devops,op-c7,op-c7-s9,"多环境与状态隔离",1,2026-08-02,高,官方(可溯源),6,https://developer.hashicorp.com/terraform/docs,unknown,amber,"其他来源 · 待核实"
devops,op-c8,op-c8-s1,"平台即产品与黄金路径",1,2026-08-02,高,官方(可溯源),2,https://internaldeveloperplatform.org/,unknown,amber,"其他来源 · 待核实"
devops,op-c8,op-c8-s2,"Team Topologies 与认知负荷",1,2026-08-02,高,官方(可溯源),2,https://internaldeveloperplatform.org/,unknown,amber,"其他来源 · 待核实"
devops,op-c8,op-c8-s3,"IDP 架构与抽象层",1,2026-08-02,高,官方(可溯源),1,https://backstage.io/docs/,unknown,amber,"其他来源 · 待核实"
devops,op-c8,op-c8-s4,"自服务与脚手架",1,2026-08-02,高,官方(可溯源),1,https://backstage.io/docs/,unknown,amber,"其他来源 · 待核实"
devops,op-c8,op-c8-s5,"平台效能度量 DORA",1,2026-08-02,高,官方(可溯源),5,https://backstage.io/docs/,unknown,amber,"其他来源 · 待核实"
devops,k8-c1,k8-c1-s1,"Kubernetes 是什么",1,2026-09-02,低,官方,6,https://kubernetes.io/docs/concepts/overview/,cc-by-4.0,green,"Kubernetes Docs · CC-BY-4.0 / Apache-2.0"
devops,k8-c1,k8-c1-s2,"Kubernetes 组件",1,2026-09-02,低,官方,11,https://kubernetes.io/docs/concepts/overview/components/#control-plane-components,cc-by-4.0,green,"Kubernetes Docs · CC-BY-4.0 / Apache-2.0"
devops,k8-c1,k8-c1-s3,"Kubernetes API 与对象",1,2026-09-02,低,官方,8,https://kubernetes.io/docs/concepts/overview/kubernetes-api/,cc-by-4.0,green,"Kubernetes Docs · CC-BY-4.0 / Apache-2.0"
devops,k8-c1,k8-c1-s4,"工作负载资源",1,2026-09-02,低,官方,8,https://kubernetes.io/docs/concepts/workloads/pods/,cc-by-4.0,green,"Kubernetes Docs · CC-BY-4.0 / Apache-2.0"
devops,k8-c1,k8-c1-s5,"服务、负载均衡与网络",1,2026-09-02,低,官方,6,https://kubernetes.io/docs/concepts/services-networking/service/,cc-by-4.0,green,"Kubernetes Docs · CC-BY-4.0 / Apache-2.0"
devops,k8-c1,k8-c1-s6,"存储",1,2026-09-02,低,官方,6,https://kubernetes.io/docs/concepts/storage/volumes/,cc-by-4.0,green,"Kubernetes Docs · CC-BY-4.0 / Apache-2.0"
devops,k8-c2,k8-c2-s1,"集群架构与安装",1,2026-09-02,低,官方,7,https://kubernetes.io/docs/setup/production-environment/tools/kubeadm/,cc-by-4.0,green,"Kubernetes Docs · CC-BY-4.0 / Apache-2.0"
devops,k8-c2,k8-c2-s2,"认证与授权",1,2026-09-02,低,官方,7,https://kubernetes.io/docs/reference/access-authn-authz/authentication/#x509-client-certificates,cc-by-4.0,green,"Kubernetes Docs · CC-BY-4.0 / Apache-2.0"
devops,k8-c2,k8-c2-s3,"安全与合规",1,2026-09-02,低,官方,7,https://kubernetes.io/docs/concepts/security/pod-security-standards/,cc-by-4.0,green,"Kubernetes Docs · CC-BY-4.0 / Apache-2.0"
devops,k8-c2,k8-c2-s4,"集群维护与生命周期",1,2026-09-02,低,官方,8,https://kubernetes.io/docs/setup/release/version-skew-policy/,cc-by-4.0,green,"Kubernetes Docs · CC-BY-4.0 / Apache-2.0"
devops,k8-c2,k8-c2-s5,"扩展与资源管理",1,2026-09-02,低,官方,5,https://kubernetes.io/docs/concepts/policy/resource-quotas/,cc-by-4.0,green,"Kubernetes Docs · CC-BY-4.0 / Apache-2.0"
devops,k8-c3,k8-c3-s1,"Pod 设计模式",1,2026-09-02,低,官方,5,https://kubernetes.io/docs/concepts/workloads/pods/#pod-networking,cc-by-4.0,green,"Kubernetes Docs · CC-BY-4.0 / Apache-2.0"
devops,k8-c3,k8-c3-s2,"配置与密钥管理",1,2026-09-02,低,官方,7,https://kubernetes.io/docs/concepts/configuration/configmap/,cc-by-4.0,green,"Kubernetes Docs · CC-BY-4.0 / Apache-2.0"
devops,k8-c3,k8-c3-s3,"应用部署策略",1,2026-09-02,低,官方,5,https://kubernetes.io/docs/concepts/workloads/controllers/deployment/#updating-a-deployment,cc-by-4.0,green,"Kubernetes Docs · CC-BY-4.0 / Apache-2.0"
devops,k8-c3,k8-c3-s4,"服务发现与负载均衡",1,2026-09-02,低,官方,6,https://kubernetes.io/docs/concepts/services-networking/dns-pod-service/,cc-by-4.0,green,"Kubernetes Docs · CC-BY-4.0 / Apache-2.0"
devops,k8-c3,k8-c3-s5,"可观测性",1,2026-09-02,低,官方,7,https://kubernetes.io/docs/concepts/cluster-administration/logging/,cc-by-4.0,green,"Kubernetes Docs · CC-BY-4.0 / Apache-2.0"
devops,k8-c4,k8-c4-s1,"网络模型与插件",1,2026-09-02,低,官方,7,https://kubernetes.io/docs/concepts/cluster-administration/networking/,cc-by-4.0,green,"Kubernetes Docs · CC-BY-4.0 / Apache-2.0"
devops,k8-c4,k8-c4-s2,"服务网格",1,2026-09-02,低,官方,4,https://kubernetes.io/docs/concepts/services-networking/service/,cc-by-4.0,green,"Kubernetes Docs · CC-BY-4.0 / Apache-2.0"
devops,k8-c4,k8-c4-s3,"存储类与动态供给",1,2026-09-02,低,官方,6,https://kubernetes.io/docs/concepts/storage/storage-classes/,cc-by-4.0,green,"Kubernetes Docs · CC-BY-4.0 / Apache-2.0"
devops,k8-c4,k8-c4-s4,"有状态应用管理",1,2026-09-02,低,官方,5,https://kubernetes.io/docs/concepts/workloads/controllers/statefulset/#pod-identity,cc-by-4.0,green,"Kubernetes Docs · CC-BY-4.0 / Apache-2.0"
devops,k8-c5,k8-c5-s1,"自定义资源（CRD）",1,2026-09-02,低,官方,5,https://kubernetes.io/docs/concepts/extend-kubernetes/api-extension/custom-resources/,cc-by-4.0,green,"Kubernetes Docs · CC-BY-4.0 / Apache-2.0"
devops,k8-c5,k8-c5-s2,"控制器与 Operator",1,2026-09-02,低,官方,7,https://kubernetes.io/docs/concepts/architecture/controller/,cc-by-4.0,green,"Kubernetes Docs · CC-BY-4.0 / Apache-2.0"
devops,k8-c5,k8-c5-s3,"准入控制与动态准入",1,2026-09-02,低,官方,6,https://kubernetes.io/docs/reference/access-authn-authz/extensible-admission-controllers/,cc-by-4.0,green,"Kubernetes Docs · CC-BY-4.0 / Apache-2.0"
devops,k8-c5,k8-c5-s4,"聚合 API 与扩展 API Server",1,2026-09-02,低,官方,6,https://kubernetes.io/docs/concepts/extend-kubernetes/api-extension/apiserver-aggregation/,cc-by-4.0,green,"Kubernetes Docs · CC-BY-4.0 / Apache-2.0"
devops,k8-c6,k8-c6-s1,"高可用与容灾",1,2026-09-02,低,官方,5,https://kubernetes.io/docs/setup/best-practices/multiple-zones/,cc-by-4.0,green,"Kubernetes Docs · CC-BY-4.0 / Apache-2.0"
devops,k8-c6,k8-c6-s2,"性能调优与成本优化",1,2026-09-02,低,官方,6,https://kubernetes.io/docs/concepts/configuration/manage-resources-containers/,cc-by-4.0,green,"Kubernetes Docs · CC-BY-4.0 / Apache-2.0"
devops,k8-c6,k8-c6-s3,"CI/CD 集成",1,2026-09-02,低,官方,10,https://kubernetes.io/docs/concepts/configuration/overview/,cc-by-4.0,green,"Kubernetes Docs · CC-BY-4.0 / Apache-2.0"
devops,k8-c6,k8-c6-s4,"云原生生态与平台",1,2026-09-02,低,官方,11,https://www.cncf.io/projects/,unknown,amber,"其他来源 · 待核实"
devops,cl-c1,cl-c1-s1,"云治理概述与驱动力",1,2026-09-02,低,官方,9,https://docs.aws.amazon.com/whitepapers/latest/aws-governance-cloud-best-practices/overview.html,unknown,amber,"其他来源 · 待核实"
devops,cl-c1,cl-c1-s2,"AWS Well-Architected Framework与治理支柱",1,2026-09-02,低,官方,6,https://docs.aws.amazon.com/wellarchitected/latest/framework/welcome.html,unknown,amber,"其他来源 · 待核实"
devops,cl-c1,cl-c1-s3,"Microsoft Cloud Adoption Framework (CAF)",1,2026-09-02,低,官方,9,https://learn.microsoft.com/en-us/azure/cloud-adoption-framework/govern/,unknown,amber,"其他来源 · 待核实"
devops,cl-c2,cl-c2-s1,"AWS IAM核心概念与策略管理",1,2026-09-02,低,官方,8,https://docs.aws.amazon.com/IAM/latest/UserGuide/id_users.html,unknown,amber,"其他来源 · 待核实"
devops,cl-c2,cl-c2-s2,"Azure Entra ID与RBAC治理",1,2026-09-02,低,官方,9,https://learn.microsoft.com/en-us/entra/identity/,unknown,amber,"其他来源 · 待核实"
devops,cl-c2,cl-c2-s3,"跨云身份治理与联合身份",1,2026-09-02,低,官方,12,https://docs.aws.amazon.com/IAM/latest/UserGuide/id_roles_providers.html,unknown,amber,"其他来源 · 待核实"
devops,cl-c3,cl-c3-s1,"AWS Organizations与OU设计",1,2026-09-02,低,官方,4,https://docs.aws.amazon.com/organizations/latest/userguide/orgs_getting-started_concepts.html,unknown,amber,"其他来源 · 待核实"
devops,cl-c3,cl-c3-s2,"Azure管理组与订阅治理",1,2026-09-02,低,官方,7,https://learn.microsoft.com/zh-cn/azure/governance/management-groups/overview,unknown,amber,"其他来源 · 待核实"
devops,cl-c3,cl-c3-s3,"跨云资源层级与策略统一",1,2026-09-02,低,官方,5,https://docs.aws.amazon.com/organizations/latest/userguide/orgs_getting-started_concepts.html,unknown,amber,"其他来源 · 待核实"
devops,cl-c4,cl-c4-s1,"AWS VPC与网络ACL治理",1,2026-09-02,低,官方,9,https://docs.aws.amazon.com/vpc/latest/userguide/what-is-amazon-vpc.html,unknown,amber,"其他来源 · 待核实"
devops,cl-c4,cl-c4-s2,"Azure虚拟网络与网络安全组治理",1,2026-09-02,低,官方,7,https://learn.microsoft.com/en-us/azure/virtual-network/virtual-networks-overview,unknown,amber,"其他来源 · 待核实"
devops,cl-c4,cl-c4-s3,"混合云网络与私有云连接治理",1,2026-09-02,低,官方,10,https://docs.aws.amazon.com/vpn/latest/s2svpn/VPC_VPN.html,unknown,amber,"其他来源 · 待核实"
devops,cl-c5,cl-c5-s1,"AWS数据存储治理",1,2026-09-02,低,官方,5,https://docs.aws.amazon.com/zh_cn/AmazonS3/latest/userguide/access-control-overview.html,unknown,amber,"其他来源 · 待核实"
devops,cl-c5,cl-c5-s2,"Azure数据存储治理",1,2026-09-02,低,官方,8,https://learn.microsoft.com/zh-cn/azure/storage/blobs/access-tiers-overview,unknown,amber,"其他来源 · 待核实"
devops,cl-c5,cl-c5-s3,"数据合规与隐私治理",1,2026-09-02,低,官方,15,https://aws.amazon.com/compliance/shared-responsibility-model/,unknown,amber,"其他来源 · 待核实"
devops,cl-c6,cl-c6-s1,"AWS成本管理工具与预算",1,2026-09-02,低,官方,7,https://docs.aws.amazon.com/awsaccountbilling/latest/aboutv2/billing-what-is.html,unknown,amber,"其他来源 · 待核实"
devops,cl-c6,cl-c6-s2,"Azure成本管理与优化",1,2026-09-02,低,官方,8,https://learn.microsoft.com/zh-cn/azure/cost-management/,unknown,amber,"其他来源 · 待核实"
devops,cl-c6,cl-c6-s3,"跨云成本治理策略",1,2026-09-02,低,官方,10,https://docs.aws.amazon.com/cost-management/latest/userguide/what-is-costmanagement.html,unknown,amber,"其他来源 · 待核实"
devops,cl-c7,cl-c7-s1,"AWS合规与审计服务",1,2026-09-02,低,官方,7,https://docs.aws.amazon.com/config/latest/developerguide/What-Is-AWS-Config.html,unknown,amber,"其他来源 · 待核实"
devops,cl-c7,cl-c7-s2,"Azure合规与审计服务",1,2026-09-02,低,官方,5,https://learn.microsoft.com/zh-cn/azure/governance/policy/overview,unknown,amber,"其他来源 · 待核实"
devops,cl-c7,cl-c7-s3,"持续合规与自动化审计",1,2026-09-02,低,官方,9,https://docs.aws.amazon.com/config/latest/developerguide/conformance-packs.html,unknown,amber,"其他来源 · 待核实"
devops,cl-c8,cl-c8-s1,"私有云治理基础",1,2026-09-02,低,官方,7,https://learn.microsoft.com/azure-stack/operator/azure-stack-manage-resources,unknown,amber,"其他来源 · 待核实"
devops,cl-c8,cl-c8-s2,"Azure Stack与AWS Outposts治理",1,2026-09-02,低,官方,6,https://learn.microsoft.com/en-us/azure-stack/operator/azure-stack-architecture?view=azs-2408,unknown,amber,"其他来源 · 待核实"
devops,cl-c8,cl-c8-s3,"混合云治理架构设计",1,2026-09-02,低,官方,18,https://learn.microsoft.com/azure/azure-arc/overview,unknown,amber,"其他来源 · 待核实"
devops,cl-c9,cl-c9-s1,"AWS CloudFormation与治理自动化",1,2026-09-02,低,官方,6,https://docs.aws.amazon.com/AWSCloudFormation/latest/UserGuide/template-anatomy.html,unknown,amber,"其他来源 · 待核实"
devops,cl-c9,cl-c9-s2,"Azure Resource Manager与Bicep治理",1,2026-09-02,低,官方,5,https://learn.microsoft.com/zh-cn/azure/azure-resource-manager/bicep/,unknown,amber,"其他来源 · 待核实"
devops,cl-c9,cl-c9-s3,"跨云IaC与治理流水线",1,2026-09-02,低,官方,7,https://developer.hashicorp.com/terraform/docs/language/providers,unknown,amber,"其他来源 · 待核实"
devops,cl-c10,cl-c10-s1,"AWS治理运营监控",1,2026-09-02,低,官方,6,https://docs.aws.amazon.com/AmazonCloudWatch/latest/monitoring/WhatIsCloudWatch.html,unknown,amber,"其他来源 · 待核实"
devops,cl-c10,cl-c10-s2,"Azure治理运营监控",1,2026-09-02,低,官方,7,https://learn.microsoft.com/zh-cn/azure/azure-monitor/essentials/data-platform,unknown,amber,"其他来源 · 待核实"
devops,cl-c10,cl-c10-s3,"持续治理改进与成熟度模型",1,2026-09-02,低,官方,7,https://docs.aws.amazon.com/whitepapers/latest/governance-at-scale/governance-at-scale.html,unknown,amber,"其他来源 · 待核实"
devops,os-c1,os-c1-s1,"安全基础概念",1,2026-09-02,低,官方,7,https://owasp.org/www-community/controls/,unknown,amber,"OWASP · 待核实"
devops,os-c1,os-c1-s2,"威胁建模基础",1,2026-09-02,低,官方,4,https://owasp.org/www-community/Threat_Modeling,unknown,amber,"OWASP · 待核实"
devops,os-c1,os-c1-s3,"风险与漏洞管理",1,2026-09-02,低,官方,6,https://owasp.org/www-community/OWASP_Risk_Rating_Methodology,unknown,amber,"OWASP · 待核实"
devops,os-c2,os-c2-s1,"网络防护",1,2026-09-02,低,官方,4,https://owasp.org/www-community/controls/Network_Firewall_Guidance,unknown,amber,"OWASP · 待核实"
devops,os-c2,os-c2-s2,"应用安全防护",1,2026-09-02,低,官方,7,https://owasp.org/www-project-top-ten/,unknown,amber,"OWASP · 待核实"
devops,os-c2,os-c2-s3,"身份与访问管理",1,2026-09-02,低,官方,4,https://owasp.org/www-community/controls/Blocking_Brute_Force_Attacks,unknown,amber,"OWASP · 待核实"
devops,os-c2,os-c2-s4,"数据安全与加密",1,2026-09-02,低,官方,5,https://www.cisa.gov/news-events/news/encryption-basics-keeping-data-safe,unknown,amber,"其他来源 · 待核实"
devops,os-c3,os-c3-s1,"日志管理与分析",1,2026-09-02,低,官方,5,https://cheatsheetseries.owasp.org/cheatsheets/Logging_Cheat_Sheet.html,unknown,amber,"OWASP · 待核实"
devops,os-c3,os-c3-s2,"入侵检测系统（IDS）",1,2026-09-02,低,官方,6,https://www.cisa.gov/sites/default/files/publications/Detection-and-Monitoring-508c.pdf,unknown,amber,"其他来源 · 待核实"
devops,os-c3,os-c3-s3,"安全信息和事件管理（SIEM）",1,2026-09-02,低,官方,5,https://www.cisa.gov/sites/default/files/publications/Federal_Government_Cybersecurity_Incident_and_Vulnerability_Response_Playbooks_508C.pdf,unknown,amber,"其他来源 · 待核实"
devops,os-c3,os-c3-s4,"威胁情报与检测",1,2026-09-02,低,官方,4,https://www.cisa.gov/news-events/security-advisories,unknown,amber,"其他来源 · 待核实"
devops,os-c4,os-c4-s1,"事件响应准备",1,2026-09-02,低,官方,5,https://www.cisa.gov/sites/default/files/publications/Incident_Response_Recommendations.pdf,unknown,amber,"其他来源 · 待核实"
devops,os-c4,os-c4-s2,"检测与初步分析",1,2026-09-02,低,官方,4,https://www.cisa.gov/sites/default/files/publications/Incident-Response-Playbook.pdf,unknown,amber,"其他来源 · 待核实"
devops,os-c4,os-c4-s3,"遏制、根除与恢复",1,2026-09-02,低,官方,4,https://www.cisa.gov/sites/default/files/publications/Incident-Response-Recommendations_508c.pdf,unknown,amber,"其他来源 · 待核实"
devops,os-c4,os-c4-s4,"事后复盘与改进",1,2026-09-02,低,官方,4,https://www.cisa.gov/sites/default/files/publications/Federal_Government_Cybersecurity_Incident_and_Vulnerability_Response_Playbooks_508C.pdf,unknown,amber,"其他来源 · 待核实"
devops,os-c5,os-c5-s1,"安全标准与框架",1,2026-09-02,低,官方,5,https://www.nist.gov/cyberframework,unknown,amber,"其他来源 · 待核实"
devops,os-c5,os-c5-s2,"法规与合规要求",1,2026-09-02,低,官方,6,https://owasp.org/www-community/controls/General_Data_Protection_Regulation_GDPR,unknown,amber,"OWASP · 待核实"
devops,os-c5,os-c5-s3,"安全度量与持续改进",1,2026-09-02,低,官方,6,https://www.cisa.gov/resources-tools/resources/performance-metrics-guide,unknown,amber,"其他来源 · 待核实"
devops,sre-c1,sre-c1-s1,"SRE 的起源与定义",1,2026-09-03,低,官方,6,https://sre.google/sre-book/introduction/,unknown,amber,"其他来源 · 待核实"
devops,sre-c1,sre-c1-s2,"SRE 的核心原则",1,2026-09-03,低,官方,4,https://sre.google/sre-book/table-of-contents/,unknown,amber,"其他来源 · 待核实"
devops,sre-c1,sre-c1-s3,"SRE 的职责与团队模型",1,2026-09-03,低,官方,12,https://sre.google/sre-book/introduction/,unknown,amber,"其他来源 · 待核实"
devops,sre-c1,sre-c1-s4,"SRE 的实践框架",1,2026-09-03,低,官方,8,https://sre.google/books/,unknown,amber,"其他来源 · 待核实"
devops,sre-c2,sre-c2-s1,"SLI（服务水平指标）",1,2026-09-03,低,官方,4,https://sre.google/sre-book/monitoring-distributed-systems/,unknown,amber,"其他来源 · 待核实"
devops,sre-c2,sre-c2-s2,"SLO（服务水平目标）",1,2026-09-03,低,官方,6,https://sre.google/sre-book/service-level-objectives/,unknown,amber,"其他来源 · 待核实"
devops,sre-c2,sre-c2-s3,"错误预算策略",1,2026-09-03,低,官方,4,https://sre.google/workbook/implementing-slos/,unknown,amber,"其他来源 · 待核实"
devops,sre-c2,sre-c2-s4,"SLI/SLO 的落地实践",1,2026-09-03,低,官方,5,https://sre.google/workbook/slo-documentation/,unknown,amber,"其他来源 · 待核实"
devops,sre-c3,sre-c3-s1,"可观测性概念与重要性",1,2026-09-03,低,官方,4,https://sre.google/sre-book/monitoring-distributed-systems/,unknown,amber,"其他来源 · 待核实"
devops,sre-c3,sre-c3-s2,"日志（Logs）",1,2026-09-03,低,官方,5,https://sre.google/sre-book/monitoring-distributed-systems/,unknown,amber,"其他来源 · 待核实"
devops,sre-c3,sre-c3-s3,"指标（Metrics）",1,2026-09-03,低,官方,9,https://prometheus.io/docs/concepts/metric_types/#counter,apache-2.0,green,"Prometheus Docs · Apache-2.0"
devops,sre-c3,sre-c3-s4,"分布式追踪（Tracing）",1,2026-09-03,低,官方,5,https://sre.google/workbook/implementing-slos/,unknown,amber,"其他来源 · 待核实"
devops,sre-c3,sre-c3-s5,"三大支柱的整合与关联",1,2026-09-03,低,官方,4,https://sre.google/workbook/monitoring-distributed-systems/,unknown,amber,"其他来源 · 待核实"
devops,sre-c4,sre-c4-s1,"Prometheus 架构与核心组件",1,2026-09-03,低,官方,8,https://prometheus.io/docs/introduction/overview/,apache-2.0,green,"Prometheus Docs · Apache-2.0"
devops,sre-c4,sre-c4-s2,"指标采集与 Exporter",1,2026-09-03,低,官方,7,https://prometheus.io/docs/instrumenting/exporters/,apache-2.0,green,"Prometheus Docs · Apache-2.0"
devops,sre-c4,sre-c4-s3,"PromQL 查询语言",1,2026-09-03,低,官方,7,https://prometheus.io/docs/prometheus/latest/querying/basics/,apache-2.0,green,"Prometheus Docs · Apache-2.0"
devops,sre-c4,sre-c4-s4,"告警规则与 Alertmanager",1,2026-09-03,低,官方,6,https://prometheus.io/docs/prometheus/latest/configuration/alerting_rules/,apache-2.0,green,"Prometheus Docs · Apache-2.0"
devops,sre-c4,sre-c4-s5,"Prometheus 与可观测性生态",1,2026-09-03,低,官方,7,https://grafana.com/docs/grafana/latest/datasources/prometheus/,unknown,amber,"其他来源 · 待核实"
devops,sre-c5,sre-c5-s1,"故障响应流程",1,2026-09-03,低,官方,5,https://sre.google/sre-book/effective-troubleshooting/,unknown,amber,"其他来源 · 待核实"
devops,sre-c5,sre-c5-s2,"告警管理与升级策略",1,2026-09-03,低,官方,6,https://sre.google/workbook/alerting-on-slos/,unknown,amber,"其他来源 · 待核实"
devops,sre-c5,sre-c5-s3,"事件沟通与协作",1,2026-09-03,低,官方,5,https://sre.google/workbook/incident-response/,unknown,amber,"其他来源 · 待核实"
devops,sre-c5,sre-c5-s4,"事后总结（Postmortem）",1,2026-09-03,低,官方,6,https://sre.google/sre-book/postmortem-culture/,unknown,amber,"其他来源 · 待核实"
devops,sre-c5,sre-c5-s5,"故障演练与混沌工程",1,2026-09-03,低,官方,7,http://principlesofchaos.org/,unknown,amber,"其他来源 · 待核实"
devops,sre-c6,sre-c6-s1,"SRE 的日常运营",1,2026-09-03,低,官方,6,https://sre.google/sre-book/table-of-contents/,unknown,amber,"其他来源 · 待核实"
devops,sre-c6,sre-c6-s2,"SLO 驱动的开发流程",1,2026-09-03,低,官方,6,https://sre.google/sre-book/service-level-objectives/,unknown,amber,"其他来源 · 待核实"
devops,sre-c6,sre-c6-s3,"可观测性驱动的故障排查",1,2026-09-03,低,官方,4,https://sre.google/workbook/alerting-on-slos/,unknown,amber,"其他来源 · 待核实"
devops,sre-c6,sre-c6-s4,"SRE 文化的推广与落地",1,2026-09-03,低,官方,6,https://sre.google/books/,unknown,amber,"其他来源 · 待核实"
devops,sre-c6,sre-c6-s5,"案例研究与前沿趋势",1,2026-09-03,低,官方,4,https://sre.google/books/,unknown,amber,"其他来源 · 待核实"
devops,dop-c1,dop-c1-s1,"Docker 概述与安装",1,2026-09-03,低,官方,7,https://docs.docker.com/get-started/docker-overview/,unknown,amber,"Docker Docs · 待核实"
devops,dop-c1,dop-c1-s2,"Docker 镜像与容器基础",1,2026-09-03,低,官方,9,https://docs.docker.com/engine/reference/commandline/pull/,unknown,amber,"Docker Docs · 待核实"
devops,dop-c1,dop-c1-s3,"Docker 数据管理",1,2026-09-03,低,官方,4,https://docs.docker.com/storage/,unknown,amber,"Docker Docs · 待核实"
devops,dop-c1,dop-c1-s4,"Docker 网络基础",1,2026-09-03,低,官方,8,https://docs.docker.com/network/drivers/,unknown,amber,"Docker Docs · 待核实"
devops,dop-c1,dop-c1-s5,"Dockerfile 入门",1,2026-09-03,低,官方,7,https://docs.docker.com/reference/dockerfile/#from,unknown,amber,"Docker Docs · 待核实"
devops,dop-c2,dop-c2-s1,"Dockerfile 最佳实践",1,2026-09-03,低,官方,5,https://docs.docker.com/build/building/best-practices/#order-instructions-by-frequency-of-change,unknown,amber,"Docker Docs · 待核实"
devops,dop-c2,dop-c2-s2,"多阶段构建",1,2026-09-03,低,官方,5,https://docs.docker.com/build/building/multi-stage/,unknown,amber,"Docker Docs · 待核实"
devops,dop-c2,dop-c2-s3,"BuildKit 与高级构建功能",1,2026-09-03,低,官方,7,https://docs.docker.com/build/buildkit/,unknown,amber,"Docker Docs · 待核实"
devops,dop-c2,dop-c2-s4,"构建上下文与远程构建",1,2026-09-03,低,官方,11,https://docs.docker.com/build/building/context/,unknown,amber,"Docker Docs · 待核实"
devops,dop-c2,dop-c2-s5,"镜像安全与扫描",1,2026-09-03,低,官方,7,https://docs.docker.com/scout/,unknown,amber,"Docker Docs · 待核实"
devops,dop-c3,dop-c3-s1,"容器运行时架构",1,2026-09-03,低,官方,5,https://docs.docker.com/build/building/oci/,unknown,amber,"Docker Docs · 待核实"
devops,dop-c3,dop-c3-s2,"容器资源限制与监控",1,2026-09-03,低,官方,6,https://docs.docker.com/config/containers/resource_constraints/#cpu,unknown,amber,"Docker Docs · 待核实"
devops,dop-c3,dop-c3-s3,"容器安全加固",1,2026-09-03,低,官方,7,https://docs.docker.com/engine/containers/run/#linux-capabilities,unknown,amber,"Docker Docs · 待核实"
devops,dop-c3,dop-c3-s4,"容器日志与调试",1,2026-09-03,低,官方,5,https://docs.docker.com/engine/logging/drivers/,unknown,amber,"Docker Docs · 待核实"
devops,dop-c3,dop-c3-s5,"容器编排基础",1,2026-09-03,低,官方,8,https://docs.docker.com/compose/compose-file/,unknown,amber,"Docker Docs · 待核实"
devops,dop-c4,dop-c4-s1,"Kubernetes 核心概念",1,2026-09-03,低,官方,8,https://kubernetes.io/docs/concepts/overview/components/,cc-by-4.0,green,"Kubernetes Docs · CC-BY-4.0 / Apache-2.0"
devops,dop-c4,dop-c4-s2,"Pod 与工作负载管理",1,2026-09-03,低,官方,9,https://kubernetes.io/docs/concepts/workloads/pods/pod-lifecycle/,cc-by-4.0,green,"Kubernetes Docs · CC-BY-4.0 / Apache-2.0"
devops,dop-c4,dop-c4-s3,"服务发现与网络",1,2026-09-03,低,官方,6,https://kubernetes.io/docs/concepts/services-networking/service/#publishing-services-service-types,cc-by-4.0,green,"Kubernetes Docs · CC-BY-4.0 / Apache-2.0"
devops,dop-c4,dop-c4-s4,"配置与密钥管理",1,2026-09-03,低,官方,7,https://kubernetes.io/docs/concepts/configuration/configmap/,cc-by-4.0,green,"Kubernetes Docs · CC-BY-4.0 / Apache-2.0"
devops,dop-c4,dop-c4-s5,"存储与持久化",1,2026-09-03,低,官方,6,https://kubernetes.io/docs/concepts/storage/volumes/,cc-by-4.0,green,"Kubernetes Docs · CC-BY-4.0 / Apache-2.0"
devops,dop-c4,dop-c4-s6,"集群运维与扩展",1,2026-09-03,低,官方,8,https://kubernetes.io/docs/concepts/workloads/controllers/deployment/#scaling-a-deployment,cc-by-4.0,green,"Kubernetes Docs · CC-BY-4.0 / Apache-2.0"
devops,doc-c1,doc-c1-s1,"Actions 概述",1,2026-09-03,低,官方,7,https://docs.github.com/en/actions,unknown,amber,"其他来源 · 待核实"
devops,doc-c1,doc-c1-s2,"快速开始",1,2026-09-03,低,官方,4,https://docs.github.com/en/actions/reference/workflow-syntax-for-github-actions,unknown,amber,"其他来源 · 待核实"
devops,doc-c1,doc-c1-s3,"工作流语法",1,2026-09-03,低,官方,3,https://docs.github.com/en/actions/reference/workflow-syntax-for-github-actions,unknown,amber,"其他来源 · 待核实"
devops,doc-c1,doc-c1-s4,"事件与触发器",1,2026-09-03,低,官方,6,https://docs.github.com/en/actions/reference/events-that-trigger-workflows,unknown,amber,"其他来源 · 待核实"
devops,doc-c2,doc-c2-s1,"环境与上下文",1,2026-09-03,低,官方,6,https://docs.github.com/en/actions/learn-github-actions/variables,unknown,amber,"其他来源 · 待核实"
devops,doc-c2,doc-c2-s2,"作业与矩阵",1,2026-09-03,低,官方,5,https://docs.github.com/en/actions/using-jobs/using-jobs-in-a-workflow#defining-prerequisite-jobs,unknown,amber,"其他来源 · 待核实"
devops,doc-c2,doc-c2-s3,"缓存与依赖",1,2026-09-03,低,官方,5,https://docs.github.com/en/actions/using-workflows/caching-dependencies-to-speed-up-workflows,unknown,amber,"其他来源 · 待核实"
devops,doc-c2,doc-c2-s4,"安全与权限",1,2026-09-03,低,官方,4,https://docs.github.com/en/actions/security-for-github-actions/security-guides/automatic-token-authentication,unknown,amber,"其他来源 · 待核实"
devops,doc-c3,doc-c3-s1,"构建与测试",1,2026-09-03,低,官方,6,https://docs.github.com/en/actions/reference/workflow-syntax-for-github-actions,unknown,amber,"其他来源 · 待核实"
devops,doc-c3,doc-c3-s2,"发布与部署",1,2026-09-03,低,官方,7,https://docs.github.com/en/repositories/releasing-projects-on-github/managing-releases-in-a-repository,unknown,amber,"其他来源 · 待核实"
devops,doc-c3,doc-c3-s3,"监控与调试",1,2026-09-03,低,官方,5,https://docs.github.com/en/actions/monitoring-and-troubleshooting-workflows/viewing-workflow-run-activity,unknown,amber,"其他来源 · 待核实"
devops,doc-c3,doc-c3-s4,"最佳实践",1,2026-09-03,低,官方,4,https://docs.github.com/en/actions/reference/workflow-syntax-for-github-actions,unknown,amber,"其他来源 · 待核实"
devops,doc-c4,doc-c4-s1,"CI/CD 概述",1,2026-09-03,低,官方,6,https://docs.gitlab.com/ee/ci/,unknown,amber,"其他来源 · 待核实"
devops,doc-c4,doc-c4-s2,"配置 .gitlab-ci.yml",1,2026-09-03,低,官方,9,https://docs.gitlab.com/ee/ci/yaml/,unknown,amber,"其他来源 · 待核实"
devops,doc-c4,doc-c4-s3,"Pipeline 与 Job",1,2026-09-03,低,官方,6,https://docs.gitlab.com/ee/ci/pipelines/,unknown,amber,"其他来源 · 待核实"
devops,doc-c4,doc-c4-s4,"Runner 管理",1,2026-09-03,低,官方,6,https://docs.gitlab.com/ee/ci/runners/index.html,unknown,amber,"其他来源 · 待核实"
devops,doc-c5,doc-c5-s1,"环境与变量",1,2026-09-03,低,官方,8,https://docs.gitlab.com/ee/ci/variables/#define-a-cicd-variable-in-the-gitlab-ciyml-file,unknown,amber,"其他来源 · 待核实"
devops,doc-c5,doc-c5-s2,"缓存与工件",1,2026-09-03,低,官方,3,https://docs.gitlab.com/ee/ci/caching/,unknown,amber,"其他来源 · 待核实"
devops,doc-c5,doc-c5-s3,"多项目与子流水线",1,2026-09-03,低,官方,3,https://docs.gitlab.com/ee/ci/pipelines/parent_child_pipelines.html,unknown,amber,"其他来源 · 待核实"
devops,doc-c5,doc-c5-s4,"安全与合规",1,2026-09-03,低,官方,6,https://docs.gitlab.com/ee/user/project/protected_branches.html,unknown,amber,"其他来源 · 待核实"
devops,doc-c6,doc-c6-s1,"构建与测试自动化",1,2026-09-03,低,官方,7,https://docs.gitlab.com/ee/ci/,unknown,amber,"其他来源 · 待核实"
devops,doc-c6,doc-c6-s2,"部署与发布",1,2026-09-03,低,官方,7,https://docs.gitlab.com/ee/ci/environments/,unknown,amber,"其他来源 · 待核实"
devops,doc-c6,doc-c6-s3,"监控与日志",1,2026-09-03,低,官方,4,https://docs.gitlab.com/ee/ci/pipelines/#view-pipelines-and-jobs,unknown,amber,"其他来源 · 待核实"
devops,doc-c6,doc-c6-s4,"最佳实践",1,2026-09-03,低,官方,5,https://docs.gitlab.com/ee/ci/pipelines/,unknown,amber,"其他来源 · 待核实"
devops,ot-c1,ot-c1-s1,"Shell 与命令行入门",1,2026-09-03,低,官方,5,https://man7.org/linux/man-pages/man1/bash.1.html,proprietary,red,"Linux man-pages · GPL 系 / 版权保留"
devops,ot-c1,ot-c1-s2,"文件系统层次标准 (FHS)",1,2026-09-03,低,官方,8,https://man7.org/linux/man-pages/man7/file-hierarchy.7.html,proprietary,red,"Linux man-pages · GPL 系 / 版权保留"
devops,ot-c1,ot-c1-s3,"文件与目录操作命令",1,2026-09-03,低,官方,13,https://www.gnu.org/software/coreutils/manual/html_node/pwd-invocation.html,unknown,amber,"其他来源 · 待核实"
devops,ot-c1,ot-c1-s4,"文本处理与管道",1,2026-09-03,低,官方,9,https://www.gnu.org/software/coreutils/manual/html_node/Pipelines.html,unknown,amber,"其他来源 · 待核实"
devops,ot-c1,ot-c1-s5,"用户与权限管理",1,2026-09-03,低,官方,9,https://man7.org/linux/man-pages/man5/passwd.5.html,proprietary,red,"Linux man-pages · GPL 系 / 版权保留"
devops,ot-c2,ot-c2-s1,"进程基础与查看",1,2026-09-03,低,官方,7,https://man7.org/linux/man-pages/man2/fork.2.html,proprietary,red,"Linux man-pages · GPL 系 / 版权保留"
devops,ot-c2,ot-c2-s2,"进程控制与信号",1,2026-09-03,低,官方,6,https://man7.org/linux/man-pages/man7/signal.7.html,proprietary,red,"Linux man-pages · GPL 系 / 版权保留"
devops,ot-c2,ot-c2-s3,"系统资源监控",1,2026-09-03,低,官方,6,https://man7.org/linux/man-pages/man5/proc.5.html,proprietary,red,"Linux man-pages · GPL 系 / 版权保留"
devops,ot-c2,ot-c2-s4,"日志管理与分析",1,2026-09-03,低,官方,5,https://man7.org/linux/man-pages/man7/file-hierarchy.7.html,proprietary,red,"Linux man-pages · GPL 系 / 版权保留"
devops,ot-c3,ot-c3-s1,"网络模型与协议栈",1,2026-09-03,低,官方,14,https://www.iso.org/standard/20269.html,unknown,amber,"其他来源 · 待核实"
devops,ot-c3,ot-c3-s2,"IP 地址与子网划分",1,2026-09-03,低,官方,6,https://www.iana.org/assignments/ipv4-address-space/ipv4-address-space.xhtml,unknown,amber,"其他来源 · 待核实"
devops,ot-c3,ot-c3-s3,"TCP 与 UDP 协议",1,2026-09-03,低,官方,9,https://www.rfc-editor.org/rfc/rfc793,unknown,amber,"其他来源 · 待核实"
devops,ot-c3,ot-c3-s4,"DNS 与域名解析",1,2026-09-03,低,官方,7,https://www.rfc-editor.org/rfc/rfc1034,unknown,amber,"其他来源 · 待核实"
devops,ot-c3,ot-c3-s5,"HTTP/HTTPS 协议",1,2026-09-03,低,官方,9,https://www.rfc-editor.org/rfc/rfc9110.html#section-9,unknown,amber,"其他来源 · 待核实"
devops,ot-c4,ot-c4-s1,"网络接口配置",1,2026-09-03,低,官方,6,https://man7.org/linux/man-pages/man8/ip-address.8.html,proprietary,red,"Linux man-pages · GPL 系 / 版权保留"
devops,ot-c4,ot-c4-s2,"路由与默认网关",1,2026-09-03,低,官方,3,https://man7.org/linux/man-pages/man8/route.8.html,proprietary,red,"Linux man-pages · GPL 系 / 版权保留"
devops,ot-c4,ot-c4-s3,"DNS 与主机名配置",1,2026-09-03,低,官方,7,https://man7.org/linux/man-pages/man5/resolv.conf.5.html,proprietary,red,"Linux man-pages · GPL 系 / 版权保留"
devops,ot-c4,ot-c4-s4,"网络服务管理",1,2026-09-03,低,官方,5,https://man7.org/linux/man-pages/man1/systemctl.1.html,proprietary,red,"Linux man-pages · GPL 系 / 版权保留"
devops,ot-c4,ot-c4-s5,"网络故障排查",1,2026-09-03,低,官方,7,https://man7.org/linux/man-pages/man8/ping.8.html,proprietary,red,"Linux man-pages · GPL 系 / 版权保留"
devops,ot-c5,ot-c5-s1,"SSH 远程管理",1,2026-09-03,低,官方,6,https://www.rfc-editor.org/rfc/rfc4251,unknown,amber,"其他来源 · 待核实"
devops,ot-c5,ot-c5-s2,"防火墙与 iptables",1,2026-09-03,低,官方,5,https://man7.org/linux/man-pages/man8/iptables-extensions.8.html,proprietary,red,"Linux man-pages · GPL 系 / 版权保留"
devops,ot-c5,ot-c5-s3,"DHCP 与网络自动配置",1,2026-09-03,低,官方,5,https://www.rfc-editor.org/rfc/rfc2131,unknown,amber,"其他来源 · 待核实"
devops,ot-c5,ot-c5-s4,"Web 服务基础（Apache/Nginx）",1,2026-09-03,低,官方,8,https://httpd.apache.org/docs/,unknown,amber,"其他来源 · 待核实"
devops,ot-c5,ot-c5-s5,"网络安全基础",1,2026-09-03,低,官方,10,https://www.rfc-editor.org/rfc/rfc9293,unknown,amber,"其他来源 · 待核实"
devops,sre2-c1,sre2-c1-s1,"SRE 的起源与定义",1,2026-09-03,低,官方,5,https://sre.google/books/,unknown,amber,"其他来源 · 待核实"
devops,sre2-c1,sre2-c1-s2,"可靠性目标与错误预算",1,2026-09-03,低,官方,5,https://sre.google/books/,unknown,amber,"其他来源 · 待核实"
devops,sre2-c1,sre2-c1-s3,"风险与容量管理",1,2026-09-03,低,官方,5,https://sre.google/sre-book/embracing-risk/,unknown,amber,"其他来源 · 待核实"
devops,sre2-c1,sre2-c1-s4,"监控与告警的哲学",1,2026-09-03,低,官方,3,https://sre.google/workbook/monitoring/,unknown,amber,"其他来源 · 待核实"
devops,sre2-c2,sre2-c2-s1,"渐进式发布策略",1,2026-09-03,低,官方,7,https://sre.google/books/,unknown,amber,"其他来源 · 待核实"
devops,sre2-c2,sre2-c2-s2,"变更管理与自动化",1,2026-09-03,低,官方,6,https://sre.google/sre-book/change-management/,unknown,amber,"其他来源 · 待核实"
devops,sre2-c2,sre2-c2-s3,"事故响应与应急处理",1,2026-09-03,低,官方,6,https://sre.google/sre-book/managing-incidents/,unknown,amber,"其他来源 · 待核实"
devops,sre2-c3,sre2-c3-s1,"可观测性三大支柱",1,2026-09-03,低,官方,5,https://prometheus.io/docs/concepts/data_model/,apache-2.0,green,"Prometheus Docs · Apache-2.0"
devops,sre2-c3,sre2-c3-s2,"高基数数据与维度",1,2026-09-03,低,官方,5,https://prometheus.io/docs/practices/naming/,apache-2.0,green,"Prometheus Docs · Apache-2.0"
devops,sre2-c3,sre2-c3-s3,"上下文传播与关联",1,2026-09-03,低,官方,9,https://www.w3.org/TR/trace-context/,unknown,amber,"其他来源 · 待核实"
devops,sre2-c4,sre2-c4-s1,"Prometheus 架构与组件",1,2026-09-03,低,官方,7,https://prometheus.io/docs/introduction/overview/,apache-2.0,green,"Prometheus Docs · Apache-2.0"
devops,sre2-c4,sre2-c4-s2,"数据模型与指标类型",1,2026-09-03,低,官方,3,https://prometheus.io/docs/concepts/metric_types/,apache-2.0,green,"Prometheus Docs · Apache-2.0"
devops,sre2-c4,sre2-c4-s3,"PromQL 基础查询",1,2026-09-03,低,官方,5,https://prometheus.io/docs/prometheus/latest/querying/basics/,apache-2.0,green,"Prometheus Docs · Apache-2.0"
devops,sre2-c4,sre2-c4-s4,"配置与部署",1,2026-09-03,低,官方,7,https://prometheus.io/docs/prometheus/latest/configuration/configuration/,apache-2.0,green,"Prometheus Docs · Apache-2.0"
devops,sre2-c5,sre2-c5-s1,"动态服务发现",1,2026-09-03,低,官方,5,https://prometheus.io/docs/prometheus/latest/configuration/configuration/#kubernetes_sd_config,apache-2.0,green,"Prometheus Docs · Apache-2.0"
devops,sre2-c5,sre2-c5-s2,"PromQL 高级查询与聚合",1,2026-09-03,低,官方,5,https://prometheus.io/docs/prometheus/latest/querying/operators/#aggregation-operators,apache-2.0,green,"Prometheus Docs · Apache-2.0"
devops,sre2-c5,sre2-c5-s3,"告警规则与 Alertmanager",1,2026-09-03,低,官方,6,https://prometheus.io/docs/prometheus/latest/configuration/alerting_rules/,apache-2.0,green,"Prometheus Docs · Apache-2.0"
devops,sre2-c5,sre2-c5-s4,"Prometheus 高可用与扩展",1,2026-09-03,低,官方,5,https://prometheus.io/docs/prometheus/latest/federation/,apache-2.0,green,"Prometheus Docs · Apache-2.0"
devops,sre2-c6,sre2-c6-s1,"指标与日志的协同",1,2026-09-03,低,官方,5,https://grafana.com/docs/loki/latest/fundamentals/architecture/,unknown,amber,"其他来源 · 待核实"
devops,sre2-c6,sre2-c6-s2,"分布式追踪与 Prometheus",1,2026-09-03,低,官方,7,https://opentelemetry.io/docs/collector/configuration/#exporters,unknown,amber,"其他来源 · 待核实"
devops,sre2-c6,sre2-c6-s3,"SLO 监控与错误预算告警",1,2026-09-03,低,官方,6,https://sre.google/sre-book/service-level-objectives/,unknown,amber,"其他来源 · 待核实"
devops,sre2-c6,sre2-c6-s4,"容量规划与性能分析",1,2026-09-03,低,官方,7,https://prometheus.io/docs/prometheus/latest/configuration/recording_rules/,apache-2.0,green,"Prometheus Docs · Apache-2.0"
devops,k82-c1,k82-c1-s1,"Kubernetes 是什么",1,2026-09-03,低,官方,6,https://kubernetes.io/docs/concepts/overview/,cc-by-4.0,green,"Kubernetes Docs · CC-BY-4.0 / Apache-2.0"
devops,k82-c1,k82-c1-s2,"Kubernetes 组件",1,2026-09-03,低,官方,5,https://kubernetes.io/docs/concepts/overview/components/#control-plane-components,cc-by-4.0,green,"Kubernetes Docs · CC-BY-4.0 / Apache-2.0"
devops,k82-c1,k82-c1-s3,"Kubernetes API 与对象",1,2026-09-03,低,官方,8,https://kubernetes.io/docs/concepts/overview/kubernetes-api/,cc-by-4.0,green,"Kubernetes Docs · CC-BY-4.0 / Apache-2.0"
devops,k82-c1,k82-c1-s4,"Kubernetes 集群架构",1,2026-09-03,低,官方,4,https://kubernetes.io/docs/concepts/overview/components/,cc-by-4.0,green,"Kubernetes Docs · CC-BY-4.0 / Apache-2.0"
devops,k82-c2,k82-c2-s1,"集群创建与配置",1,2026-09-03,低,官方,7,https://kubernetes.io/docs/reference/setup-tools/kubeadm/kubeadm-init/,cc-by-4.0,green,"Kubernetes Docs · CC-BY-4.0 / Apache-2.0"
devops,k82-c2,k82-c2-s2,"节点管理",1,2026-09-03,低,官方,5,https://kubernetes.io/docs/concepts/architecture/nodes/#management,cc-by-4.0,green,"Kubernetes Docs · CC-BY-4.0 / Apache-2.0"
devops,k82-c2,k82-c2-s3,"集群安全",1,2026-09-03,低,官方,3,https://kubernetes.io/docs/reference/access-authn-authz/authentication/,cc-by-4.0,green,"Kubernetes Docs · CC-BY-4.0 / Apache-2.0"
devops,k82-c2,k82-c2-s4,"资源管理",1,2026-09-03,低,官方,5,https://kubernetes.io/docs/concepts/policy/resource-quotas/,cc-by-4.0,green,"Kubernetes Docs · CC-BY-4.0 / Apache-2.0"
devops,k82-c3,k82-c3-s1,"Pod 概述",1,2026-09-03,低,官方,7,https://kubernetes.io/docs/concepts/workloads/pods/,cc-by-4.0,green,"Kubernetes Docs · CC-BY-4.0 / Apache-2.0"
devops,k82-c3,k82-c3-s2,"工作负载资源",1,2026-09-03,低,官方,6,https://kubernetes.io/docs/concepts/workloads/controllers/deployment/,cc-by-4.0,green,"Kubernetes Docs · CC-BY-4.0 / Apache-2.0"
devops,k82-c3,k82-c3-s3,"自动伸缩",1,2026-09-03,低,官方,8,https://kubernetes.io/docs/tasks/run-application/horizontal-pod-autoscale/,cc-by-4.0,green,"Kubernetes Docs · CC-BY-4.0 / Apache-2.0"
devops,k82-c3,k82-c3-s4,"工作负载管理最佳实践",1,2026-09-03,低,官方,6,https://kubernetes.io/docs/concepts/workloads/controllers/deployment/#rolling-update-deployment,cc-by-4.0,green,"Kubernetes Docs · CC-BY-4.0 / Apache-2.0"
devops,k82-c4,k82-c4-s1,"服务（Service）",1,2026-09-03,低,官方,5,https://kubernetes.io/docs/concepts/services-networking/service/,cc-by-4.0,green,"Kubernetes Docs · CC-BY-4.0 / Apache-2.0"
devops,k82-c4,k82-c4-s2,"Ingress 与 Ingress Controller",1,2026-09-03,低,官方,7,https://kubernetes.io/docs/concepts/services-networking/ingress/,cc-by-4.0,green,"Kubernetes Docs · CC-BY-4.0 / Apache-2.0"
devops,k82-c4,k82-c4-s3,"网络策略",1,2026-09-03,低,官方,6,https://kubernetes.io/docs/concepts/services-networking/network-policies/,cc-by-4.0,green,"Kubernetes Docs · CC-BY-4.0 / Apache-2.0"
devops,k82-c4,k82-c4-s4,"服务网格与高级网络",1,2026-09-03,低,官方,5,https://kubernetes.io/docs/concepts/services-networking/service/#service-mesh,cc-by-4.0,green,"Kubernetes Docs · CC-BY-4.0 / Apache-2.0"
devops,k82-c5,k82-c5-s1,"卷（Volumes）",1,2026-09-03,低,官方,8,https://kubernetes.io/docs/concepts/storage/volumes/,cc-by-4.0,green,"Kubernetes Docs · CC-BY-4.0 / Apache-2.0"
devops,k82-c5,k82-c5-s2,"持久卷（PersistentVolume）与持久卷声明（PersistentVo",1,2026-09-03,低,官方,8,https://kubernetes.io/docs/concepts/storage/persistent-volumes/,cc-by-4.0,green,"Kubernetes Docs · CC-BY-4.0 / Apache-2.0"
devops,k82-c5,k82-c5-s3,"存储类（StorageClass）",1,2026-09-03,低,官方,7,https://kubernetes.io/docs/concepts/storage/storage-classes/,cc-by-4.0,green,"Kubernetes Docs · CC-BY-4.0 / Apache-2.0"
devops,k82-c5,k82-c5-s4,"存储最佳实践",1,2026-09-03,低,官方,5,https://kubernetes-csi.github.io/docs/drivers.html,unknown,amber,"其他来源 · 待核实"
devops,k82-c6,k82-c6-s1,"ConfigMap",1,2026-09-03,低,官方,8,https://kubernetes.io/docs/concepts/configuration/configmap/,cc-by-4.0,green,"Kubernetes Docs · CC-BY-4.0 / Apache-2.0"
devops,k82-c6,k82-c6-s2,"Secret",1,2026-09-03,低,官方,7,https://kubernetes.io/docs/concepts/configuration/secret/,cc-by-4.0,green,"Kubernetes Docs · CC-BY-4.0 / Apache-2.0"
devops,k82-c6,k82-c6-s3,"环境变量与容器参数",1,2026-09-03,低,官方,7,https://kubernetes.io/docs/tasks/inject-data-application/define-environment-variable-container/,cc-by-4.0,green,"Kubernetes Docs · CC-BY-4.0 / Apache-2.0"
devops,k82-c6,k82-c6-s4,"配置管理最佳实践",1,2026-09-03,低,官方,8,https://kubernetes.io/docs/concepts/configuration/configmap/,cc-by-4.0,green,"Kubernetes Docs · CC-BY-4.0 / Apache-2.0"
devops,k82-c7,k82-c7-s1,"安全概述与威胁模型",1,2026-09-03,低,官方,10,https://kubernetes.io/docs/concepts/security/overview/,cc-by-4.0,green,"Kubernetes Docs · CC-BY-4.0 / Apache-2.0"
devops,k82-c7,k82-c7-s2,"Pod 安全",1,2026-09-03,低,官方,4,https://kubernetes.io/docs/tasks/configure-pod-container/security-context/,cc-by-4.0,green,"Kubernetes Docs · CC-BY-4.0 / Apache-2.0"
devops,k82-c7,k82-c7-s3,"RBAC 授权",1,2026-09-03,低,官方,6,https://kubernetes.io/docs/reference/access-authn-authz/rbac/#role-and-clusterrole,cc-by-4.0,green,"Kubernetes Docs · CC-BY-4.0 / Apache-2.0"
devops,k82-c7,k82-c7-s4,"网络安全与策略",1,2026-09-03,低,官方,6,https://kubernetes.io/docs/concepts/services-networking/network-policies/,cc-by-4.0,green,"Kubernetes Docs · CC-BY-4.0 / Apache-2.0"
devops,k82-c7,k82-c7-s5,"镜像与供应链安全",1,2026-09-03,低,官方,6,https://kubernetes.io/docs/concepts/containers/images/,cc-by-4.0,green,"Kubernetes Docs · CC-BY-4.0 / Apache-2.0"
devops,k82-c8,k82-c8-s1,"监控与指标",1,2026-09-03,低,官方,6,https://kubernetes.io/docs/tasks/debug-application-cluster/resource-metrics-pipeline/,cc-by-4.0,green,"Kubernetes Docs · CC-BY-4.0 / Apache-2.0"
devops,k82-c8,k82-c8-s2,"日志",1,2026-09-03,低,官方,5,https://kubernetes.io/docs/concepts/cluster-administration/logging/#logging-at-the-node-level,cc-by-4.0,green,"Kubernetes Docs · CC-BY-4.0 / Apache-2.0"
devops,k82-c8,k82-c8-s3,"追踪与 APM",1,2026-09-03,低,官方,5,https://kubernetes.io/docs/concepts/cluster-administration/observability/,cc-by-4.0,green,"Kubernetes Docs · CC-BY-4.0 / Apache-2.0"
devops,k82-c8,k82-c8-s4,"事件与审计",1,2026-09-03,低,官方,6,https://kubernetes.io/docs/concepts/cluster-administration/events/,cc-by-4.0,green,"Kubernetes Docs · CC-BY-4.0 / Apache-2.0"
devops,k82-c9,k82-c9-s1,"自定义资源（CRD）",1,2026-09-03,低,官方,6,https://kubernetes.io/docs/concepts/extend-kubernetes/api-extension/custom-resources/,cc-by-4.0,green,"Kubernetes Docs · CC-BY-4.0 / Apache-2.0"
devops,k82-c9,k82-c9-s2,"控制器与 Operator",1,2026-09-03,低,官方,7,https://kubernetes.io/docs/concepts/architecture/controller/,cc-by-4.0,green,"Kubernetes Docs · CC-BY-4.0 / Apache-2.0"
devops,k82-c9,k82-c9-s3,"准入控制器与 Webhook",1,2026-09-03,低,官方,5,https://kubernetes.io/docs/reference/access-authn-authz/extensible-admission-controllers/,cc-by-4.0,green,"Kubernetes Docs · CC-BY-4.0 / Apache-2.0"
devops,k82-c9,k82-c9-s4,"API 聚合与扩展 API 服务器",1,2026-09-03,低,官方,6,https://kubernetes.io/docs/concepts/extend-kubernetes/api-extension/apiserver-aggregation/,cc-by-4.0,green,"Kubernetes Docs · CC-BY-4.0 / Apache-2.0"
devops,k82-c10,k82-c10-s1,"kubectl 命令行工具",1,2026-09-03,低,官方,5,https://kubernetes.io/docs/reference/kubectl/cheat-sheet/,cc-by-4.0,green,"Kubernetes Docs · CC-BY-4.0 / Apache-2.0"
devops,k82-c10,k82-c10-s2,"API 参考",1,2026-09-03,低,官方,6,https://kubernetes.io/docs/concepts/overview/kubernetes-api/,cc-by-4.0,green,"Kubernetes Docs · CC-BY-4.0 / Apache-2.0"
devops,k82-c10,k82-c10-s3,"Helm 与包管理",1,2026-09-03,低,官方,8,https://kubernetes.io/docs/topics/helm/#charts,cc-by-4.0,green,"Kubernetes Docs · CC-BY-4.0 / Apache-2.0"
devops,k82-c10,k82-c10-s4,"其他常用工具",1,2026-09-03,低,官方,6,https://kubernetes.io/docs/tasks/manage-kubernetes-objects/kustomization/,cc-by-4.0,green,"Kubernetes Docs · CC-BY-4.0 / Apache-2.0"
devops,os2-c1,os2-c1-s1,"安全运维概述",1,2026-09-03,低,官方,6,https://www.cisa.gov/cybersecurity-glossary,unknown,amber,"其他来源 · 待核实"
devops,os2-c1,os2-c1-s2,"威胁建模与风险分析",1,2026-09-03,低,官方,4,https://owasp.org/www-community/Threat_Modeling,unknown,amber,"OWASP · 待核实"
devops,os2-c1,os2-c1-s3,"常见攻击类型与攻击面",1,2026-09-03,低,官方,6,https://owasp.org/www-community/attacks/SQL_Injection,unknown,amber,"OWASP · 待核实"
devops,os2-c2,os2-c2-s1,"安全架构基础",1,2026-09-03,低,官方,5,https://owasp.org/www-community/controls/Defense_in_Depth,unknown,amber,"OWASP · 待核实"
devops,os2-c2,os2-c2-s2,"安全设计模式",1,2026-09-03,低,官方,5,https://owasp.org/www-community/authentication-cheat-sheet,unknown,amber,"OWASP · 待核实"
devops,os2-c2,os2-c2-s3,"OWASP 安全设计指南",1,2026-09-03,低,官方,4,https://owasp.org/www-community/,unknown,amber,"OWASP · 待核实"
devops,os2-c3,os2-c3-s1,"系统加固",1,2026-09-03,低,官方,7,https://www.cisecurity.org/cis-benchmarks,unknown,amber,"其他来源 · 待核实"
devops,os2-c3,os2-c3-s2,"网络设备与防火墙配置",1,2026-09-03,低,官方,4,https://owasp.org/www-community/controls/Network_Segmentation,unknown,amber,"OWASP · 待核实"
devops,os2-c3,os2-c3-s3,"应用安全配置",1,2026-09-03,低,官方,9,https://owasp.org/www-community/Transport_Layer_Protection_Cheat_Sheet,unknown,amber,"OWASP · 待核实"
devops,os2-c4,os2-c4-s1,"身份认证机制",1,2026-09-03,低,官方,8,https://owasp.org/www-community/controls/Password_Storage_Cheat_Sheet,unknown,amber,"OWASP · 待核实"
devops,os2-c4,os2-c4-s2,"授权与访问控制模型",1,2026-09-03,低,官方,6,https://owasp.org/www-community/Access_Control,unknown,amber,"OWASP · 待核实"
devops,os2-c4,os2-c4-s3,"身份生命周期管理",1,2026-09-03,低,官方,5,https://pages.nist.gov/800-63-3/,unknown,amber,"其他来源 · 待核实"
devops,os2-c5,os2-c5-s1,"数据分类与加密",1,2026-09-03,低,官方,5,https://www.cisa.gov/resources-tools/resources/data-security,unknown,amber,"其他来源 · 待核实"
devops,os2-c5,os2-c5-s2,"数据防泄漏（DLP）",1,2026-09-03,低,官方,3,https://cheatsheetseries.owasp.org/cheatsheets/Data_Protection_Cheat_Sheet.html,unknown,amber,"OWASP · 待核实"
devops,os2-c5,os2-c5-s3,"隐私法规与合规",1,2026-09-03,低,官方,4,https://gdpr-info.eu/,unknown,amber,"其他来源 · 待核实"
devops,os2-c6,os2-c6-s1,"日志收集与管理",1,2026-09-03,低,官方,3,https://owasp.org/www-community/controls/Logging_Cheat_Sheet,unknown,amber,"OWASP · 待核实"
devops,os2-c6,os2-c6-s2,"安全监控与告警",1,2026-09-03,低,官方,5,https://owasp.org/www-community/controls/Logging_Cheat_Sheet,unknown,amber,"OWASP · 待核实"
devops,os2-c6,os2-c6-s3,"入侵检测与防御",1,2026-09-03,低,官方,2,https://www.cisa.gov/sites/default/files/publications/CISA_Insights_Implement_Intrusion_Detection_508c.pdf,unknown,amber,"其他来源 · 待核实"
devops,os2-c7,os2-c7-s1,"漏洞扫描与评估",1,2026-09-03,低,官方,5,https://owasp.org/www-community/Vulnerability_Scanning_Tools,unknown,amber,"OWASP · 待核实"
devops,os2-c7,os2-c7-s2,"渗透测试方法论",1,2026-09-03,低,官方,6,https://owasp.org/www-project-web-security-testing-guide/,unknown,amber,"OWASP · 待核实"
devops,os2-c7,os2-c7-s3,"漏洞披露与协调",1,2026-09-03,低,官方,5,https://www.cisa.gov/vulnerability-disclosure-policy,unknown,amber,"其他来源 · 待核实"
devops,os2-c8,os2-c8-s1,"事件响应计划",1,2026-09-03,低,官方,5,https://owasp.org/www-community/Incident_Response,unknown,amber,"OWASP · 待核实"
devops,os2-c8,os2-c8-s2,"事件检测与分析",1,2026-09-03,低,官方,6,https://www.cisa.gov/resources-tools/resources/incident-response-playbook,unknown,amber,"其他来源 · 待核实"
devops,os2-c8,os2-c8-s3,"遏制、根除与恢复",1,2026-09-03,低,官方,6,https://www.cisa.gov/sites/default/files/publications/Incident-Response-Recommendations_508c.pdf,unknown,amber,"其他来源 · 待核实"
devops,os2-c9,os2-c9-s1,"业务影响分析",1,2026-09-03,低,官方,2,https://owasp.org/www-community/,unknown,amber,"OWASP · 待核实"
devops,os2-c9,os2-c9-s2,"灾难恢复策略",1,2026-09-03,低,官方,3,https://owasp.org/www-community/vulnerabilities/Insufficient_Backup_and_Recovery_Process,unknown,amber,"OWASP · 待核实"
devops,os2-c9,os2-c9-s3,"演练与持续改进",1,2026-09-03,低,官方,4,https://www.cisa.gov/resources-tools/programs/exercises,unknown,amber,"其他来源 · 待核实"
devops,os2-c10,os2-c10-s1,"安全合规框架",1,2026-09-03,低,官方,7,https://www.iso.org/standard/27001,unknown,amber,"其他来源 · 待核实"
devops,os2-c10,os2-c10-s2,"安全审计流程",1,2026-09-03,低,官方,3,https://owasp.org/www-community/,unknown,amber,"OWASP · 待核实"
devops,os2-c10,os2-c10-s3,"安全治理与风险管理",1,2026-09-03,低,官方,6,https://owasp.org/www-community/controls/Security_Policies,unknown,amber,"OWASP · 待核实"
devops,os2-c11,os2-c11-s1,"SIEM 与 SOAR 平台",1,2026-09-03,低,官方,6,https://owasp.org/www-community/SIEM,unknown,amber,"OWASP · 待核实"
devops,os2-c11,os2-c11-s2,"安全自动化脚本",1,2026-09-03,低,官方,5,https://owasp.org/www-community/OWASP_Automated_Threats_Handbook,unknown,amber,"OWASP · 待核实"
devops,os2-c11,os2-c11-s3,"云安全运维",1,2026-09-03,低,官方,5,https://aws.amazon.com/compliance/shared-responsibility-model/,unknown,amber,"其他来源 · 待核实"
devops,os2-c12,os2-c12-s1,"安全意识计划设计",1,2026-09-03,低,官方,5,https://owasp.org/www-community/controls/security_awareness,unknown,amber,"OWASP · 待核实"
devops,os2-c12,os2-c12-s2,"钓鱼模拟与社交工程防御",1,2026-09-03,低,官方,6,https://owasp.org/www-community/attacks/Phishing,unknown,amber,"OWASP · 待核实"
devops,os2-c12,os2-c12-s3,"安全文化建设",1,2026-09-03,低,官方,5,https://owasp.org/www-community/initiatives/security_culture/the_12_principles,unknown,amber,"OWASP · 待核实"
ai,inf-c1,inf-c1-s1,"推理引擎概述",1,2026-09-03,低,官方,5,https://onnxruntime.ai/docs/get-started/with-python.html,unknown,amber,"其他来源 · 待核实"
ai,inf-c1,inf-c1-s2,"vLLM核心概念",1,2026-09-03,低,官方,5,https://docs.vllm.ai/en/latest/design/architecture.html,unknown,amber,"其他来源 · 待核实"
ai,inf-c1,inf-c1-s3,"ONNX Runtime核心概念",1,2026-09-03,低,官方,5,https://onnxruntime.ai/docs/get-started/with-python.html,unknown,amber,"其他来源 · 待核实"
ai,inf-c1,inf-c1-s4,"TensorRT核心概念",1,2026-09-03,低,官方,5,https://docs.nvidia.com/deeplearning/tensorrt/developer-guide/index.html#workflow,unknown,amber,"其他来源 · 待核实"
ai,inf-c2,inf-c2-s1,"显存管理基础",1,2026-09-03,低,官方,5,https://docs.nvidia.com/cuda/cuda-c-programming-guide/#memory-hierarchy,unknown,amber,"其他来源 · 待核实"
ai,inf-c2,inf-c2-s2,"vLLM显存优化",1,2026-09-03,低,官方,3,https://docs.vllm.ai/en/latest/design/paged_attention.html,unknown,amber,"其他来源 · 待核实"
ai,inf-c2,inf-c2-s3,"ONNX Runtime显存优化",1,2026-09-03,低,官方,6,https://onnxruntime.ai/docs/performance/tune-performance.html,unknown,amber,"其他来源 · 待核实"
ai,inf-c2,inf-c2-s4,"TensorRT显存优化",1,2026-09-03,低,官方,5,https://docs.nvidia.com/deeplearning/tensorrt/api/python_api/infer/Core/BuilderUtils.html,unknown,amber,"其他来源 · 待核实"
ai,inf-c2,inf-c2-s5,"通用显存优化技巧",1,2026-09-03,低,官方,5,https://docs.vllm.ai/en/latest/features/quantization/,unknown,amber,"其他来源 · 待核实"
ai,inf-c3,inf-c3-s1,"吞吐量指标与瓶颈分析",1,2026-09-03,低,官方,6,https://docs.vllm.ai/en/latest/performance/overview.html,unknown,amber,"其他来源 · 待核实"
ai,inf-c3,inf-c3-s2,"vLLM吞吐优化",1,2026-09-03,低,官方,8,https://docs.vllm.ai/en/latest/features/spec_decode.html,unknown,amber,"其他来源 · 待核实"
ai,inf-c3,inf-c3-s3,"ONNX Runtime吞吐优化",1,2026-09-03,低,官方,4,https://onnxruntime.ai/docs/execution-providers/,unknown,amber,"其他来源 · 待核实"
ai,inf-c3,inf-c3-s4,"TensorRT吞吐优化",1,2026-09-03,低,官方,5,https://docs.nvidia.com/deeplearning/tensorrt/developer-guide/index.html#architecture,unknown,amber,"其他来源 · 待核实"
ai,inf-c3,inf-c3-s5,"端到端吞吐调优案例",1,2026-09-03,低,官方,5,https://docs.vllm.ai/en/latest/design/architecture_attention.html,unknown,amber,"其他来源 · 待核实"
ai,inf-c4,inf-c4-s1,"模型量化与低精度推理",1,2026-09-03,低,官方,4,https://onnxruntime.ai/docs/performance/quantization.html,unknown,amber,"其他来源 · 待核实"
ai,inf-c4,inf-c4-s2,"多GPU与分布式推理",1,2026-09-03,低,官方,7,https://docs.vllm.ai/en/latest/serving/distributed_serving.html,unknown,amber,"其他来源 · 待核实"
ai,inf-c4,inf-c4-s3,"推理服务化与性能监控",1,2026-09-03,低,官方,8,http://localhost:8000`,unknown,amber,"其他来源 · 待核实"
ai,inf-c4,inf-c4-s4,"性能调优实战与案例分析",1,2026-09-03,低,官方,5,https://docs.vllm.ai/en/latest/performance/performance_tuning.html,unknown,amber,"其他来源 · 待核实"
ai,mlp-c1,mlp-c1-s1,"MLflow 概述与安装",1,2026-09-03,低,官方,6,https://mlflow.org/docs/latest/index.html,unknown,amber,"其他来源 · 待核实"
ai,mlp-c1,mlp-c1-s2,"实验追踪基础",1,2026-09-03,低,官方,8,https://mlflow.org/docs/latest/python_api/mlflow.html#mlflow.set_experiment,unknown,amber,"其他来源 · 待核实"
ai,mlp-c1,mlp-c1-s3,"实验比较与可视化",1,2026-09-03,低,官方,6,http://localhost:5000`,unknown,amber,"其他来源 · 待核实"
ai,mlp-c1,mlp-c1-s4,"跟踪服务器与后端存储",1,2026-09-03,低,官方,8,https://mlflow.org/docs/latest/tracking.html#where-runs-are-recorded,unknown,amber,"其他来源 · 待核实"
ai,mlp-c2,mlp-c2-s1,"模型注册表概述",1,2026-09-03,低,官方,7,https://mlflow.org/docs/latest/model-registry.html,unknown,amber,"其他来源 · 待核实"
ai,mlp-c2,mlp-c2-s2,"模型版本与阶段管理",1,2026-09-03,低,官方,5,https://mlflow.org/docs/latest/model-registry.html,unknown,amber,"其他来源 · 待核实"
ai,mlp-c2,mlp-c2-s3,"模型部署与推理",1,2026-09-03,低,官方,7,https://mlflow.org/docs/latest/model/models.html#loading-models,unknown,amber,"其他来源 · 待核实"
ai,mlp-c2,mlp-c2-s4,"模型注册表高级特性",1,2026-09-03,低,官方,5,https://mlflow.org/docs/latest/model-registry.html#fetching-an-mlflow-model-version,unknown,amber,"其他来源 · 待核实"
ai,mlp-c3,mlp-c3-s1,"MLflow Projects 规范",1,2026-09-03,低,官方,4,https://mlflow.org/docs/latest/projects.html#mlproject-file-format,unknown,amber,"其他来源 · 待核实"
ai,mlp-c3,mlp-c3-s2,"环境与依赖管理",1,2026-09-03,低,官方,6,https://mlflow.org/docs/latest/projects.html,unknown,amber,"其他来源 · 待核实"
ai,mlp-c3,mlp-c3-s3,"MLflow 与流水线集成",1,2026-09-03,低,官方,7,https://mlflow.org/docs/latest/,unknown,amber,"其他来源 · 待核实"
ai,mlp-c4,mlp-c4-s1,"Kubeflow 概述与架构",1,2026-09-03,低,官方,9,https://www.kubeflow.org/docs/started/introduction/,unknown,amber,"其他来源 · 待核实"
ai,mlp-c4,mlp-c4-s2,"Kubeflow 安装与配置",1,2026-09-03,低,官方,7,https://www.kubeflow.org/docs/installing-kubeflow/,unknown,amber,"其他来源 · 待核实"
ai,mlp-c4,mlp-c4-s3,"Kubeflow Notebooks",1,2026-09-03,低,官方,7,https://www.kubeflow.org/docs/components/notebooks/overview/,unknown,amber,"其他来源 · 待核实"
ai,mlp-c5,mlp-c5-s1,"Kubeflow Pipelines 概念",1,2026-09-03,低,官方,6,https://www.kubeflow.org/docs/components/pipelines/v1/introduction/,unknown,amber,"其他来源 · 待核实"
ai,mlp-c5,mlp-c5-s2,"使用 SDK 构建流水线",1,2026-09-03,低,官方,7,http://localhost:8080/pipeline`,unknown,amber,"其他来源 · 待核实"
ai,mlp-c5,mlp-c5-s3,"流水线参数与数据传递",1,2026-09-03,低,官方,4,https://www.kubeflow.org/docs/components/pipelines/v2/authoring-pipelines/parallelism/,unknown,amber,"其他来源 · 待核实"
ai,mlp-c5,mlp-c5-s4,"持续训练与调度",1,2026-09-03,低,官方,5,https://www.kubeflow.org/docs/components/pipelines/v2/reference/sdk/,unknown,amber,"其他来源 · 待核实"
ai,mlp-c5,mlp-c5-s5,"Katib 超参数调优",1,2026-09-03,低,官方,9,https://www.kubeflow.org/docs/components/katib/overview/,unknown,amber,"其他来源 · 待核实"
ai,mlp-c6,mlp-c6-s1,"KFServing 模型推理",1,2026-09-03,低,官方,9,https://www.kubeflow.org/docs/components/kserve/kserve/,unknown,amber,"其他来源 · 待核实"
ai,mlp-c6,mlp-c6-s2,"模型监控与漂移检测",1,2026-09-03,低,官方,6,https://www.kubeflow.org/docs/components/kserve/kserve-metrics/,unknown,amber,"其他来源 · 待核实"
ai,mlp-c6,mlp-c6-s3,"MLflow 与 Kubeflow 的集成实践",1,2026-09-03,低,官方,9,https://mlflow.org/docs/latest/tracking.html,unknown,amber,"其他来源 · 待核实"
ai,td-c1,td-c1-s1,"数据集加载入门",1,2026-09-03,低,官方,4,https://huggingface.co/docs/datasets/loading,unknown,amber,"其他来源 · 待核实"
ai,td-c1,td-c1-s2,"数据集结构与信息",1,2026-09-03,低,官方,5,https://huggingface.co/docs/datasets/access,unknown,amber,"其他来源 · 待核实"
ai,td-c1,td-c1-s3,"数据集迭代与访问",1,2026-09-03,低,官方,4,https://huggingface.co/docs/datasets/access,unknown,amber,"其他来源 · 待核实"
ai,td-c1,td-c1-s4,"数据集拆分与重组",1,2026-09-03,低,官方,5,https://huggingface.co/docs/datasets/v3.2.0/en/package_reference/main_classes#datasets.Dataset.train_test_split,unknown,amber,"其他来源 · 待核实"
ai,td-c2,td-c2-s1,"映射与批处理",1,2026-09-03,低,官方,6,https://huggingface.co/docs/datasets/process#map,unknown,amber,"其他来源 · 待核实"
ai,td-c2,td-c2-s2,"过滤与选择",1,2026-09-03,低,官方,6,https://huggingface.co/docs/datasets/v2.14.5/process#select-and-filter,unknown,amber,"其他来源 · 待核实"
ai,td-c2,td-c2-s3,"数据增强与变换",1,2026-09-03,低,官方,4,https://www.tensorflow.org/tutorials/images/data_augmentation,unknown,amber,"其他来源 · 待核实"
ai,td-c2,td-c2-s4,"类型转换与数值化",1,2026-09-03,低,官方,6,https://huggingface.co/docs/datasets/en/about_dataset_features,unknown,amber,"其他来源 · 待核实"
ai,td-c2,td-c2-s5,"数据混洗与批次生成",1,2026-09-03,低,官方,5,https://huggingface.co/docs/datasets/process#shuffle,unknown,amber,"其他来源 · 待核实"
ai,td-c3,td-c3-s1,"特征类型与表示",1,2026-09-03,低,官方,8,https://www.tensorflow.org/api_docs/python/tf/feature_column/numeric_column,unknown,amber,"其他来源 · 待核实"
ai,td-c3,td-c3-s2,"TensorFlow 特征列",1,2026-09-03,低,官方,6,https://www.tensorflow.org/api_docs/python/tf/feature_column/numeric_column,unknown,amber,"其他来源 · 待核实"
ai,td-c3,td-c3-s3,"特征交叉与组合",1,2026-09-03,低,官方,5,https://www.tensorflow.org/tutorials/structured_data/feature_columns,unknown,amber,"其他来源 · 待核实"
ai,td-c3,td-c3-s4,"特征存储与版本管理",1,2026-09-03,低,官方,6,https://huggingface.co/docs/datasets/v2.14.0/package_reference/main_classes.html#datasets.Dataset.save_to_disk,unknown,amber,"其他来源 · 待核实"
ai,td-c3,td-c3-s5,"特征仓库与在线服务",1,2026-09-03,低,官方,5,https://www.tensorflow.org/datasets/splits,unknown,amber,"其他来源 · 待核实"
ai,td-c4,td-c4-s1,"标注工具与格式",1,2026-09-03,低,官方,7,https://labelstud.io/,unknown,amber,"其他来源 · 待核实"
ai,td-c4,td-c4-s2,"标签编码",1,2026-09-03,低,官方,4,https://huggingface.co/docs/datasets/en/about_dataset_features,unknown,amber,"其他来源 · 待核实"
ai,td-c4,td-c4-s3,"多标签与层次标签",1,2026-09-03,低,官方,5,https://huggingface.co/docs/datasets/en/package_reference/main_classes#datasets.ClassLabel,unknown,amber,"其他来源 · 待核实"
ai,td-c4,td-c4-s4,"标注质量控制",1,2026-09-03,低,官方,4,https://scikit-learn.org/stable/modules/generated/sklearn.metrics.cohen_kappa_score.html,unknown,amber,"其他来源 · 待核实"
ai,td-c5,td-c5-s1,"版本控制与脚本",1,2026-09-03,低,官方,6,https://huggingface.co/docs/datasets/v2.20.0/loading#git-revision,unknown,amber,"其他来源 · 待核实"
ai,td-c5,td-c5-s2,"缓存与内存优化",1,2026-09-03,低,官方,5,https://huggingface.co/docs/datasets/cache,unknown,amber,"其他来源 · 待核实"
ai,td-c5,td-c5-s3,"离线数据集与本地文件",1,2026-09-03,低,官方,3,https://huggingface.co/docs/datasets/v2.14.0/en/loading#local-files,unknown,amber,"其他来源 · 待核实"
ai,td-c5,td-c5-s4,"数据集与模型仓库协同",1,2026-09-03,低,官方,7,https://huggingface.co/docs/hub/en/model-cards,unknown,amber,"其他来源 · 待核实"
ai,td-c6,td-c6-s1,"Hugging Face 自定义数据集",1,2026-09-03,低,官方,6,https://huggingface.co/docs/datasets/v2.20.0/en/create_dataset#from-a-dict,unknown,amber,"其他来源 · 待核实"
ai,td-c6,td-c6-s2,"TensorFlow 自定义数据集",1,2026-09-03,低,官方,3,https://www.tensorflow.org/api_docs/python/tf/data/Dataset#from_generator,unknown,amber,"其他来源 · 待核实"
ai,td-c6,td-c6-s3,"数据管道与性能调优",1,2026-09-03,低,官方,7,https://www.tensorflow.org/guide/data#prefetching,unknown,amber,"其他来源 · 待核实"
ai,td-c6,td-c6-s4,"性能剖析与调优",1,2026-09-03,低,官方,5,https://huggingface.co/docs/datasets/access,unknown,amber,"其他来源 · 待核实"
ai,td-c7,td-c7-s1,"数据分布分析",1,2026-09-03,低,官方,6,https://huggingface.co/docs/datasets,unknown,amber,"其他来源 · 待核实"
ai,td-c7,td-c7-s2,"数据划分与交叉验证",1,2026-09-03,低,官方,7,https://scikit-learn.org/stable/modules/generated/sklearn.model_selection.train_test_split.html,unknown,amber,"其他来源 · 待核实"
ai,td-c7,td-c7-s3,"模型评估与基准",1,2026-09-03,低,官方,2,https://huggingface.co/docs/evaluate/index,unknown,amber,"其他来源 · 待核实"
ai,td-c7,td-c7-s4,"最佳实践与案例研究",1,2026-09-03,低,官方,8,https://huggingface.co/docs/datasets/,unknown,amber,"其他来源 · 待核实"
ai,td-c8,td-c8-s1,"分布式数据加载",1,2026-09-03,低,官方,6,https://www.tensorflow.org/tutorials/distribute/strategy,unknown,amber,"其他来源 · 待核实"
ai,td-c8,td-c8-s2,"多模态数据集",1,2026-09-03,低,官方,7,https://huggingface.co/docs/datasets/loading,unknown,amber,"其他来源 · 待核实"
ai,td-c8,td-c8-s3,"社区与共享",1,2026-09-03,低,官方,7,https://huggingface.co/docs/datasets/upload_dataset,unknown,amber,"其他来源 · 待核实"
ai,ed-c1,ed-c1-s1,"TensorFlow Lite 概述",1,2026-09-03,低,官方,7,https://www.tensorflow.org/lite/guide,unknown,amber,"其他来源 · 待核实"
ai,ed-c1,ed-c1-s2,"TensorFlow Lite 架构与组件",1,2026-09-03,低,官方,6,https://www.tensorflow.org/lite/guide,unknown,amber,"其他来源 · 待核实"
ai,ed-c1,ed-c1-s3,"模型转换与优化基础",1,2026-09-03,低,官方,6,https://www.tensorflow.org/lite/models/convert,unknown,amber,"其他来源 · 待核实"
ai,ed-c1,ed-c1-s4,"开发环境搭建与工具链",1,2026-09-03,低,官方,9,https://www.tensorflow.org/install,unknown,amber,"其他来源 · 待核实"
ai,ed-c2,ed-c2-s1,"Android 平台集成",1,2026-09-03,低,官方,5,https://www.tensorflow.org/lite/android/quickstart,unknown,amber,"其他来源 · 待核实"
ai,ed-c2,ed-c2-s2,"iOS 平台集成",1,2026-09-03,低,官方,5,https://github.com/tensorflow/tensorflow`,unknown,amber,"其他来源 · 待核实"
ai,ed-c2,ed-c2-s3,"Python 与边缘设备推理",1,2026-09-03,低,官方,5,https://www.tensorflow.org/lite/guide/python,unknown,amber,"其他来源 · 待核实"
ai,ed-c2,ed-c2-s4,"硬件加速与委托（Delegate）",1,2026-09-03,低,官方,5,https://www.tensorflow.org/lite/performance/gpu,unknown,amber,"其他来源 · 待核实"
ai,ed-c3,ed-c3-s1,"量化技术详解",1,2026-09-03,低,官方,4,https://www.tensorflow.org/lite/performance/quantization_spec,unknown,amber,"其他来源 · 待核实"
ai,ed-c3,ed-c3-s2,"模型剪枝与蒸馏",1,2026-09-03,低,官方,6,https://www.tensorflow.org/model_optimization/guide/pruning/pruning_with_keras,unknown,amber,"其他来源 · 待核实"
ai,ed-c3,ed-c3-s3,"模型转换与兼容性调试",1,2026-09-03,低,官方,6,https://www.tensorflow.org/lite/models/convert,unknown,amber,"其他来源 · 待核实"
ai,ed-c3,ed-c3-s4,"性能基准测试与调优",1,2026-09-03,低,官方,6,https://www.tensorflow.org/lite/performance/measurement,unknown,amber,"其他来源 · 待核实"
ai,ed-c3,ed-c3-s5,"性能优化与系统集成",1,2026-09-03,低,官方,5,https://coremltools.readthedocs.io/en/latest/model-optimization-guide/quantization.html,unknown,amber,"其他来源 · 待核实"
ai,ed-c4,ed-c4-s1,"Core ML 简介与架构",1,2026-09-03,低,官方,6,https://developer.apple.com/machine-learning/core-ml/,unknown,amber,"其他来源 · 待核实"
ai,ed-c4,ed-c4-s2,"模型转换工具：Core ML Tools",1,2026-09-03,低,官方,6,https://www.tensorflow.org/lite/convert,unknown,amber,"其他来源 · 待核实"
ai,ed-c4,ed-c4-s3,"在 iOS 应用中集成 Core ML",1,2026-09-03,低,官方,5,https://developer.apple.com/documentation/coreml/integrating-a-core-ml-model-into-your-app,unknown,amber,"其他来源 · 待核实"
ai,ed-c4,ed-c4-s4,"性能优化与硬件加速",1,2026-09-03,低,官方,5,https://developer.apple.com/machine-learning/core-ml/,unknown,amber,"其他来源 · 待核实"
ai,ed-c5,ed-c5-s1,"车机系统部署实践",1,2026-09-03,低,官方,8,https://www.tensorflow.org/lite,unknown,amber,"其他来源 · 待核实"
ai,ed-c5,ed-c5-s2,"IoT 设备部署与边缘计算",1,2026-09-03,低,官方,6,https://www.tensorflow.org/lite/microcontrollers,unknown,amber,"其他来源 · 待核实"
ai,ed-c5,ed-c5-s3,"模型生命周期管理",1,2026-09-03,低,官方,7,https://firebase.google.com/docs/ml/use-custom-models,unknown,amber,"其他来源 · 待核实"
ai,ed-c5,ed-c5-s4,"隐私与安全",1,2026-09-03,低,官方,8,https://www.tensorflow.org/lite,unknown,amber,"其他来源 · 待核实"
ai,ed-c5,ed-c5-s5,"前沿趋势与工具生态",1,2026-09-03,低,官方,10,https://onnxruntime.ai/,unknown,amber,"其他来源 · 待核实"
ai,ai-c7,ai-c7-s1,"推理服务优化（batching / KV Cache）",1,2026-08-02,高,官方(可溯源),2,https://onnxruntime.ai/docs/,unknown,amber,"其他来源 · 待核实"
ai,ai-c7,ai-c7-s2,"量化与蒸馏",1,2026-08-02,高,官方(可溯源),2,https://onnxruntime.ai/docs/,unknown,amber,"其他来源 · 待核实"
ai,ai-c7,ai-c7-s3,"成本优化（缓存 / 路由 / Prompt Caching）",1,2026-08-02,高,官方(可溯源),2,https://onnxruntime.ai/docs/,unknown,amber,"其他来源 · 待核实"
ai,ai-c7,ai-c7-s4,"延迟优化与流式输出",1,2026-08-02,高,官方(可溯源),1,https://onnxruntime.ai/docs/,unknown,amber,"其他来源 · 待核实"
ai,ai-c7,ai-c7-s5,"MLOps 与上线运维",1,2026-08-02,高,官方(可溯源),3,https://onnxruntime.ai/docs/,unknown,amber,"其他来源 · 待核实"
ai,al-c1,al-c1-s1,"张量（Tensor）",1,2026-09-02,低,官方,7,https://pytorch.org/docs/stable/generated/torch.tensor.html,unknown,amber,"其他来源 · 待核实"
ai,al-c1,al-c1-s2,"自动微分（Autograd）",1,2026-09-02,低,官方,5,https://pytorch.org/docs/stable/notes/autograd.html,unknown,amber,"其他来源 · 待核实"
ai,al-c1,al-c1-s3,"神经网络模块（nn.Module）",1,2026-09-02,低,官方,7,https://pytorch.org/docs/stable/generated/torch.nn.Module.html,unknown,amber,"其他来源 · 待核实"
ai,al-c1,al-c1-s4,"优化器与损失函数",1,2026-09-02,低,官方,8,https://pytorch.org/docs/stable/optim.html,unknown,amber,"其他来源 · 待核实"
ai,al-c1,al-c1-s5,"数据加载与预处理",1,2026-09-02,低,官方,5,https://pytorch.org/docs/stable/data.html#torch.utils.data.Dataset,unknown,amber,"其他来源 · 待核实"
ai,al-c1,al-c1-s6,"训练循环与验证",1,2026-09-02,低,官方,7,https://pytorch.org/docs/stable/generated/torch.nn.Module.html#torch.nn.Module.train,unknown,amber,"其他来源 · 待核实"
ai,al-c2,al-c2-s1,"自定义 autograd 函数",1,2026-09-02,低,官方,5,https://pytorch.org/docs/stable/autograd.html#torch.autograd.Function,unknown,amber,"其他来源 · 待核实"
ai,al-c2,al-c2-s2,"混合精度训练",1,2026-09-02,低,官方,5,https://pytorch.org/docs/stable/amp.html,unknown,amber,"其他来源 · 待核实"
ai,al-c2,al-c2-s3,"分布式训练",1,2026-09-02,低,官方,3,https://pytorch.org/docs/stable/distributed.html,unknown,amber,"其他来源 · 待核实"
ai,al-c2,al-c2-s4,"TorchScript 与模型部署",1,2026-09-02,低,官方,6,https://pytorch.org/docs/stable/jit.html#torch.jit.trace,unknown,amber,"其他来源 · 待核实"
ai,al-c2,al-c2-s5,"性能优化与调试",1,2026-09-02,低,官方,5,https://pytorch.org/docs/stable/profiler.html,unknown,amber,"其他来源 · 待核实"
ai,al-c5,al-c5-s1,"TensorFlow 核心概念",1,2026-09-02,低,官方,7,https://www.tensorflow.org/api_docs/python/tf/Tensor,unknown,amber,"其他来源 · 待核实"
ai,al-c5,al-c5-s2,"Keras 模型构建",1,2026-09-02,低,官方,5,https://www.tensorflow.org/guide/keras/sequential_model,unknown,amber,"其他来源 · 待核实"
ai,al-c5,al-c5-s3,"数据输入管道（tf.data）",1,2026-09-02,低,官方,4,https://www.tensorflow.org/api_docs/python/tf/data/Dataset,unknown,amber,"其他来源 · 待核实"
ai,al-c5,al-c5-s4,"模型训练与评估",1,2026-09-02,低,官方,7,https://www.tensorflow.org/api_docs/python/tf/keras/Model#fit,unknown,amber,"其他来源 · 待核实"
ai,al-c5,al-c5-s5,"卷积神经网络（CNN）",1,2026-09-02,低,官方,5,https://www.tensorflow.org/api_docs/python/tf/keras/layers/Conv2D,unknown,amber,"其他来源 · 待核实"
ai,al-c5,al-c5-s6,"循环神经网络（RNN）",1,2026-09-02,低,官方,6,https://www.tensorflow.org/api_docs/python/tf/keras/layers/SimpleRNN,unknown,amber,"其他来源 · 待核实"
ai,al-c6,al-c6-s1,"自定义模型与训练",1,2026-09-02,低,官方,5,https://www.tensorflow.org/guide/keras/custom_layers_and_models,unknown,amber,"其他来源 · 待核实"
ai,al-c6,al-c6-s2,"分布式训练",1,2026-09-02,低,官方,6,https://www.tensorflow.org/api_docs/python/tf/distribute/MirroredStrategy,unknown,amber,"其他来源 · 待核实"
ai,al-c6,al-c6-s3,"模型部署与 Serving",1,2026-09-02,低,官方,5,https://www.tensorflow.org/guide/saved_model,unknown,amber,"其他来源 · 待核实"
ai,al-c6,al-c6-s4,"TensorFlow Extended (TFX)",1,2026-09-02,低,官方,7,https://www.tensorflow.org/tfx/guide,unknown,amber,"其他来源 · 待核实"
ai,al-c6,al-c6-s5,"性能优化与调试",1,2026-09-02,低,官方,5,https://www.tensorflow.org/guide/profiler,unknown,amber,"其他来源 · 待核实"
ai,al-c7,al-c7-s1,"图像分类实战",1,2026-09-02,低,官方,7,https://pytorch.org/vision/stable/datasets.html,unknown,amber,"其他来源 · 待核实"
ai,al-c7,al-c7-s2,"目标检测",1,2026-09-02,低,官方,7,https://pytorch.org/vision/stable/ops.html,unknown,amber,"其他来源 · 待核实"
ai,al-c7,al-c7-s3,"图像分割",1,2026-09-02,低,官方,7,https://pytorch.org/vision/stable/models.html#segmentation,unknown,amber,"其他来源 · 待核实"
ai,al-c7,al-c7-s4,"图像生成与 GAN",1,2026-09-02,低,官方,5,https://pytorch.org/docs/stable/nn.html#loss-functions,unknown,amber,"其他来源 · 待核实"
ai,al-c7,al-c7-s5,"视频理解",1,2026-09-02,低,官方,3,https://pytorch.org/vision/stable/generated/torchvision.io.read_video.html,unknown,amber,"其他来源 · 待核实"
ai,al-c1n,al-c1n-s1,"张量（Tensor）",1,2026-09-02,低,官方,7,https://pytorch.org/docs/stable/generated/torch.tensor.html,unknown,amber,"其他来源 · 待核实"
ai,al-c1n,al-c1n-s2,"自动微分（Autograd）",1,2026-09-02,低,官方,5,https://pytorch.org/docs/stable/notes/autograd.html,unknown,amber,"其他来源 · 待核实"
ai,al-c1n,al-c1n-s3,"神经网络模块（nn.Module）",1,2026-09-02,低,官方,7,https://pytorch.org/docs/stable/generated/torch.nn.Module.html,unknown,amber,"其他来源 · 待核实"
ai,al-c1n,al-c1n-s4,"优化器与损失函数",1,2026-09-02,低,官方,8,https://pytorch.org/docs/stable/optim.html,unknown,amber,"其他来源 · 待核实"
ai,al-c1n,al-c1n-s5,"数据加载与预处理",1,2026-09-02,低,官方,5,https://pytorch.org/docs/stable/data.html#torch.utils.data.Dataset,unknown,amber,"其他来源 · 待核实"
ai,al-c1n,al-c1n-s6,"训练循环与验证",1,2026-09-02,低,官方,7,https://pytorch.org/docs/stable/generated/torch.nn.Module.html#torch.nn.Module.train,unknown,amber,"其他来源 · 待核实"
ai,al-c2n,al-c2n-s1,"自定义 autograd 函数",1,2026-09-02,低,官方,5,https://pytorch.org/docs/stable/autograd.html#torch.autograd.Function,unknown,amber,"其他来源 · 待核实"
ai,al-c2n,al-c2n-s2,"混合精度训练",1,2026-09-02,低,官方,5,https://pytorch.org/docs/stable/amp.html,unknown,amber,"其他来源 · 待核实"
ai,al-c2n,al-c2n-s3,"分布式训练",1,2026-09-02,低,官方,3,https://pytorch.org/docs/stable/distributed.html,unknown,amber,"其他来源 · 待核实"
ai,al-c2n,al-c2n-s4,"TorchScript 与模型部署",1,2026-09-02,低,官方,6,https://pytorch.org/docs/stable/jit.html#torch.jit.trace,unknown,amber,"其他来源 · 待核实"
ai,al-c2n,al-c2n-s5,"性能优化与调试",1,2026-09-02,低,官方,5,https://pytorch.org/docs/stable/profiler.html,unknown,amber,"其他来源 · 待核实"
ai,al-c5n,al-c5n-s1,"TensorFlow 核心概念",1,2026-09-02,低,官方,7,https://www.tensorflow.org/api_docs/python/tf/Tensor,unknown,amber,"其他来源 · 待核实"
ai,al-c5n,al-c5n-s2,"Keras 模型构建",1,2026-09-02,低,官方,5,https://www.tensorflow.org/guide/keras/sequential_model,unknown,amber,"其他来源 · 待核实"
ai,al-c5n,al-c5n-s3,"数据输入管道（tf.data）",1,2026-09-02,低,官方,4,https://www.tensorflow.org/api_docs/python/tf/data/Dataset,unknown,amber,"其他来源 · 待核实"
ai,al-c5n,al-c5n-s4,"模型训练与评估",1,2026-09-02,低,官方,7,https://www.tensorflow.org/api_docs/python/tf/keras/Model#fit,unknown,amber,"其他来源 · 待核实"
ai,al-c5n,al-c5n-s5,"卷积神经网络（CNN）",1,2026-09-02,低,官方,5,https://www.tensorflow.org/api_docs/python/tf/keras/layers/Conv2D,unknown,amber,"其他来源 · 待核实"
ai,al-c5n,al-c5n-s6,"循环神经网络（RNN）",1,2026-09-02,低,官方,6,https://www.tensorflow.org/api_docs/python/tf/keras/layers/SimpleRNN,unknown,amber,"其他来源 · 待核实"
ai,al-c6n,al-c6n-s1,"自定义模型与训练",1,2026-09-02,低,官方,5,https://www.tensorflow.org/guide/keras/custom_layers_and_models,unknown,amber,"其他来源 · 待核实"
ai,al-c6n,al-c6n-s2,"分布式训练",1,2026-09-02,低,官方,6,https://www.tensorflow.org/api_docs/python/tf/distribute/MirroredStrategy,unknown,amber,"其他来源 · 待核实"
ai,al-c6n,al-c6n-s3,"模型部署与 Serving",1,2026-09-02,低,官方,5,https://www.tensorflow.org/guide/saved_model,unknown,amber,"其他来源 · 待核实"
ai,al-c6n,al-c6n-s4,"TensorFlow Extended (TFX)",1,2026-09-02,低,官方,7,https://www.tensorflow.org/tfx/guide,unknown,amber,"其他来源 · 待核实"
ai,al-c6n,al-c6n-s5,"性能优化与调试",1,2026-09-02,低,官方,5,https://www.tensorflow.org/guide/profiler,unknown,amber,"其他来源 · 待核实"
ai,al-c8,al-c8-s1,"文本分类",1,2026-09-02,低,官方,6,https://pytorch.org/text/stable/,unknown,amber,"其他来源 · 待核实"
ai,al-c8,al-c8-s2,"序列标注",1,2026-09-02,低,官方,8,https://www.tensorflow.org/text/tutorials/text_classification,unknown,amber,"其他来源 · 待核实"
ai,al-c8,al-c8-s3,"机器翻译",1,2026-09-02,低,官方,6,https://pytorch.org/tutorials/intermediate/seq2seq_translation_tutorial.html,unknown,amber,"其他来源 · 待核实"
ai,al-c8,al-c8-s4,"语言模型与文本生成",1,2026-09-02,低,官方,5,https://scikit-learn.org/stable/modules/feature_extraction.html#text-feature-extraction,unknown,amber,"其他来源 · 待核实"
ai,al-c8,al-c8-s5,"问答系统",1,2026-09-02,低,官方,6,https://rajpurkar.github.io/SQuAD-explorer/,unknown,amber,"其他来源 · 待核实"
ai,al-c3,al-c3-s1,"估计器（Estimator）API",1,2026-09-02,低,官方,3,https://scikit-learn.org/stable/developers/develop.html,unknown,amber,"其他来源 · 待核实"
ai,al-c3,al-c3-s2,"数据预处理",1,2026-09-02,低,官方,6,https://scikit-learn.org/stable/modules/generated/sklearn.preprocessing.StandardScaler.html,unknown,amber,"其他来源 · 待核实"
ai,al-c3,al-c3-s3,"数据集划分与交叉验证",1,2026-09-02,低,官方,6,https://scikit-learn.org/stable/modules/generated/sklearn.model_selection.train_test_split.html,unknown,amber,"其他来源 · 待核实"
ai,al-c3,al-c3-s4,"监督学习：分类与回归",1,2026-09-02,低,官方,8,https://scikit-learn.org/stable/modules/generated/sklearn.linear_model.LinearRegression.html,unknown,amber,"其他来源 · 待核实"
ai,al-c3,al-c3-s5,"模型评估与选择",1,2026-09-02,低,官方,6,https://scikit-learn.org/stable/modules/model_evaluation.html,unknown,amber,"其他来源 · 待核实"
ai,al-c3,al-c3-s6,"无监督学习",1,2026-09-02,低,官方,5,https://scikit-learn.org/stable/modules/clustering.html#k-means,unknown,amber,"其他来源 · 待核实"
ai,al-c4,al-c4-s1,"管道（Pipeline）",1,2026-09-02,低,官方,5,https://scikit-learn.org/stable/modules/generated/sklearn.pipeline.Pipeline.html,unknown,amber,"其他来源 · 待核实"
ai,al-c4,al-c4-s2,"特征选择与提取",1,2026-09-02,低,官方,6,https://scikit-learn.org/stable/modules/generated/sklearn.feature_selection.VarianceThreshold.html,unknown,amber,"其他来源 · 待核实"
ai,al-c4,al-c4-s3,"模型集成",1,2026-09-02,低,官方,6,https://scikit-learn.org/stable/modules/generated/sklearn.ensemble.RandomForestClassifier.html,unknown,amber,"其他来源 · 待核实"
ai,al-c4,al-c4-s4,"模型解释与可解释性",1,2026-09-02,低,官方,6,https://scikit-learn.org/stable/modules/generated/sklearn.inspection.permutation_importance.html,unknown,amber,"其他来源 · 待核实"
ai,al-c4,al-c4-s5,"文本与分类数据处理",1,2026-09-02,低,官方,5,https://scikit-learn.org/stable/modules/feature_extraction.html#text-feature-extraction,unknown,amber,"其他来源 · 待核实"
ai,al-c1r,al-c1r-s1,"张量（Tensor）",1,2026-09-02,低,官方,7,https://pytorch.org/docs/stable/generated/torch.tensor.html,unknown,amber,"其他来源 · 待核实"
ai,al-c1r,al-c1r-s2,"自动微分（Autograd）",1,2026-09-02,低,官方,5,https://pytorch.org/docs/stable/notes/autograd.html,unknown,amber,"其他来源 · 待核实"
ai,al-c1r,al-c1r-s3,"神经网络模块（nn.Module）",1,2026-09-02,低,官方,7,https://pytorch.org/docs/stable/generated/torch.nn.Module.html,unknown,amber,"其他来源 · 待核实"
ai,al-c1r,al-c1r-s4,"优化器与损失函数",1,2026-09-02,低,官方,8,https://pytorch.org/docs/stable/optim.html,unknown,amber,"其他来源 · 待核实"
ai,al-c1r,al-c1r-s5,"数据加载与预处理",1,2026-09-02,低,官方,5,https://pytorch.org/docs/stable/data.html#torch.utils.data.Dataset,unknown,amber,"其他来源 · 待核实"
ai,al-c1r,al-c1r-s6,"训练循环与验证",1,2026-09-02,低,官方,7,https://pytorch.org/docs/stable/generated/torch.nn.Module.html#torch.nn.Module.train,unknown,amber,"其他来源 · 待核实"
ai,al-c9,al-c9-s1,"推荐系统基础",1,2026-09-02,低,官方,6,https://scikit-learn.org/stable/modules/decomposition.html#nmf,unknown,amber,"其他来源 · 待核实"
ai,al-c9,al-c9-s2,"传统协同过滤",1,2026-09-02,低,官方,3,https://scikit-learn.org/stable/modules/generated/sklearn.metrics.pairwise.cosine_similarity.html,unknown,amber,"其他来源 · 待核实"
ai,al-c9,al-c9-s3,"基于内容的推荐",1,2026-09-02,低,官方,4,https://scikit-learn.org/stable/modules/generated/sklearn.feature_extraction.text.TfidfVectorizer.html,unknown,amber,"其他来源 · 待核实"
ai,al-c9,al-c9-s4,"深度学习推荐模型",1,2026-09-02,低,官方,3,https://www.tensorflow.org/learn,unknown,amber,"其他来源 · 待核实"
ai,al-c9,al-c9-s5,"序列推荐",1,2026-09-02,低,官方,4,https://www.tensorflow.org/recommenders,unknown,amber,"其他来源 · 待核实"
ai,al-c9,al-c9-s6,"推荐系统实战与部署",1,2026-09-02,低,官方,7,https://scikit-learn.org/stable/modules/neighbors.html,unknown,amber,"其他来源 · 待核实"
ai,agt-c1,agt-c1-s1,"智能体定义与运行循环",1,2026-09-06,低,官方,6,https://openai.github.io/openai-agents-python/,unknown,amber,"其他来源 · 待核实"
ai,agt-c1,agt-c1-s2,"工具定义与注册",1,2026-09-06,低,官方,2,https://openai.github.io/openai-agents-python/,unknown,amber,"其他来源 · 待核实"
ai,agt-c1,agt-c1-s3,"工具调用机制",1,2026-09-06,低,官方,6,https://openai.github.io/openai-agents-python/tools/,unknown,amber,"其他来源 · 待核实"
ai,agt-c2,agt-c2-s1,"上下文窗口与消息历史",1,2026-09-06,低,官方,6,https://langchain-ai.github.io/langgraph/concepts/agentic_concepts/#messages,unknown,amber,"其他来源 · 待核实"
ai,agt-c2,agt-c2-s2,"短期记忆与长期记忆",1,2026-09-06,低,官方,5,https://openai.github.io/openai-agents-python/,unknown,amber,"其他来源 · 待核实"
ai,agt-c2,agt-c2-s3,"状态管理与持久化",1,2026-09-06,低,官方,5,https://langchain-ai.github.io/langgraph/reference/graphs/#langgraph.graph.state.StateGraph,unknown,amber,"其他来源 · 待核实"
ai,agt-c3,agt-c3-s1,"顺序工作流",1,2026-09-06,低,官方,4,https://langchain-ai.github.io/langgraph/#stages,unknown,amber,"其他来源 · 待核实"
ai,agt-c3,agt-c3-s2,"条件分支与循环",1,2026-09-06,低,官方,5,https://langchain-ai.github.io/langgraph/concepts/conditional_edges/,unknown,amber,"其他来源 · 待核实"
ai,agt-c3,agt-c3-s3,"并行执行与扇出",1,2026-09-06,低,官方,4,https://langchain-ai.github.io/langgraph/how-tos/send-dynamic-value/,unknown,amber,"其他来源 · 待核实"
ai,agt-c4,agt-c4-s1,"多智能体架构概览",1,2026-09-06,低,官方,6,https://openai.github.io/openai-agents-python/handoffs/,unknown,amber,"其他来源 · 待核实"
ai,agt-c4,agt-c4-s2,"工作流协作模式",1,2026-09-06,低,官方,6,https://langchain-ai.github.io/langgraph/how-tos/route-between-dialogs/,unknown,amber,"其他来源 · 待核实"
ai,agt-c4,agt-c4-s3,"对话式协作模式",1,2026-09-06,低,官方,5,https://langchain-ai.github.io/langgraph/concepts/multi_agent/#network,unknown,amber,"其他来源 · 待核实"
ai,agt-c5,agt-c5-s1,"结构化输出与工具参数",1,2026-09-06,低,官方,5,https://docs.pydantic.dev/,unknown,amber,"其他来源 · 待核实"
ai,agt-c5,agt-c5-s2,"动态工具集与工具选择",1,2026-09-06,低,官方,4,https://openai.github.io/openai-agents-python/,unknown,amber,"其他来源 · 待核实"
ai,agt-c5,agt-c5-s3,"外部API与Web服务集成",1,2026-09-06,低,官方,8,https://openai.github.io/openai-agents-python/,unknown,amber,"其他来源 · 待核实"
ai,agt-c6,agt-c6-s1,"提示注入防护",1,2026-09-06,低,官方,4,https://docs.anthropic.com/en/docs/agents-and-tools/agent-sdks/overview,unknown,amber,"其他来源 · 待核实"
ai,agt-c6,agt-c6-s2,"权限与访问控制",1,2026-09-06,低,官方,4,https://openai.github.io/openai-agents-python/,unknown,amber,"其他来源 · 待核实"
ai,agt-c6,agt-c6-s3,"数据隐私与合规",1,2026-09-06,低,官方,4,https://docs.anthropic.com/en/docs/agents-and-tools/agent-sdks/overview,unknown,amber,"其他来源 · 待核实"
ai,agr-c1,agr-c1-s1,"RAG 概念与动机",1,2026-09-06,低,官方,7,https://python.langchain.com/docs/tutorials/rag/,unknown,amber,"其他来源 · 待核实"
ai,agr-c1,agr-c1-s2,"RAG 系统架构",1,2026-09-06,低,官方,4,https://python.langchain.com/docs/tutorials/rag/,unknown,amber,"其他来源 · 待核实"
ai,agr-c1,agr-c1-s3,"LangChain 与 LlamaIndex 概览",1,2026-09-06,低,官方,4,https://python.langchain.com/docs/tutorials/rag/,unknown,amber,"其他来源 · 待核实"
ai,agr-c1,agr-c1-s4,"第一个 RAG 应用",1,2026-09-06,低,官方,5,https://python.langchain.com/docs/tutorials/rag/,unknown,amber,"其他来源 · 待核实"
ai,agr-c2,agr-c2-s1,"文档加载器",1,2026-09-06,低,官方,4,https://python.langchain.com/docs/concepts/document_loaders/,unknown,amber,"其他来源 · 待核实"
ai,agr-c2,agr-c2-s2,"文本清洗与规范化",1,2026-09-06,低,官方,2,https://python.langchain.com/docs/tutorials/rag/#document-loading,unknown,amber,"其他来源 · 待核实"
ai,agr-c2,agr-c2-s3,"文本切分策略",1,2026-09-06,低,官方,6,https://python.langchain.com/docs/tutorials/rag/,unknown,amber,"其他来源 · 待核实"
ai,agr-c2,agr-c2-s4,"元数据管理",1,2026-09-06,低,官方,4,https://python.langchain.com/docs/tutorials/rag/,unknown,amber,"其他来源 · 待核实"
ai,agr-c3,agr-c3-s1,"嵌入模型基础",1,2026-09-06,低,官方,4,https://python.langchain.com/docs/tutorials/rag/,unknown,amber,"其他来源 · 待核实"
ai,agr-c3,agr-c3-s2,"常用嵌入模型",1,2026-09-06,低,官方,6,https://platform.openai.com/docs/guides/embeddings,unknown,amber,"OpenAI Docs · 待核实"
ai,agr-c3,agr-c3-s3,"嵌入生成与缓存",1,2026-09-06,低,官方,4,https://python.langchain.com/docs/tutorials/rag/,unknown,amber,"其他来源 · 待核实"
ai,agr-c3,agr-c3-s4,"向量质量评估",1,2026-09-06,低,官方,6,https://python.langchain.com/docs/tutorials/rag/,unknown,amber,"其他来源 · 待核实"
ai,agr-c4,agr-c4-s1,"向量数据库概览",1,2026-09-06,低,官方,8,https://python.langchain.com/docs/tutorials/rag/,unknown,amber,"其他来源 · 待核实"
ai,agr-c4,agr-c4-s2,"索引构建与配置",1,2026-09-06,低,官方,7,https://python.langchain.com/docs/tutorials/rag/,unknown,amber,"其他来源 · 待核实"
ai,agr-c4,agr-c4-s3,"向量检索操作",1,2026-09-06,低,官方,4,https://python.langchain.com/docs/tutorials/rag/,unknown,amber,"其他来源 · 待核实"
ai,agr-c4,agr-c4-s4,"混合检索与过滤",1,2026-09-06,低,官方,4,https://python.langchain.com/docs/tutorials/rag/,unknown,amber,"其他来源 · 待核实"
ai,agr-c5,agr-c5-s1,"检索器接口与类型",1,2026-09-06,低,官方,5,https://python.langchain.com/docs/how_to/retrievers/,unknown,amber,"其他来源 · 待核实"
ai,agr-c5,agr-c5-s2,"相似度检索与最大边际相关性",1,2026-09-06,低,官方,4,https://python.langchain.com/docs/tutorials/rag/,unknown,amber,"其他来源 · 待核实"
ai,agr-c5,agr-c5-s3,"上下文压缩与重排序",1,2026-09-06,低,官方,6,https://python.langchain.com/docs/tutorials/rag/,unknown,amber,"其他来源 · 待核实"
ai,agr-c5,agr-c5-s4,"查询转换与多查询检索",1,2026-09-06,低,官方,4,https://python.langchain.com/docs/tutorials/rag/,unknown,amber,"其他来源 · 待核实"
ai,agr-c5,agr-c5-s5,"递归检索与文档层次结构",1,2026-09-06,低,官方,4,https://python.langchain.com/docs/tutorials/rag/,unknown,amber,"其他来源 · 待核实"
ai,agr-c6,agr-c6-s1,"LlamaIndex 索引类型",1,2026-09-06,低,官方,5,https://docs.llamaindex.ai/en/stable/understanding/indexing/indexing/,unknown,amber,"其他来源 · 待核实"
ai,agr-c6,agr-c6-s2,"查询引擎与响应合成",1,2026-09-06,低,官方,5,https://docs.llamaindex.ai/en/stable/understanding/querying/querying/,unknown,amber,"其他来源 · 待核实"
ai,agr-c6,agr-c6-s3,"LangChain 检索链",1,2026-09-06,低,官方,5,https://python.langchain.com/docs/tutorials/rag/,unknown,amber,"其他来源 · 待核实"
ai,agr-c6,agr-c6-s4,"查询规划与多步推理",1,2026-09-06,低,官方,5,https://docs.llamaindex.ai/en/stable/examples/query_engine/RouterQueryEngine/,unknown,amber,"其他来源 · 待核实"
ai,agp-c1,agp-c1-s1,"什么是提示工程",1,2026-09-06,低,官方,5,https://platform.openai.com/docs/guides/prompt-engineering,unknown,amber,"OpenAI Docs · 待核实"
ai,agp-c1,agp-c1-s2,"提示工程的应用场景",1,2026-09-06,低,官方,4,https://docs.anthropic.com/en/docs/build-with-claude/prompt-engineering/overview,unknown,amber,"其他来源 · 待核实"
ai,agp-c1,agp-c1-s3,"提示工程的核心原则",1,2026-09-06,低,官方,2,https://platform.openai.com/docs/guides/prompt-engineering,unknown,amber,"OpenAI Docs · 待核实"
ai,agp-c2,agp-c2-s1,"明确指令",1,2026-09-06,低,官方,5,https://docs.anthropic.com/en/docs/build-with-claude/prompt-engineering/overview,unknown,amber,"其他来源 · 待核实"
ai,agp-c2,agp-c2-s2,"提供示例（Few-shot）",1,2026-09-06,低,官方,4,https://platform.openai.com/docs/guides/prompt-engineering,unknown,amber,"OpenAI Docs · 待核实"
ai,agp-c2,agp-c2-s3,"角色设定",1,2026-09-06,低,官方,2,https://platform.openai.com/docs/guides/prompt-engineering,unknown,amber,"OpenAI Docs · 待核实"
ai,agp-c2,agp-c2-s4,"分隔符与结构化提示",1,2026-09-06,低,官方,2,https://platform.openai.com/docs/guides/prompt-engineering,unknown,amber,"OpenAI Docs · 待核实"
ai,agp-c3,agp-c3-s1,"思维链（Chain-of-Thought）",1,2026-09-06,低,官方,5,https://platform.openai.com/docs/guides/prompt-engineering,unknown,amber,"OpenAI Docs · 待核实"
ai,agp-c3,agp-c3-s2,"自我一致性（Self-Consistency）",1,2026-09-06,低,官方,2,https://docs.anthropic.com/en/docs/build-with-claude/prompt-engineering/overview,unknown,amber,"其他来源 · 待核实"
ai,agp-c3,agp-c3-s3,"反思与自我修正",1,2026-09-06,低,官方,4,https://docs.anthropic.com/en/docs/build-with-claude/prompt-engineering/overview,unknown,amber,"其他来源 · 待核实"
ai,agp-c3,agp-c3-s4,"分解复杂任务",1,2026-09-06,低,官方,4,https://docs.anthropic.com/en/docs/build-with-claude/prompt-engineering/overview,unknown,amber,"其他来源 · 待核实"
ai,agp-c4,agp-c4-s1,"JSON输出",1,2026-09-06,低,官方,4,https://platform.openai.com/docs/guides/prompt-engineering/strategy-ask-for-structured-output,unknown,amber,"OpenAI Docs · 待核实"
ai,agp-c4,agp-c4-s2,"表格与列表输出",1,2026-09-06,低,官方,4,https://platform.openai.com/docs/guides/prompt-engineering,unknown,amber,"OpenAI Docs · 待核实"
ai,agp-c4,agp-c4-s3,"代码与函数签名输出",1,2026-09-06,低,官方,2,https://platform.openai.com/docs/guides/prompt-engineering,unknown,amber,"OpenAI Docs · 待核实"
ai,agp-c4,agp-c4-s4,"约束输出范围",1,2026-09-06,低,官方,4,https://platform.openai.com/docs/guides/prompt-engineering,unknown,amber,"OpenAI Docs · 待核实"
ai,agp-c5,agp-c5-s1,"内容过滤与安全",1,2026-09-06,低,官方,4,https://docs.anthropic.com/en/docs/build-with-claude/prompt-engineering/overview,unknown,amber,"其他来源 · 待核实"
ai,agp-c5,agp-c5-s2,"防止提示注入",1,2026-09-06,低,官方,3,https://docs.anthropic.com/en/docs/build-with-claude/prompt-engineering/overview,unknown,amber,"其他来源 · 待核实"
ai,agp-c5,agp-c5-s3,"处理敏感信息",1,2026-09-06,低,官方,3,https://platform.openai.com/docs/guides/prompt-engineering,unknown,amber,"OpenAI Docs · 待核实"
ai,agp-c5,agp-c5-s4,"输出合规性检查",1,2026-09-06,低,官方,4,https://platform.openai.com/docs/guides/prompt-engineering/strategy-write-clear-instructions,unknown,amber,"OpenAI Docs · 待核实"
ai,agp-c6,agp-c6-s1,"评测指标",1,2026-09-06,低,官方,6,https://docs.anthropic.com/en/docs/build-with-claude/prompt-engineering/overview,unknown,amber,"其他来源 · 待核实"
ai,agp-c6,agp-c6-s2,"测试集构建",1,2026-09-06,低,官方,4,https://platform.openai.com/docs/guides/prompt-engineering#strategy-test-changes-systematically,unknown,amber,"OpenAI Docs · 待核实"
ai,agp-c6,agp-c6-s3,"A/B测试与对比",1,2026-09-06,低,官方,3,https://platform.openai.com/docs/guides/prompt-engineering,unknown,amber,"OpenAI Docs · 待核实"
ai,agp-c6,agp-c6-s4,"迭代优化流程",1,2026-09-06,低,官方,3,https://docs.anthropic.com/en/docs/build-with-claude/prompt-engineering/overview,unknown,amber,"其他来源 · 待核实"
ai,lle-c1,lle-c1-s1,"RAGAS 简介与安装",1,2026-09-06,低,官方,5,https://docs.ragas.io/,unknown,amber,"其他来源 · 待核实"
ai,lle-c1,lle-c1-s2,"评估指标概览",1,2026-09-06,低,官方,8,https://docs.ragas.io/en/stable/concepts/metrics/available_metrics/faithfulness/,unknown,amber,"其他来源 · 待核实"
ai,lle-c1,lle-c1-s3,"数据集准备与格式",1,2026-09-06,低,官方,5,https://docs.ragas.io/en/stable/getstarted/rag_eval/,unknown,amber,"其他来源 · 待核实"
ai,lle-c2,lle-c2-s1,"忠实度 (Faithfulness)",1,2026-09-06,低,官方,4,https://docs.ragas.io/en/stable/concepts/metrics/available_metrics/faithfulness/,unknown,amber,"其他来源 · 待核实"
ai,lle-c2,lle-c2-s2,"答案相关性 (Answer Relevance)",1,2026-09-06,低,官方,3,https://docs.ragas.io/en/stable/concepts/metrics/answer_relevance.html,unknown,amber,"其他来源 · 待核实"
ai,lle-c2,lle-c2-s3,"上下文相关性 (Context Relevance)",1,2026-09-06,低,官方,4,https://docs.ragas.io/en/stable/concepts/metrics/available_metrics/context_relevance/,unknown,amber,"其他来源 · 待核实"
ai,lle-c2,lle-c2-s4,"其他指标与自定义",1,2026-09-06,低,官方,4,https://docs.ragas.io/en/stable/concepts/metrics/available_metrics/,unknown,amber,"其他来源 · 待核实"
ai,lle-c3,lle-c3-s1,"构建评估流水线",1,2026-09-06,低,官方,5,https://docs.ragas.io/en/stable/references/evaluate/,unknown,amber,"其他来源 · 待核实"
ai,lle-c3,lle-c3-s2,"与 LangChain 集成",1,2026-09-06,低,官方,5,https://docs.ragas.io/en/stable/concepts/metrics/available_metrics/,unknown,amber,"其他来源 · 待核实"
ai,lle-c3,lle-c3-s3,"结果可视化与报告",1,2026-09-06,低,官方,3,https://docs.ragas.io/en/stable/howtos/applications/data_analysis/,unknown,amber,"其他来源 · 待核实"
ai,lle-c4,lle-c4-s1,"LangChain 评估概览",1,2026-09-06,低,官方,5,https://python.langchain.com/docs/guides/evaluation/,unknown,amber,"其他来源 · 待核实"
ai,lle-c4,lle-c4-s2,"字符串评估器 (String Evaluators)",1,2026-09-06,低,官方,4,https://python.langchain.com/docs/guides/evaluation/string/,unknown,amber,"其他来源 · 待核实"
ai,lle-c4,lle-c4-s3,"轨迹评估器 (Trajectory Evaluators)",1,2026-09-06,低,官方,2,https://python.langchain.com/docs/guides/evaluation/,unknown,amber,"其他来源 · 待核实"
ai,lle-c4,lle-c4-s4,"评估数据集与基准",1,2026-09-06,低,官方,5,https://docs.langchain.com/langsmith/evaluation/datasets,unknown,amber,"其他来源 · 待核实"
ai,lle-c5,lle-c5-s1,"LLM-as-judge 原理",1,2026-09-06,低,官方,4,https://docs.ragas.io/en/stable/concepts/metrics/available_metrics/,unknown,amber,"其他来源 · 待核实"
ai,lle-c5,lle-c5-s2,"使用 LangChain 实现 LLM 裁判",1,2026-09-06,低,官方,6,https://python.langchain.com/docs/guides/evaluation/,unknown,amber,"其他来源 · 待核实"
ai,lle-c5,lle-c5-s3,"设计有效的评估提示",1,2026-09-06,低,官方,4,https://docs.ragas.io/en/stable/concepts/metrics/,unknown,amber,"其他来源 · 待核实"
ai,lle-c5,lle-c5-s4,"处理裁判偏差与校准",1,2026-09-06,低,官方,5,https://docs.ragas.io/en/stable/concepts/metrics/available_metrics/llm_as_a_judge/,unknown,amber,"其他来源 · 待核实"
ai,lle-c6,lle-c6-s1,"追踪基础概念",1,2026-09-06,低,官方,5,https://python.langchain.com/docs/guides/evaluation/,unknown,amber,"其他来源 · 待核实"
ai,lle-c6,lle-c6-s2,"LangSmith 集成",1,2026-09-06,低,官方,4,https://docs.smith.langchain.com/observability/quickstart,unknown,amber,"其他来源 · 待核实"
ai,lle-c6,lle-c6-s3,"追踪数据用于评估",1,2026-09-06,低,官方,4,https://docs.langchain.com/oss/python/langsmith/tracing,unknown,amber,"其他来源 · 待核实"
ai,lle-c6,lle-c6-s4,"生产环境监控与持续评估",1,2026-09-06,低,官方,5,https://docs.ragas.io/en/stable/howtos/applications/online_eval/,unknown,amber,"其他来源 · 待核实"
ai,inf-c5,inf-c5-s1,"PyTorch / TensorFlow 模型导出为 ONNX",1,2026-09-09,低,官方,5,https://pytorch.org/docs/stable/onnx.html#torch.onnx.export,unknown,amber,"其他来源 · 待核实"
ai,inf-c5,inf-c5-s2,"ONNX Runtime 跨平台推理",1,2026-09-09,低,官方,5,https://onnxruntime.ai/docs/api/python/api_summary.html,unknown,amber,"其他来源 · 待核实"
ai,inf-c5,inf-c5-s3,"ONNX 图优化与量化",1,2026-09-09,低,官方,6,https://onnxruntime.ai/docs/performance/tuning.html,unknown,amber,"其他来源 · 待核实"
ai,inf-c5,inf-c5-s4,"跨引擎部署实战与选型",1,2026-09-09,低,官方,7,https://docs.vllm.ai/en/latest/models/adding_model.html,unknown,amber,"其他来源 · 待核实"
ai,ed-c6,ed-c6-s1,"端侧大模型推理框架概览",1,2026-09-09,低,官方,10,https://github.com/ggerganov/llama.cpp,unknown,amber,"其他来源 · 待核实"
ai,ed-c6,ed-c6-s2,"低比特量化与 4-bit 部署",1,2026-09-09,低,官方,4,https://github.com/ggml-org/llama.cpp/blob/master/gguf-py/README.md,unknown,amber,"其他来源 · 待核实"
ai,ed-c6,ed-c6-s3,"移动端集成与流式推理管线",1,2026-09-09,低,官方,5,https://github.com/ggerganov/llama.cpp/tree/master/examples/llama.android,unknown,amber,"其他来源 · 待核实"
ai,ed-c6,ed-c6-s4,"端侧多模态与轻量 Agent",1,2026-09-09,低,官方,10,https://www.tensorflow.org/lite/performance/gpu,unknown,amber,"其他来源 · 待核实"